latitude,longitude,elevation,utc_offset_seconds,timezone,timezone_abbreviation
21.476273,39.16241,7.0,10800,Asia/Riyadh,GMT+3

time,temperature_2m (°C),relative_humidity_2m (%),shortwave_radiation (W/m²),direct_normal_irradiance (W/m²),diffuse_radiation (W/m²),wind_speed_10m (m/s)
2024-01-01T00:00,20.3,66,0.0,0.0,0.0,4.17
2024-01-01T01:00,19.9,69,0.0,0.0,0.0,4.08
2024-01-01T02:00,19.7,63,0.0,0.0,0.0,4.34
2024-01-01T03:00,19.6,60,0.0,0.0,0.0,4.53
2024-01-01T04:00,20.4,61,0.0,0.0,0.0,3.53
2024-01-01T05:00,20.2,61,0.0,0.0,0.0,3.49
2024-01-01T06:00,19.9,63,0.0,0.0,0.0,3.79
2024-01-01T07:00,19.4,66,0.0,0.0,0.0,3.73
2024-01-01T08:00,20.7,62,49.0,156.9,30.0,3.32
2024-01-01T09:00,23.6,50,222.0,461.0,86.0,3.41
2024-01-01T10:00,26.0,42,413.0,634.3,115.0,4.30
2024-01-01T11:00,27.8,38,568.0,723.3,132.0,4.88
2024-01-01T12:00,29.0,36,666.0,766.4,141.0,4.92
2024-01-01T13:00,29.6,36,697.0,778.0,144.0,5.14
2024-01-01T14:00,29.5,40,656.0,762.0,139.0,6.15
2024-01-01T15:00,28.9,45,550.0,709.9,131.0,7.14
2024-01-01T16:00,27.9,52,386.0,599.6,115.0,7.39
2024-01-01T17:00,27.2,55,197.0,424.6,81.0,7.07
2024-01-01T18:00,26.5,58,36.0,109.9,24.0,6.17
2024-01-01T19:00,26.1,59,0.0,0.0,0.0,5.91
2024-01-01T20:00,25.6,61,0.0,0.0,0.0,5.20
2024-01-01T21:00,25.0,63,0.0,0.0,0.0,4.73
2024-01-01T22:00,24.3,66,0.0,0.0,0.0,4.20
2024-01-01T23:00,23.6,69,0.0,0.0,0.0,3.83
2024-01-02T00:00,22.8,73,0.0,0.0,0.0,3.62
2024-01-02T01:00,22.1,75,0.0,0.0,0.0,3.55
2024-01-02T02:00,21.7,74,0.0,0.0,0.0,3.38
2024-01-02T03:00,21.4,72,0.0,0.0,0.0,3.30
2024-01-02T04:00,21.9,69,0.0,0.0,0.0,3.00
2024-01-02T05:00,21.7,70,0.0,0.0,0.0,3.04
2024-01-02T06:00,21.3,71,0.0,0.0,0.0,3.04
2024-01-02T07:00,21.1,72,0.0,0.0,0.0,3.18
2024-01-02T08:00,22.3,66,47.0,149.2,29.0,3.19
2024-01-02T09:00,24.6,59,215.0,431.6,88.0,3.40
2024-01-02T10:00,26.4,57,400.0,607.2,115.0,4.40
2024-01-02T11:00,27.5,54,553.0,691.7,136.0,5.09
2024-01-02T12:00,28.0,54,637.0,698.7,158.0,4.80
2024-01-02T13:00,28.6,52,679.0,737.5,154.0,4.27
2024-01-02T14:00,28.4,54,591.0,592.6,188.0,5.72
2024-01-02T15:00,27.7,56,437.0,466.2,161.0,6.55
2024-01-02T16:00,27.7,55,369.0,541.7,123.0,5.84
2024-01-02T17:00,27.0,58,196.0,413.8,82.0,5.80
2024-01-02T18:00,26.1,63,37.0,117.8,24.0,5.72
2024-01-02T19:00,25.5,66,0.0,0.0,0.0,5.73
2024-01-02T20:00,25.1,67,0.0,0.0,0.0,5.41
2024-01-02T21:00,24.6,67,0.0,0.0,0.0,5.02
2024-01-02T22:00,24.1,67,0.0,0.0,0.0,5.10
2024-01-02T23:00,23.6,68,0.0,0.0,0.0,5.40
2024-01-03T00:00,23.0,71,0.0,0.0,0.0,5.32
2024-01-03T01:00,22.4,74,0.0,0.0,0.0,5.20
2024-01-03T02:00,21.5,75,0.0,0.0,0.0,4.83
2024-01-03T03:00,20.8,74,0.0,0.0,0.0,4.58
2024-01-03T04:00,21.6,66,0.0,0.0,0.0,4.70
2024-01-03T05:00,21.4,65,0.0,0.0,0.0,4.79
2024-01-03T06:00,20.9,65,0.0,0.0,0.0,4.72
2024-01-03T07:00,20.5,66,0.0,0.0,0.0,4.74
2024-01-03T08:00,21.4,62,49.0,158.1,30.0,4.55
2024-01-03T09:00,23.6,52,223.0,466.7,86.0,4.70
2024-01-03T10:00,25.4,48,419.0,650.2,114.0,5.47
2024-01-03T11:00,26.6,43,579.0,749.5,127.0,5.36
2024-01-03T12:00,27.5,40,676.0,782.5,139.0,5.64
2024-01-03T13:00,27.9,41,709.0,792.4,144.0,6.36
2024-01-03T14:00,27.6,47,671.0,779.1,140.0,6.94
2024-01-03T15:00,27.1,51,564.0,730.6,130.0,7.44
2024-01-03T16:00,26.8,56,393.0,613.5,113.0,7.22
2024-01-03T17:00,26.1,59,202.0,431.8,82.0,6.74
2024-01-03T18:00,25.4,61,38.0,125.4,24.0,5.74
2024-01-03T19:00,25.2,62,0.0,0.0,0.0,5.01
2024-01-03T20:00,24.8,63,0.0,0.0,0.0,3.83
2024-01-03T21:00,24.3,64,0.0,0.0,0.0,3.59
2024-01-03T22:00,23.7,66,0.0,0.0,0.0,3.30
2024-01-03T23:00,23.0,68,0.0,0.0,0.0,3.20
2024-01-04T00:00,22.5,69,0.0,0.0,0.0,3.36
2024-01-04T01:00,22.1,69,0.0,0.0,0.0,3.52
2024-01-04T02:00,21.6,71,0.0,0.0,0.0,3.48
2024-01-04T03:00,21.0,75,0.0,0.0,0.0,3.61
2024-01-04T04:00,21.3,74,0.0,0.0,0.0,3.02
2024-01-04T05:00,21.1,73,0.0,0.0,0.0,3.41
2024-01-04T06:00,20.9,72,0.0,0.0,0.0,3.36
2024-01-04T07:00,20.6,71,0.0,0.0,0.0,3.18
2024-01-04T08:00,22.4,63,47.0,141.9,30.0,3.13
2024-01-04T09:00,24.9,48,217.0,447.2,86.0,3.13
2024-01-04T10:00,26.8,39,407.0,624.9,114.0,3.20
2024-01-04T11:00,27.8,36,561.0,712.7,131.0,1.79
2024-01-04T12:00,28.8,36,660.0,754.0,142.0,2.57
2024-01-04T13:00,29.2,37,692.0,767.2,144.0,3.90
2024-01-04T14:00,28.8,42,657.0,756.7,140.0,5.40
2024-01-04T15:00,28.3,45,543.0,684.5,135.0,5.10
2024-01-04T16:00,28.0,50,393.0,612.6,112.0,4.67
2024-01-04T17:00,27.4,55,203.0,435.1,81.0,4.60
2024-01-04T18:00,26.6,60,39.0,124.0,25.0,4.00
2024-01-04T19:00,26.4,64,0.0,0.0,0.0,3.30
2024-01-04T20:00,26.1,66,0.0,0.0,0.0,2.73
2024-01-04T21:00,25.8,67,0.0,0.0,0.0,2.18
2024-01-04T22:00,25.1,69,0.0,0.0,0.0,2.10
2024-01-04T23:00,24.2,74,0.0,0.0,0.0,2.72
2024-01-05T00:00,23.4,77,0.0,0.0,0.0,1.12
2024-01-05T01:00,22.4,85,0.0,0.0,0.0,0.41
2024-01-05T02:00,21.7,87,0.0,0.0,0.0,3.00
2024-01-05T03:00,21.5,86,0.0,0.0,0.0,3.00
2024-01-05T04:00,22.0,79,0.0,0.0,0.0,2.64
2024-01-05T05:00,22.1,79,0.0,0.0,0.0,2.76
2024-01-05T06:00,21.7,82,0.0,0.0,0.0,2.60
2024-01-05T07:00,21.2,84,0.0,0.0,0.0,2.24
2024-01-05T08:00,21.9,81,45.0,134.0,29.0,2.01
2024-01-05T09:00,23.5,71,214.0,441.2,85.0,1.78
2024-01-05T10:00,24.9,65,398.0,595.2,119.0,1.77
2024-01-05T11:00,26.0,62,549.0,679.2,139.0,1.97
2024-01-05T12:00,27.0,59,649.0,725.5,150.0,3.82
2024-01-05T13:00,27.4,56,670.0,702.9,167.0,5.14
2024-01-05T14:00,27.3,57,616.0,686.1,146.0,5.83
2024-01-05T15:00,27.0,60,506.0,590.1,153.0,7.02
2024-01-05T16:00,27.7,55,364.0,503.2,132.0,6.74
2024-01-05T17:00,27.1,55,204.0,427.8,83.0,6.10
2024-01-05T18:00,26.3,58,40.0,122.6,26.0,5.51
2024-01-05T19:00,26.0,59,0.0,0.0,0.0,5.22
2024-01-05T20:00,25.6,60,0.0,0.0,0.0,4.10
2024-01-05T21:00,25.0,62,0.0,0.0,0.0,4.06
2024-01-05T22:00,24.3,66,0.0,0.0,0.0,3.92
2024-01-05T23:00,23.6,70,0.0,0.0,0.0,3.72
2024-01-06T00:00,23.0,73,0.0,0.0,0.0,3.67
2024-01-06T01:00,22.5,74,0.0,0.0,0.0,3.80
2024-01-06T02:00,22.1,75,0.0,0.0,0.0,3.98
2024-01-06T03:00,21.8,75,0.0,0.0,0.0,3.85
2024-01-06T04:00,22.5,73,0.0,0.0,0.0,4.03
2024-01-06T05:00,22.1,75,0.0,0.0,0.0,3.86
2024-01-06T06:00,21.5,77,0.0,0.0,0.0,3.49
2024-01-06T07:00,21.2,78,0.0,0.0,0.0,3.79
2024-01-06T08:00,22.3,73,46.0,142.7,29.0,4.41
2024-01-06T09:00,24.6,63,215.0,445.4,85.0,4.87
2024-01-06T10:00,26.6,55,403.0,614.4,115.0,6.05
2024-01-06T11:00,28.0,48,553.0,690.3,136.0,6.24
2024-01-06T12:00,29.2,43,659.0,749.2,143.0,6.61
2024-01-06T13:00,29.8,43,693.0,761.5,147.0,6.56
2024-01-06T14:00,29.1,52,653.0,744.0,142.0,7.36
2024-01-06T15:00,28.5,55,514.0,619.6,142.0,7.14
2024-01-06T16:00,27.9,59,375.0,550.3,120.0,7.50
2024-01-06T17:00,27.1,64,179.0,308.4,91.0,6.44
2024-01-06T18:00,26.5,67,37.0,95.2,26.0,5.59
2024-01-06T19:00,26.4,67,0.0,0.0,0.0,5.61
2024-01-06T20:00,26.2,67,0.0,0.0,0.0,4.27
2024-01-06T21:00,25.9,68,0.0,0.0,0.0,3.59
2024-01-06T22:00,25.3,71,0.0,0.0,0.0,3.13
2024-01-06T23:00,24.7,72,0.0,0.0,0.0,3.76
2024-01-07T00:00,24.1,75,0.0,0.0,0.0,3.57
2024-01-07T01:00,23.7,77,0.0,0.0,0.0,3.28
2024-01-07T02:00,23.5,77,0.0,0.0,0.0,3.63
2024-01-07T03:00,23.2,77,0.0,0.0,0.0,3.88
2024-01-07T04:00,24.2,67,0.0,0.0,0.0,3.98
2024-01-07T05:00,23.6,69,0.0,0.0,0.0,3.64
2024-01-07T06:00,22.7,73,0.0,0.0,0.0,2.69
2024-01-07T07:00,21.5,79,0.0,0.0,0.0,1.70
2024-01-07T08:00,22.9,74,45.0,143.1,28.0,0.94
2024-01-07T09:00,24.7,66,213.0,442.5,84.0,1.14
2024-01-07T10:00,26.9,55,403.0,616.5,114.0,2.33
2024-01-07T11:00,28.4,49,560.0,709.5,131.0,3.40
2024-01-07T12:00,28.9,53,660.0,753.9,140.0,4.35
2024-01-07T13:00,28.9,59,694.0,766.9,143.0,5.22
2024-01-07T14:00,29.1,59,659.0,753.6,140.0,5.44
2024-01-07T15:00,28.9,60,556.0,707.0,130.0,5.74
2024-01-07T16:00,28.7,59,373.0,532.4,125.0,4.79
2024-01-07T17:00,28.0,59,198.0,385.5,87.0,4.97
2024-01-07T18:00,27.5,62,41.0,128.3,26.0,4.02
2024-01-07T19:00,27.3,68,0.0,0.0,0.0,3.98
2024-01-07T20:00,26.9,69,0.0,0.0,0.0,3.11
2024-01-07T21:00,26.2,74,0.0,0.0,0.0,1.80
2024-01-07T22:00,25.6,77,0.0,0.0,0.0,2.52
2024-01-07T23:00,24.9,78,0.0,0.0,0.0,2.69
2024-01-08T00:00,24.2,75,0.0,0.0,0.0,2.12
2024-01-08T01:00,24.0,74,0.0,0.0,0.0,1.06
2024-01-08T02:00,24.0,72,0.0,0.0,0.0,0.94
2024-01-08T03:00,23.0,74,0.0,0.0,0.0,1.50
2024-01-08T04:00,23.4,73,0.0,0.0,0.0,1.22
2024-01-08T05:00,22.4,80,0.0,0.0,0.0,1.94
2024-01-08T06:00,21.7,76,0.0,0.0,0.0,2.39
2024-01-08T07:00,21.5,66,0.0,0.0,0.0,2.83
2024-01-08T08:00,22.9,63,45.0,143.3,28.0,2.73
2024-01-08T09:00,25.8,55,216.0,453.2,84.0,2.37
2024-01-08T10:00,27.5,58,407.0,624.8,114.0,1.92
2024-01-08T11:00,28.9,55,564.0,717.1,130.0,1.84
2024-01-08T12:00,29.8,52,667.0,762.8,140.0,3.19
2024-01-08T13:00,29.7,55,702.0,776.4,143.0,4.43
2024-01-08T14:00,29.6,56,666.0,763.1,139.0,5.15
2024-01-08T15:00,29.4,57,551.0,691.1,133.0,5.64
2024-01-08T16:00,30.1,46,410.0,634.2,113.0,5.89
2024-01-08T17:00,29.1,53,216.0,457.8,83.0,6.53
2024-01-08T18:00,27.8,58,45.0,143.8,28.0,6.62
2024-01-08T19:00,27.5,62,0.0,0.0,0.0,4.79
2024-01-08T20:00,27.0,67,0.0,0.0,0.0,3.05
2024-01-08T21:00,26.0,72,0.0,0.0,0.0,1.66
2024-01-08T22:00,25.9,72,0.0,0.0,0.0,1.00
2024-01-08T23:00,24.2,79,0.0,0.0,0.0,2.28
2024-01-09T00:00,23.5,83,0.0,0.0,0.0,2.61
2024-01-09T01:00,23.1,85,0.0,0.0,0.0,3.05
2024-01-09T02:00,22.5,89,0.0,0.0,0.0,2.64
2024-01-09T03:00,21.8,92,0.0,0.0,0.0,2.47
2024-01-09T04:00,22.7,81,0.0,0.0,0.0,2.98
2024-01-09T05:00,22.3,83,0.0,0.0,0.0,2.83
2024-01-09T06:00,21.8,84,0.0,0.0,0.0,2.82
2024-01-09T07:00,21.3,87,0.0,0.0,0.0,2.83
2024-01-09T08:00,22.6,81,46.0,152.0,28.0,2.80
2024-01-09T09:00,25.0,70,217.0,453.5,85.0,2.27
2024-01-09T10:00,27.1,63,408.0,626.7,114.0,2.28
2024-01-09T11:00,28.7,53,567.0,719.6,131.0,1.80
2024-01-09T12:00,29.9,46,672.0,767.3,141.0,2.40
2024-01-09T13:00,30.2,49,708.0,783.0,143.0,4.17
2024-01-09T14:00,29.4,57,672.0,769.5,139.0,5.55
2024-01-09T15:00,28.9,59,561.0,706.6,132.0,5.28
2024-01-09T16:00,28.8,57,397.0,594.7,117.0,4.70
2024-01-09T17:00,28.3,62,217.0,453.8,84.0,3.77
2024-01-09T18:00,27.3,71,46.0,150.6,28.0,3.33
2024-01-09T19:00,26.9,73,0.0,0.0,0.0,3.05
2024-01-09T20:00,26.6,77,0.0,0.0,0.0,3.04
2024-01-09T21:00,26.2,80,0.0,0.0,0.0,2.82
2024-01-09T22:00,25.7,83,0.0,0.0,0.0,2.75
2024-01-09T23:00,25.3,85,0.0,0.0,0.0,2.62
2024-01-10T00:00,24.3,90,0.0,0.0,0.0,1.80
2024-01-10T01:00,24.1,89,0.0,0.0,0.0,2.35
2024-01-10T02:00,23.5,90,0.0,0.0,0.0,2.28
2024-01-10T03:00,23.5,89,0.0,0.0,0.0,2.52
2024-01-10T04:00,23.9,85,0.0,0.0,0.0,2.94
2024-01-10T05:00,23.6,83,0.0,0.0,0.0,3.21
2024-01-10T06:00,23.1,85,0.0,0.0,0.0,3.01
2024-01-10T07:00,22.5,88,0.0,0.0,0.0,2.75
2024-01-10T08:00,23.4,84,45.0,143.7,28.0,2.38
2024-01-10T09:00,25.9,72,214.0,446.8,84.0,2.42
2024-01-10T10:00,27.7,61,404.0,619.8,113.0,2.78
2024-01-10T11:00,28.9,54,562.0,712.0,130.0,3.00
2024-01-10T12:00,29.9,50,666.0,758.7,140.0,3.58
2024-01-10T13:00,30.2,49,669.0,699.6,163.0,4.34
2024-01-10T14:00,29.7,55,639.0,703.9,150.0,5.60
2024-01-10T15:00,28.8,63,525.0,616.9,149.0,6.20
2024-01-10T16:00,29.5,58,381.0,549.3,121.0,6.71
2024-01-10T17:00,28.7,63,190.0,324.7,94.0,7.61
2024-01-10T18:00,27.6,69,47.0,148.9,29.0,7.47
2024-01-10T19:00,27.3,70,0.0,0.0,0.0,5.98
2024-01-10T20:00,27.1,70,0.0,0.0,0.0,4.92
2024-01-10T21:00,26.8,71,0.0,0.0,0.0,3.73
2024-01-10T22:00,26.1,75,0.0,0.0,0.0,2.62
2024-01-10T23:00,25.0,80,0.0,0.0,0.0,1.61
2024-01-11T00:00,24.6,82,0.0,0.0,0.0,1.81
2024-01-11T01:00,24.1,82,0.0,0.0,0.0,2.38
2024-01-11T02:00,23.8,83,0.0,0.0,0.0,1.94
2024-01-11T03:00,23.2,86,0.0,0.0,0.0,1.84
2024-01-11T04:00,23.8,81,0.0,0.0,0.0,2.41
2024-01-11T05:00,23.5,81,0.0,0.0,0.0,2.62
2024-01-11T06:00,22.9,84,0.0,0.0,0.0,2.56
2024-01-11T07:00,22.4,86,0.0,0.0,0.0,2.50
2024-01-11T08:00,23.5,80,43.0,135.3,27.0,1.90
2024-01-11T09:00,26.0,68,212.0,439.9,84.0,1.92
2024-01-11T10:00,27.4,61,385.0,566.0,119.0,0.51
2024-01-11T11:00,28.4,57,543.0,660.0,142.0,1.20
2024-01-11T12:00,29.1,54,665.0,742.8,149.0,3.22
2024-01-11T13:00,28.5,60,680.0,724.1,155.0,4.95
2024-01-11T14:00,27.7,64,523.0,486.5,184.0,5.57
2024-01-11T15:00,27.1,68,417.0,421.7,159.0,6.17
2024-01-11T16:00,26.7,72,297.0,319.4,145.0,7.11
2024-01-11T17:00,26.0,75,191.0,311.8,98.0,6.72
2024-01-11T18:00,25.5,76,42.0,114.5,28.0,6.09
2024-01-11T19:00,25.9,66,0.0,0.0,0.0,6.31
2024-01-11T20:00,25.8,62,0.0,0.0,0.0,6.58
2024-01-11T21:00,25.5,63,0.0,0.0,0.0,6.22
2024-01-11T22:00,25.1,64,0.0,0.0,0.0,5.10
2024-01-11T23:00,24.8,65,0.0,0.0,0.0,4.70
2024-01-12T00:00,24.5,67,0.0,0.0,0.0,4.90
2024-01-12T01:00,24.2,69,0.0,0.0,0.0,5.21
2024-01-12T02:00,23.8,71,0.0,0.0,0.0,4.95
2024-01-12T03:00,23.5,70,0.0,0.0,0.0,4.63
2024-01-12T04:00,23.3,69,0.0,0.0,0.0,4.33
2024-01-12T05:00,22.9,69,0.0,0.0,0.0,4.52
2024-01-12T06:00,22.5,68,0.0,0.0,0.0,4.47
2024-01-12T07:00,22.1,65,0.0,0.0,0.0,4.49
2024-01-12T08:00,22.8,58,44.0,135.4,28.0,4.48
2024-01-12T09:00,24.4,51,213.0,439.7,85.0,5.39
2024-01-12T10:00,25.6,51,408.0,622.8,115.0,6.31
2024-01-12T11:00,26.6,46,567.0,713.1,133.0,5.94
2024-01-12T12:00,27.4,42,673.0,764.3,141.0,5.57
2024-01-12T13:00,27.8,44,711.0,778.7,145.0,6.10
2024-01-12T14:00,27.5,48,676.0,764.0,142.0,7.31
2024-01-12T15:00,27.0,50,568.0,696.8,140.0,8.09
2024-01-12T16:00,26.5,54,414.0,620.7,117.0,8.25
2024-01-12T17:00,25.6,58,223.0,452.0,87.0,8.18
2024-01-12T18:00,24.8,62,50.0,161.8,30.0,7.96
2024-01-12T19:00,24.4,63,0.0,0.0,0.0,7.03
2024-01-12T20:00,23.9,64,0.0,0.0,0.0,6.55
2024-01-12T21:00,23.5,65,0.0,0.0,0.0,5.81
2024-01-12T22:00,23.1,66,0.0,0.0,0.0,5.30
2024-01-12T23:00,22.7,67,0.0,0.0,0.0,4.83
2024-01-13T00:00,22.2,69,0.0,0.0,0.0,4.59
2024-01-13T01:00,21.7,69,0.0,0.0,0.0,4.22
2024-01-13T02:00,21.2,65,0.0,0.0,0.0,4.19
2024-01-13T03:00,20.9,61,0.0,0.0,0.0,4.10
2024-01-13T04:00,21.3,58,0.0,0.0,0.0,3.83
2024-01-13T05:00,21.0,55,0.0,0.0,0.0,3.88
2024-01-13T06:00,20.6,54,0.0,0.0,0.0,3.83
2024-01-13T07:00,20.3,53,0.0,0.0,0.0,3.74
2024-01-13T08:00,21.4,49,45.0,143.8,28.0,3.58
2024-01-13T09:00,23.8,41,217.0,453.1,85.0,3.23
2024-01-13T10:00,25.6,43,411.0,628.3,115.0,3.71
2024-01-13T11:00,26.9,41,570.0,715.2,134.0,3.45
2024-01-13T12:00,27.7,42,674.0,758.4,145.0,3.41
2024-01-13T13:00,27.7,47,714.0,779.4,146.0,4.40
2024-01-13T14:00,27.5,52,684.0,775.8,140.0,5.50
2024-01-13T15:00,27.2,54,585.0,736.1,131.0,5.35
2024-01-13T16:00,27.1,56,423.0,638.1,116.0,4.63
2024-01-13T17:00,26.4,60,227.0,461.3,87.0,4.44
2024-01-13T18:00,25.7,66,52.0,168.1,31.0,4.07
2024-01-13T19:00,25.3,69,0.0,0.0,0.0,4.32
2024-01-13T20:00,24.9,71,0.0,0.0,0.0,3.96
2024-01-13T21:00,24.5,74,0.0,0.0,0.0,2.30
2024-01-13T22:00,23.6,78,0.0,0.0,0.0,1.53
2024-01-13T23:00,23.1,80,0.0,0.0,0.0,2.06
2024-01-14T00:00,22.7,80,0.0,0.0,0.0,2.84
2024-01-14T01:00,22.1,81,0.0,0.0,0.0,3.22
2024-01-14T02:00,21.8,81,0.0,0.0,0.0,3.14
2024-01-14T03:00,21.4,83,0.0,0.0,0.0,3.00
2024-01-14T04:00,22.1,77,0.0,0.0,0.0,2.50
2024-01-14T05:00,21.8,78,0.0,0.0,0.0,2.34
2024-01-14T06:00,21.5,79,0.0,0.0,0.0,2.26
2024-01-14T07:00,20.9,81,0.0,0.0,0.0,2.06
2024-01-14T08:00,22.3,75,44.0,135.2,28.0,1.79
2024-01-14T09:00,24.7,65,204.0,394.4,89.0,1.27
2024-01-14T10:00,26.1,61,393.0,585.0,117.0,1.10
2024-01-14T11:00,27.2,58,550.0,671.2,140.0,1.00
2024-01-14T12:00,28.0,54,665.0,723.7,159.0,2.02
2024-01-14T13:00,28.1,56,696.0,751.3,147.0,4.00
2024-01-14T14:00,27.4,62,607.0,622.6,169.0,5.05
2024-01-14T15:00,27.3,63,511.0,542.6,175.0,4.84
2024-01-14T16:00,27.1,65,360.0,458.9,138.0,5.19
2024-01-14T17:00,26.6,67,215.0,405.0,91.0,4.88
2024-01-14T18:00,26.0,69,51.0,158.3,31.0,4.58
2024-01-14T19:00,25.8,68,0.0,0.0,0.0,4.61
2024-01-14T20:00,25.6,67,0.0,0.0,0.0,4.30
2024-01-14T21:00,25.2,68,0.0,0.0,0.0,3.72
2024-01-14T22:00,24.6,67,0.0,0.0,0.0,3.51
2024-01-14T23:00,24.1,68,0.0,0.0,0.0,3.35
2024-01-15T00:00,23.6,71,0.0,0.0,0.0,3.20
2024-01-15T01:00,23.2,73,0.0,0.0,0.0,3.45
2024-01-15T02:00,22.6,75,0.0,0.0,0.0,3.55
2024-01-15T03:00,22.4,72,0.0,0.0,0.0,3.83
2024-01-15T04:00,22.7,65,0.0,0.0,0.0,4.15
2024-01-15T05:00,22.5,63,0.0,0.0,0.0,4.08
2024-01-15T06:00,22.3,62,0.0,0.0,0.0,3.96
2024-01-15T07:00,22.0,59,0.0,0.0,0.0,4.24
2024-01-15T08:00,23.0,54,44.0,135.1,28.0,4.95
2024-01-15T09:00,25.1,51,212.0,431.5,86.0,5.55
2024-01-15T10:00,26.4,54,403.0,594.5,122.0,7.02
2024-01-15T11:00,27.4,52,552.0,664.9,145.0,6.65
2024-01-15T12:00,28.4,49,668.0,742.0,148.0,6.43
2024-01-15T13:00,28.7,44,701.0,732.8,164.0,8.10
2024-01-15T14:00,28.0,46,671.0,729.6,156.0,9.35
2024-01-15T15:00,27.5,47,572.0,688.3,144.0,9.50
2024-01-15T16:00,27.3,47,421.0,616.7,121.0,9.08
2024-01-15T17:00,26.4,49,228.0,433.8,94.0,9.30
2024-01-15T18:00,25.6,51,52.0,101.8,39.0,9.17
2024-01-15T19:00,25.1,53,0.0,0.0,0.0,8.63
2024-01-15T20:00,24.5,55,0.0,0.0,0.0,7.81
2024-01-15T21:00,24.3,56,0.0,0.0,0.0,7.50
2024-01-15T22:00,24.1,58,0.0,0.0,0.0,7.06
2024-01-15T23:00,23.7,60,0.0,0.0,0.0,6.61
2024-01-16T00:00,23.4,60,0.0,0.0,0.0,6.01
2024-01-16T01:00,22.9,59,0.0,0.0,0.0,5.59
2024-01-16T02:00,22.4,56,0.0,0.0,0.0,5.41
2024-01-16T03:00,21.9,56,0.0,0.0,0.0,5.61
2024-01-16T04:00,22.5,52,0.0,0.0,0.0,5.70
2024-01-16T05:00,22.2,52,0.0,0.0,0.0,5.89
2024-01-16T06:00,21.9,52,0.0,0.0,0.0,6.02
2024-01-16T07:00,21.6,55,0.0,0.0,0.0,6.24
2024-01-16T08:00,22.2,55,43.0,109.6,30.0,6.07
2024-01-16T09:00,23.6,54,201.0,335.0,103.0,6.41
2024-01-16T10:00,25.3,52,379.0,477.2,153.0,7.26
2024-01-16T11:00,26.9,46,556.0,652.0,156.0,6.90
2024-01-16T12:00,27.9,44,679.0,758.6,146.0,6.80
2024-01-16T13:00,27.9,47,714.0,755.1,159.0,8.18
2024-01-16T14:00,27.2,50,684.0,745.4,156.0,9.64
2024-01-16T15:00,26.9,49,576.0,670.9,157.0,10.10
2024-01-16T16:00,26.8,49,416.0,568.3,138.0,9.33
2024-01-16T17:00,26.0,52,230.0,420.4,99.0,9.57
2024-01-16T18:00,25.2,54,54.0,123.9,38.0,8.99
2024-01-16T19:00,24.8,57,0.0,0.0,0.0,8.45
2024-01-16T20:00,24.4,59,0.0,0.0,0.0,7.47
2024-01-16T21:00,24.0,61,0.0,0.0,0.0,7.07
2024-01-16T22:00,23.6,62,0.0,0.0,0.0,6.73
2024-01-16T23:00,23.1,64,0.0,0.0,0.0,5.90
2024-01-17T00:00,22.6,65,0.0,0.0,0.0,5.31
2024-01-17T01:00,22.1,66,0.0,0.0,0.0,4.79
2024-01-17T02:00,21.5,65,0.0,0.0,0.0,4.74
2024-01-17T03:00,21.1,65,0.0,0.0,0.0,5.14
2024-01-17T04:00,21.4,64,0.0,0.0,0.0,5.24
2024-01-17T05:00,21.1,65,0.0,0.0,0.0,5.32
2024-01-17T06:00,20.9,65,0.0,0.0,0.0,5.10
2024-01-17T07:00,20.6,65,0.0,0.0,0.0,4.81
2024-01-17T08:00,21.4,60,45.0,143.0,28.0,4.40
2024-01-17T09:00,23.3,54,218.0,450.4,86.0,4.51
2024-01-17T10:00,25.0,53,414.0,627.9,116.0,5.46
2024-01-17T11:00,26.2,52,578.0,722.0,134.0,6.04
2024-01-17T12:00,26.8,51,684.0,765.1,145.0,6.98
2024-01-17T13:00,26.9,50,718.0,761.0,157.0,8.00
2024-01-17T14:00,26.9,49,677.0,725.9,161.0,8.35
2024-01-17T15:00,26.6,50,588.0,712.6,141.0,8.17
2024-01-17T16:00,26.3,54,417.0,583.3,130.0,8.10
2024-01-17T17:00,25.7,55,226.0,413.5,96.0,7.51
2024-01-17T18:00,25.0,57,57.0,176.2,34.0,6.46
2024-01-17T19:00,24.6,59,0.0,0.0,0.0,6.24
2024-01-17T20:00,24.2,60,0.0,0.0,0.0,6.36
2024-01-17T21:00,23.9,61,0.0,0.0,0.0,6.08
2024-01-17T22:00,23.6,62,0.0,0.0,0.0,5.73
2024-01-17T23:00,23.3,63,0.0,0.0,0.0,5.81
2024-01-18T00:00,22.7,67,0.0,0.0,0.0,5.30
2024-01-18T01:00,22.1,69,0.0,0.0,0.0,4.83
2024-01-18T02:00,21.3,72,0.0,0.0,0.0,4.46
2024-01-18T03:00,20.5,73,0.0,0.0,0.0,4.22
2024-01-18T04:00,21.2,70,0.0,0.0,0.0,4.25
2024-01-18T05:00,20.7,72,0.0,0.0,0.0,4.71
2024-01-18T06:00,20.4,73,0.0,0.0,0.0,4.38
2024-01-18T07:00,19.8,74,0.0,0.0,0.0,4.06
2024-01-18T08:00,20.6,68,46.0,134.3,30.0,3.54
2024-01-18T09:00,22.9,57,223.0,456.1,89.0,3.30
2024-01-18T10:00,24.6,50,424.0,643.2,118.0,4.30
2024-01-18T11:00,25.6,47,590.0,731.6,139.0,5.13
2024-01-18T12:00,26.3,46,700.0,775.7,152.0,5.56
2024-01-18T13:00,26.8,45,744.0,804.5,149.0,5.60
2024-01-18T14:00,27.2,44,713.0,796.1,145.0,6.03
2024-01-18T15:00,26.9,46,610.0,753.9,135.0,7.22
2024-01-18T16:00,26.3,49,446.0,660.7,119.0,8.26
2024-01-18T17:00,25.8,50,249.0,501.2,90.0,7.96
2024-01-18T18:00,24.9,55,63.0,204.5,36.0,7.13
2024-01-18T19:00,24.5,56,0.0,0.0,0.0,5.81
2024-01-18T20:00,24.0,57,0.0,0.0,0.0,4.93
2024-01-18T21:00,23.5,58,0.0,0.0,0.0,4.67
2024-01-18T22:00,22.8,62,0.0,0.0,0.0,4.83
2024-01-18T23:00,22.2,65,0.0,0.0,0.0,4.87
2024-01-19T00:00,21.7,69,0.0,0.0,0.0,4.46
2024-01-19T01:00,21.0,72,0.0,0.0,0.0,4.03
2024-01-19T02:00,20.6,72,0.0,0.0,0.0,4.05
2024-01-19T03:00,20.5,70,0.0,0.0,0.0,4.46
2024-01-19T04:00,21.2,70,0.0,0.0,0.0,4.90
2024-01-19T05:00,21.2,67,0.0,0.0,0.0,5.00
2024-01-19T06:00,21.1,65,0.0,0.0,0.0,5.04
2024-01-19T07:00,20.7,65,0.0,0.0,0.0,4.92
2024-01-19T08:00,21.7,57,46.0,150.7,28.0,4.50
2024-01-19T09:00,24.5,32,222.0,465.1,85.0,3.37
2024-01-19T10:00,27.5,23,423.0,645.8,115.0,2.25
2024-01-19T11:00,29.6,22,589.0,739.4,132.0,0.54
2024-01-19T12:00,30.4,24,698.0,784.8,142.0,2.60
2024-01-19T13:00,29.9,31,736.0,796.6,145.0,5.80
2024-01-19T14:00,29.0,36,701.0,779.2,143.0,6.97
2024-01-19T15:00,29.0,35,601.0,737.9,134.0,6.18
2024-01-19T16:00,28.5,41,431.0,618.7,123.0,6.05
2024-01-19T17:00,27.6,47,228.0,415.5,95.0,5.70
2024-01-19T18:00,27.0,51,55.0,157.3,34.0,4.25
2024-01-19T19:00,26.9,48,0.0,0.0,0.0,4.52
2024-01-19T20:00,26.6,50,0.0,0.0,0.0,4.98
2024-01-19T21:00,26.1,57,0.0,0.0,0.0,4.97
2024-01-19T22:00,25.9,57,0.0,0.0,0.0,4.70
2024-01-19T23:00,25.3,59,0.0,0.0,0.0,3.86
2024-01-20T00:00,24.4,63,0.0,0.0,0.0,2.82
2024-01-20T01:00,23.8,68,0.0,0.0,0.0,2.83
2024-01-20T02:00,23.6,72,0.0,0.0,0.0,3.10
2024-01-20T03:00,23.5,73,0.0,0.0,0.0,3.42
2024-01-20T04:00,24.2,72,0.0,0.0,0.0,3.54
2024-01-20T05:00,23.0,78,0.0,0.0,0.0,2.30
2024-01-20T06:00,22.5,81,0.0,0.0,0.0,1.58
2024-01-20T07:00,22.1,83,0.0,0.0,0.0,1.50
2024-01-20T08:00,23.2,78,42.0,125.2,27.0,2.56
2024-01-20T09:00,25.4,66,195.0,362.2,88.0,2.70
2024-01-20T10:00,27.0,58,396.0,568.8,124.0,2.33
2024-01-20T11:00,28.1,52,576.0,711.5,135.0,2.69
2024-01-20T12:00,28.7,50,684.0,757.1,146.0,3.86
2024-01-20T13:00,28.8,52,724.0,772.4,149.0,4.52
2024-01-20T14:00,28.6,54,693.0,762.3,145.0,4.81
2024-01-20T15:00,28.3,56,590.0,709.4,139.0,4.94
2024-01-20T16:00,28.7,56,419.0,585.1,126.0,4.88
2024-01-20T17:00,28.0,59,245.0,476.8,91.0,4.39
2024-01-20T18:00,27.3,63,63.0,200.1,36.0,3.53
2024-01-20T19:00,27.0,65,0.0,0.0,0.0,2.82
2024-01-20T20:00,26.7,67,0.0,0.0,0.0,2.20
2024-01-20T21:00,26.2,70,0.0,0.0,0.0,1.33
2024-01-20T22:00,26.1,70,0.0,0.0,0.0,0.58
2024-01-20T23:00,25.8,72,0.0,0.0,0.0,0.61
2024-01-21T00:00,24.3,78,0.0,0.0,0.0,1.25
2024-01-21T01:00,23.5,83,0.0,0.0,0.0,1.70
2024-01-21T02:00,22.9,84,0.0,0.0,0.0,1.87
2024-01-21T03:00,22.5,84,0.0,0.0,0.0,2.20
2024-01-21T04:00,22.9,80,0.0,0.0,0.0,2.02
2024-01-21T05:00,22.5,81,0.0,0.0,0.0,2.12
2024-01-21T06:00,22.2,81,0.0,0.0,0.0,2.34
2024-01-21T07:00,21.7,84,0.0,0.0,0.0,2.28
2024-01-21T08:00,23.2,77,44.0,141.4,27.0,2.14
2024-01-21T09:00,25.7,65,216.0,442.1,85.0,1.58
2024-01-21T10:00,28.1,50,412.0,619.3,115.0,1.06
2024-01-21T11:00,29.4,43,576.0,711.1,134.0,1.24
2024-01-21T12:00,30.0,44,683.0,752.0,147.0,3.34
2024-01-21T13:00,29.8,46,726.0,775.2,147.0,5.30
2024-01-21T14:00,29.7,46,692.0,759.3,144.0,5.80
2024-01-21T15:00,29.3,48,547.0,638.8,139.0,5.23
2024-01-21T16:00,28.9,50,404.0,534.0,135.0,4.03
2024-01-21T17:00,28.8,52,233.0,417.3,97.0,3.01
2024-01-21T18:00,27.6,59,63.0,190.5,37.0,2.83
2024-01-21T19:00,27.3,59,0.0,0.0,0.0,1.94
2024-01-21T20:00,27.1,60,0.0,0.0,0.0,1.89
2024-01-21T21:00,26.6,64,0.0,0.0,0.0,1.64
2024-01-21T22:00,25.7,70,0.0,0.0,0.0,1.28
2024-01-21T23:00,25.8,70,0.0,0.0,0.0,0.73
2024-01-22T00:00,24.2,77,0.0,0.0,0.0,1.55
2024-01-22T01:00,23.7,76,0.0,0.0,0.0,2.10
2024-01-22T02:00,23.0,79,0.0,0.0,0.0,2.20
2024-01-22T03:00,22.6,81,0.0,0.0,0.0,2.33
2024-01-22T04:00,22.9,78,0.0,0.0,0.0,2.01
2024-01-22T05:00,22.3,82,0.0,0.0,0.0,1.94
2024-01-22T06:00,21.7,85,0.0,0.0,0.0,1.91
2024-01-22T07:00,21.2,88,0.0,0.0,0.0,1.70
2024-01-22T08:00,23.0,79,45.0,140.9,28.0,1.75
2024-01-22T09:00,25.5,68,219.0,447.3,86.0,1.48
2024-01-22T10:00,27.7,60,415.0,621.6,116.0,2.28
2024-01-22T11:00,29.2,51,579.0,713.7,134.0,2.95
2024-01-22T12:00,30.0,48,687.0,758.0,145.0,3.76
2024-01-22T13:00,30.0,53,729.0,775.1,148.0,5.34
2024-01-22T14:00,29.6,55,700.0,766.0,145.0,5.92
2024-01-22T15:00,29.2,59,595.0,715.3,136.0,5.74
2024-01-22T16:00,28.5,66,405.0,536.7,133.0,5.00
2024-01-22T17:00,27.9,71,240.0,450.0,92.0,4.74
2024-01-22T18:00,27.4,74,63.0,188.5,37.0,4.05
2024-01-22T19:00,27.4,73,0.0,0.0,0.0,3.39
2024-01-22T20:00,27.5,71,0.0,0.0,0.0,3.00
2024-01-22T21:00,27.1,73,0.0,0.0,0.0,1.60
2024-01-22T22:00,26.4,77,0.0,0.0,0.0,1.61
2024-01-22T23:00,25.8,79,0.0,0.0,0.0,2.20
2024-01-23T00:00,24.9,82,0.0,0.0,0.0,1.99
2024-01-23T01:00,24.4,86,0.0,0.0,0.0,2.44
2024-01-23T02:00,23.9,90,0.0,0.0,0.0,2.75
2024-01-23T03:00,23.4,91,0.0,0.0,0.0,2.92
2024-01-23T04:00,24.0,88,0.0,0.0,0.0,2.62
2024-01-23T05:00,23.8,88,0.0,0.0,0.0,2.97
2024-01-23T06:00,23.3,88,0.0,0.0,0.0,2.56
2024-01-23T07:00,22.6,90,0.0,0.0,0.0,2.20
2024-01-23T08:00,24.0,81,45.0,140.4,28.0,1.93
2024-01-23T09:00,26.4,68,218.0,442.3,86.0,1.34
2024-01-23T10:00,28.3,61,415.0,617.6,117.0,0.70
2024-01-23T11:00,29.5,56,579.0,711.5,134.0,1.40
2024-01-23T12:00,30.4,52,685.0,752.7,145.0,2.06
2024-01-23T13:00,30.9,51,719.0,749.8,155.0,3.59
2024-01-23T14:00,30.5,55,697.0,752.0,150.0,5.38
2024-01-23T15:00,30.0,55,595.0,701.1,143.0,5.44
2024-01-23T16:00,29.6,57,412.0,543.4,135.0,5.04
2024-01-23T17:00,28.8,63,252.0,479.2,93.0,4.60
2024-01-23T18:00,27.9,68,68.0,208.0,39.0,4.05
2024-01-23T19:00,27.4,71,0.0,0.0,0.0,4.00
2024-01-23T20:00,27.0,74,0.0,0.0,0.0,3.89
2024-01-23T21:00,26.6,77,0.0,0.0,0.0,3.73
2024-01-23T22:00,26.2,78,0.0,0.0,0.0,4.36
2024-01-23T23:00,25.7,79,0.0,0.0,0.0,4.51
2024-01-24T00:00,25.3,79,0.0,0.0,0.0,4.14
2024-01-24T01:00,24.8,80,0.0,0.0,0.0,3.95
2024-01-24T02:00,24.3,81,0.0,0.0,0.0,3.81
2024-01-24T03:00,23.9,81,0.0,0.0,0.0,4.20
2024-01-24T04:00,24.1,80,0.0,0.0,0.0,4.36
2024-01-24T05:00,23.6,80,0.0,0.0,0.0,4.32
2024-01-24T06:00,23.2,81,0.0,0.0,0.0,4.12
2024-01-24T07:00,22.7,84,0.0,0.0,0.0,4.23
2024-01-24T08:00,23.6,81,46.0,139.8,29.0,4.40
2024-01-24T09:00,25.6,71,219.0,443.9,86.0,4.71
2024-01-24T10:00,27.6,62,418.0,615.6,120.0,5.39
2024-01-24T11:00,28.9,57,586.0,717.2,136.0,4.85
2024-01-24T12:00,29.6,56,699.0,766.9,147.0,5.04
2024-01-24T13:00,29.5,58,737.0,773.6,153.0,6.65
2024-01-24T14:00,29.1,57,703.0,744.9,159.0,8.63
2024-01-24T15:00,28.5,54,595.0,671.5,160.0,8.80
2024-01-24T16:00,27.8,56,421.0,532.3,148.0,8.82
2024-01-24T17:00,26.8,59,256.0,472.0,98.0,8.83
2024-01-24T18:00,25.9,62,69.0,184.5,43.0,8.41
2024-01-24T19:00,25.3,64,0.0,0.0,0.0,7.85
2024-01-24T20:00,25.0,66,0.0,0.0,0.0,7.62
2024-01-24T21:00,24.7,67,0.0,0.0,0.0,7.09
2024-01-24T22:00,24.3,68,0.0,0.0,0.0,6.25
2024-01-24T23:00,24.0,68,0.0,0.0,0.0,5.70
2024-01-25T00:00,23.6,69,0.0,0.0,0.0,5.20
2024-01-25T01:00,23.1,71,0.0,0.0,0.0,4.54
2024-01-25T02:00,22.6,72,0.0,0.0,0.0,4.18
2024-01-25T03:00,22.2,73,0.0,0.0,0.0,4.33
2024-01-25T04:00,22.4,72,0.0,0.0,0.0,4.09
2024-01-25T05:00,22.2,70,0.0,0.0,0.0,4.27
2024-01-25T06:00,22.0,71,0.0,0.0,0.0,4.22
2024-01-25T07:00,21.7,72,0.0,0.0,0.0,3.98
2024-01-25T08:00,22.5,68,46.0,114.6,32.0,3.42
2024-01-25T09:00,24.1,63,216.0,402.2,95.0,3.45
2024-01-25T10:00,25.6,59,409.0,566.1,134.0,3.93
2024-01-25T11:00,26.6,56,580.0,689.4,146.0,4.33
2024-01-25T12:00,27.3,55,687.0,725.5,163.0,4.46
2024-01-25T13:00,27.7,56,718.0,706.1,183.0,4.96
2024-01-25T14:00,27.5,58,679.0,657.3,197.0,6.38
2024-01-25T15:00,27.0,60,570.0,574.6,196.0,6.88
2024-01-25T16:00,26.7,61,420.0,496.2,164.0,6.79
2024-01-25T17:00,26.0,65,236.0,349.4,118.0,7.14
2024-01-25T18:00,25.1,69,65.0,98.3,51.0,7.05
2024-01-25T19:00,24.8,70,0.0,0.0,0.0,7.61
2024-01-25T20:00,24.4,72,0.0,0.0,0.0,7.35
2024-01-25T21:00,23.9,72,0.0,0.0,0.0,6.51
2024-01-25T22:00,23.6,72,0.0,0.0,0.0,5.81
2024-01-25T23:00,23.4,73,0.0,0.0,0.0,6.26
2024-01-26T00:00,23.4,73,0.0,0.0,0.0,6.55
2024-01-26T01:00,23.0,76,0.0,0.0,0.0,5.87
2024-01-26T02:00,23.0,76,0.0,0.0,0.0,5.75
2024-01-26T03:00,22.8,77,0.0,0.0,0.0,6.10
2024-01-26T04:00,23.0,77,0.0,0.0,0.0,6.96
2024-01-26T05:00,22.9,74,0.0,0.0,0.0,7.09
2024-01-26T06:00,22.9,72,0.0,0.0,0.0,6.86
2024-01-26T07:00,22.7,69,0.0,0.0,0.0,8.29
2024-01-26T08:00,22.4,69,11.0,0.0,11.0,8.29
2024-01-26T09:00,22.2,67,44.0,0.0,44.0,8.24
2024-01-26T10:00,22.2,69,211.0,96.4,164.0,7.51
2024-01-26T11:00,22.7,62,264.0,79.2,214.0,7.91
2024-01-26T12:00,23.3,56,391.0,180.8,260.0,9.35
2024-01-26T13:00,23.4,53,413.0,180.2,276.0,9.21
2024-01-26T14:00,22.9,53,277.0,51.6,239.0,8.68
2024-01-26T15:00,22.9,53,318.0,178.9,201.0,8.51
2024-01-26T16:00,23.5,51,211.0,28.9,196.0,8.21
2024-01-26T17:00,23.2,49,176.0,96.9,143.0,8.08
2024-01-26T18:00,22.7,50,43.0,41.7,37.0,6.66
2024-01-26T19:00,22.1,53,0.0,0.0,0.0,5.32
2024-01-26T20:00,21.5,55,0.0,0.0,0.0,4.90
2024-01-26T21:00,20.9,58,0.0,0.0,0.0,4.57
2024-01-26T22:00,20.5,61,0.0,0.0,0.0,4.37
2024-01-26T23:00,20.3,63,0.0,0.0,0.0,5.07
2024-01-27T00:00,20.1,68,0.0,0.0,0.0,5.66
2024-01-27T01:00,20.0,71,0.0,0.0,0.0,5.39
2024-01-27T02:00,19.5,72,0.0,0.0,0.0,5.23
2024-01-27T03:00,18.9,72,0.0,0.0,0.0,4.66
2024-01-27T04:00,19.5,70,0.0,0.0,0.0,3.96
2024-01-27T05:00,19.5,71,0.0,0.0,0.0,4.65
2024-01-27T06:00,19.3,71,0.0,0.0,0.0,4.24
2024-01-27T07:00,19.3,69,0.0,0.0,0.0,4.50
2024-01-27T08:00,19.9,67,28.0,0.0,28.0,4.74
2024-01-27T09:00,21.0,60,120.0,16.5,115.0,5.27
2024-01-27T10:00,22.3,51,279.0,104.2,228.0,6.95
2024-01-27T11:00,23.5,49,480.0,326.6,273.0,7.10
2024-01-27T12:00,24.5,46,651.0,547.2,253.0,7.40
2024-01-27T13:00,24.9,45,555.0,331.5,302.0,7.19
2024-01-27T14:00,24.8,45,414.0,159.6,296.0,6.82
2024-01-27T15:00,25.0,45,394.0,150.7,295.0,6.95
2024-01-27T16:00,24.8,46,288.0,141.7,214.0,6.89
2024-01-27T17:00,24.3,48,132.0,11.6,128.0,6.16
2024-01-27T18:00,23.6,50,47.0,27.5,43.0,6.45
2024-01-27T19:00,22.8,54,0.0,0.0,0.0,6.48
2024-01-27T20:00,22.3,57,0.0,0.0,0.0,6.00
2024-01-27T21:00,22.0,57,0.0,0.0,0.0,5.51
2024-01-27T22:00,21.7,58,0.0,0.0,0.0,5.71
2024-01-27T23:00,21.3,60,0.0,0.0,0.0,5.73
2024-01-28T00:00,21.0,60,0.0,0.0,0.0,5.64
2024-01-28T01:00,20.6,58,0.0,0.0,0.0,5.53
2024-01-28T02:00,20.3,59,0.0,0.0,0.0,5.36
2024-01-28T03:00,19.6,62,0.0,0.0,0.0,5.26
2024-01-28T04:00,19.8,60,0.0,0.0,0.0,5.76
2024-01-28T05:00,19.4,61,0.0,0.0,0.0,5.46
2024-01-28T06:00,19.0,62,0.0,0.0,0.0,5.70
2024-01-28T07:00,18.9,62,0.0,0.0,0.0,6.29
2024-01-28T08:00,19.9,57,50.0,145.0,32.0,6.58
2024-01-28T09:00,22.0,50,227.0,416.3,100.0,6.62
2024-01-28T10:00,24.0,45,427.0,582.2,141.0,8.00
2024-01-28T11:00,24.9,41,549.0,503.0,229.0,8.06
2024-01-28T12:00,25.5,41,597.0,405.5,301.0,7.75
2024-01-28T13:00,25.5,45,584.0,305.4,350.0,8.18
2024-01-28T14:00,25.1,49,467.0,188.6,327.0,8.54
2024-01-28T15:00,24.6,53,360.0,134.8,271.0,8.92
2024-01-28T16:00,24.5,54,279.0,102.8,225.0,9.04
2024-01-28T17:00,24.1,55,193.0,121.2,151.0,9.35
2024-01-28T18:00,23.4,57,73.0,129.3,54.0,8.94
2024-01-28T19:00,23.2,55,0.0,0.0,0.0,8.26
2024-01-28T20:00,23.0,55,0.0,0.0,0.0,7.31
2024-01-28T21:00,22.8,55,0.0,0.0,0.0,7.03
2024-01-28T22:00,22.6,55,0.0,0.0,0.0,6.79
2024-01-28T23:00,22.2,57,0.0,0.0,0.0,6.33
2024-01-29T00:00,22.1,58,0.0,0.0,0.0,6.13
2024-01-29T01:00,21.8,60,0.0,0.0,0.0,5.71
2024-01-29T02:00,21.1,63,0.0,0.0,0.0,5.01
2024-01-29T03:00,20.6,63,0.0,0.0,0.0,4.85
2024-01-29T04:00,20.9,58,0.0,0.0,0.0,4.81
2024-01-29T05:00,20.6,56,0.0,0.0,0.0,4.49
2024-01-29T06:00,20.3,56,0.0,0.0,0.0,4.34
2024-01-29T07:00,19.8,56,0.0,0.0,0.0,4.19
2024-01-29T08:00,20.6,53,35.0,24.0,32.0,4.07
2024-01-29T09:00,22.3,47,169.0,153.3,122.0,4.21
2024-01-29T10:00,23.8,49,348.0,294.0,203.0,5.40
2024-01-29T11:00,24.3,49,393.0,177.0,280.0,6.02
2024-01-29T12:00,25.3,48,548.0,311.2,320.0,6.49
2024-01-29T13:00,25.5,49,571.0,300.4,340.0,7.26
2024-01-29T14:00,25.5,48,578.0,347.5,319.0,7.93
2024-01-29T15:00,25.3,50,522.0,367.9,278.0,8.51
2024-01-29T16:00,24.7,51,340.0,185.5,242.0,8.02
2024-01-29T17:00,24.3,53,185.0,100.1,150.0,7.79
2024-01-29T18:00,23.6,56,56.0,40.4,50.0,7.56
2024-01-29T19:00,23.2,58,0.0,0.0,0.0,7.18
2024-01-29T20:00,22.9,59,0.0,0.0,0.0,6.69
2024-01-29T21:00,22.7,60,0.0,0.0,0.0,6.33
2024-01-29T22:00,22.3,62,0.0,0.0,0.0,5.76
2024-01-29T23:00,21.9,63,0.0,0.0,0.0,5.80
2024-01-30T00:00,21.4,64,0.0,0.0,0.0,5.71
2024-01-30T01:00,21.0,66,0.0,0.0,0.0,5.32
2024-01-30T02:00,20.3,67,0.0,0.0,0.0,4.79
2024-01-30T03:00,19.8,66,0.0,0.0,0.0,4.61
2024-01-30T04:00,20.0,64,0.0,0.0,0.0,4.61
2024-01-30T05:00,19.8,66,0.0,0.0,0.0,4.92
2024-01-30T06:00,19.5,67,0.0,0.0,0.0,5.14
2024-01-30T07:00,19.2,66,0.0,0.0,0.0,4.96
2024-01-30T08:00,20.0,59,44.0,55.7,37.0,5.32
2024-01-30T09:00,21.9,50,209.0,288.7,120.0,6.14
2024-01-30T10:00,23.5,48,424.0,565.4,144.0,7.51
2024-01-30T11:00,24.6,44,615.0,736.5,143.0,7.41
2024-01-30T12:00,25.1,42,672.0,603.8,228.0,7.24
2024-01-30T13:00,25.4,43,680.0,506.5,289.0,7.48
2024-01-30T14:00,25.7,43,690.0,591.9,247.0,7.88
2024-01-30T15:00,25.5,44,618.0,649.8,185.0,8.68
2024-01-30T16:00,24.8,48,453.0,562.8,154.0,8.81
2024-01-30T17:00,24.0,50,253.0,351.9,129.0,8.95
2024-01-30T18:00,23.2,49,79.0,166.8,54.0,8.51
2024-01-30T19:00,22.8,49,1.0,0.0,1.0,7.67
2024-01-30T20:00,22.3,51,0.0,0.0,0.0,6.82
2024-01-30T21:00,21.9,54,0.0,0.0,0.0,6.31
2024-01-30T22:00,21.4,57,0.0,0.0,0.0,5.91
2024-01-30T23:00,20.8,60,0.0,0.0,0.0,5.56
2024-01-31T00:00,20.0,62,0.0,0.0,0.0,5.13
2024-01-31T01:00,19.1,56,0.0,0.0,0.0,5.00
2024-01-31T02:00,18.9,54,0.0,0.0,0.0,5.16
2024-01-31T03:00,18.5,56,0.0,0.0,0.0,5.19
2024-01-31T04:00,18.7,60,0.0,0.0,0.0,5.20
2024-01-31T05:00,18.4,63,0.0,0.0,0.0,5.28
2024-01-31T06:00,18.0,66,0.0,0.0,0.0,5.08
2024-01-31T07:00,17.6,69,0.0,0.0,0.0,4.99
2024-01-31T08:00,18.6,66,52.0,166.1,31.0,5.02
2024-01-31T09:00,21.1,56,240.0,483.9,90.0,5.65
2024-01-31T10:00,23.1,49,449.0,661.5,120.0,6.96
2024-01-31T11:00,24.3,45,622.0,749.2,140.0,7.40
2024-01-31T12:00,25.2,44,736.0,794.0,150.0,8.00
2024-01-31T13:00,25.7,43,781.0,810.4,153.0,8.34
2024-01-31T14:00,25.4,44,751.0,799.6,150.0,9.13
2024-01-31T15:00,25.1,44,651.0,760.2,142.0,9.24
2024-01-31T16:00,24.6,47,488.0,677.4,126.0,8.76
2024-01-31T17:00,24.0,49,286.0,526.3,99.0,8.43
2024-01-31T18:00,23.2,52,86.0,257.7,47.0,8.10
2024-01-31T19:00,22.7,55,1.0,0.0,1.0,8.03
2024-01-31T20:00,22.1,57,0.0,0.0,0.0,7.58
2024-01-31T21:00,21.5,60,0.0,0.0,0.0,6.91
2024-01-31T22:00,20.9,61,0.0,0.0,0.0,6.50
2024-01-31T23:00,20.2,64,0.0,0.0,0.0,6.15
2024-02-01T00:00,19.7,66,0.0,0.0,0.0,5.61
2024-02-01T01:00,19.1,66,0.0,0.0,0.0,5.10
2024-02-01T02:00,18.6,65,0.0,0.0,0.0,5.13
2024-02-01T03:00,18.2,65,0.0,0.0,0.0,5.19
2024-02-01T04:00,18.6,62,0.0,0.0,0.0,5.44
2024-02-01T05:00,18.4,62,0.0,0.0,0.0,6.04
2024-02-01T06:00,18.1,61,0.0,0.0,0.0,6.13
2024-02-01T07:00,17.9,61,0.0,0.0,0.0,6.26
2024-02-01T08:00,18.4,56,48.0,133.6,31.0,6.04
2024-02-01T09:00,20.2,45,223.0,407.3,96.0,7.07
2024-02-01T10:00,21.7,43,444.0,646.6,121.0,7.52
2024-02-01T11:00,22.8,42,616.0,732.4,143.0,7.71
2024-02-01T12:00,23.4,41,720.0,751.9,163.0,7.62
2024-02-01T13:00,24.0,41,773.0,786.7,161.0,7.54
2024-02-01T14:00,24.6,39,733.0,748.6,168.0,7.77
2024-02-01T15:00,24.3,39,628.0,697.2,159.0,8.41
2024-02-01T16:00,23.8,42,456.0,571.3,149.0,8.65
2024-02-01T17:00,23.0,46,252.0,396.5,110.0,9.40
2024-02-01T18:00,21.9,49,79.0,202.9,48.0,9.17
2024-02-01T19:00,21.4,47,1.0,0.0,1.0,8.16
2024-02-01T20:00,21.0,48,0.0,0.0,0.0,7.67
2024-02-01T21:00,20.6,49,0.0,0.0,0.0,7.00
2024-02-01T22:00,20.1,52,0.0,0.0,0.0,6.84
2024-02-01T23:00,19.7,54,0.0,0.0,0.0,7.18
2024-02-02T00:00,19.2,56,0.0,0.0,0.0,7.13
2024-02-02T01:00,18.6,58,0.0,0.0,0.0,6.91
2024-02-02T02:00,18.0,63,0.0,0.0,0.0,6.90
2024-02-02T03:00,17.2,61,0.0,0.0,0.0,6.24
2024-02-02T04:00,16.9,60,0.0,0.0,0.0,5.92
2024-02-02T05:00,16.9,61,0.0,0.0,0.0,6.53
2024-02-02T06:00,16.6,59,0.0,0.0,0.0,6.44
2024-02-02T07:00,16.0,57,0.0,0.0,0.0,6.24
2024-02-02T08:00,16.8,46,53.0,163.8,32.0,6.52
2024-02-02T09:00,19.0,36,243.0,481.4,92.0,7.29
2024-02-02T10:00,20.4,34,453.0,653.7,125.0,8.32
2024-02-02T11:00,21.7,34,630.0,744.9,147.0,8.32
2024-02-02T12:00,22.2,32,751.0,801.5,155.0,9.10
2024-02-02T13:00,23.2,33,775.0,759.3,182.0,8.61
2024-02-02T14:00,23.1,35,765.0,805.0,155.0,8.77
2024-02-02T15:00,23.6,30,672.0,781.3,144.0,8.54
2024-02-02T16:00,22.8,28,502.0,671.7,139.0,9.21
2024-02-02T17:00,22.3,28,298.0,529.1,107.0,9.25
2024-02-02T18:00,21.5,33,92.0,259.3,52.0,9.39
2024-02-02T19:00,21.0,37,1.0,0.0,1.0,9.05
2024-02-02T20:00,20.8,42,0.0,0.0,0.0,8.61
2024-02-02T21:00,20.1,45,0.0,0.0,0.0,7.42
2024-02-02T22:00,19.8,47,0.0,0.0,0.0,7.00
2024-02-02T23:00,19.5,48,0.0,0.0,0.0,6.91
2024-02-03T00:00,19.0,51,0.0,0.0,0.0,6.93
2024-02-03T01:00,18.3,51,0.0,0.0,0.0,6.38
2024-02-03T02:00,17.6,52,0.0,0.0,0.0,6.26
2024-02-03T03:00,17.3,54,0.0,0.0,0.0,7.02
2024-02-03T04:00,18.3,53,0.0,0.0,0.0,7.26
2024-02-03T05:00,18.0,57,0.0,0.0,0.0,7.69
2024-02-03T06:00,17.7,59,0.0,0.0,0.0,7.20
2024-02-03T07:00,17.5,60,0.0,0.0,0.0,7.42
2024-02-03T08:00,18.2,56,49.0,131.7,32.0,6.71
2024-02-03T09:00,20.1,46,240.0,459.5,95.0,6.31
2024-02-03T10:00,22.1,42,450.0,644.8,125.0,6.70
2024-02-03T11:00,23.4,40,629.0,748.0,142.0,6.58
2024-02-03T12:00,24.4,38,747.0,795.7,153.0,6.67
2024-02-03T13:00,24.9,39,793.0,812.5,156.0,7.28
2024-02-03T14:00,24.9,40,763.0,801.6,153.0,7.95
2024-02-03T15:00,24.5,41,661.0,760.1,145.0,8.72
2024-02-03T16:00,24.1,45,487.0,640.4,139.0,8.80
2024-02-03T17:00,23.5,46,285.0,486.5,108.0,8.52
2024-02-03T18:00,22.7,48,90.0,250.6,51.0,8.05
2024-02-03T19:00,22.1,49,1.0,0.0,1.0,7.52
2024-02-03T20:00,21.7,49,0.0,0.0,0.0,6.99
2024-02-03T21:00,21.3,50,0.0,0.0,0.0,6.43
2024-02-03T22:00,20.8,51,0.0,0.0,0.0,6.00
2024-02-03T23:00,20.3,53,0.0,0.0,0.0,5.32
2024-02-04T00:00,19.6,58,0.0,0.0,0.0,4.80
2024-02-04T01:00,19.0,60,0.0,0.0,0.0,4.57
2024-02-04T02:00,18.1,61,0.0,0.0,0.0,4.22
2024-02-04T03:00,17.7,56,0.0,0.0,0.0,4.22
2024-02-04T04:00,18.0,47,0.0,0.0,0.0,4.39
2024-02-04T05:00,17.8,47,0.0,0.0,0.0,4.75
2024-02-04T06:00,17.6,48,0.0,0.0,0.0,5.07
2024-02-04T07:00,17.4,49,0.0,0.0,0.0,4.92
2024-02-04T08:00,18.7,45,55.0,169.1,33.0,4.65
2024-02-04T09:00,21.4,38,245.0,481.7,92.0,4.70
2024-02-04T10:00,23.3,44,456.0,657.5,123.0,5.91
2024-02-04T11:00,24.4,42,632.0,749.5,142.0,6.17
2024-02-04T12:00,24.9,41,749.0,796.6,152.0,6.38
2024-02-04T13:00,25.4,40,794.0,811.8,155.0,6.89
2024-02-04T14:00,25.4,40,766.0,800.9,154.0,7.85
2024-02-04T15:00,25.2,39,663.0,755.1,148.0,8.28
2024-02-04T16:00,24.5,47,493.0,660.6,132.0,8.73
2024-02-04T17:00,24.0,47,293.0,523.6,101.0,8.68
2024-02-04T18:00,23.2,49,92.0,254.7,52.0,8.72
2024-02-04T19:00,22.8,49,1.0,0.0,1.0,7.73
2024-02-04T20:00,22.4,51,0.0,0.0,0.0,7.18
2024-02-04T21:00,22.0,52,0.0,0.0,0.0,6.73
2024-02-04T22:00,21.5,53,0.0,0.0,0.0,6.03
2024-02-04T23:00,20.8,56,0.0,0.0,0.0,5.60
2024-02-05T00:00,20.1,58,0.0,0.0,0.0,4.96
2024-02-05T01:00,19.3,57,0.0,0.0,0.0,4.57
2024-02-05T02:00,18.7,51,0.0,0.0,0.0,4.39
2024-02-05T03:00,18.5,48,0.0,0.0,0.0,4.61
2024-02-05T04:00,19.7,46,0.0,0.0,0.0,4.81
2024-02-05T05:00,19.8,50,0.0,0.0,0.0,5.54
2024-02-05T06:00,19.8,53,0.0,0.0,0.0,5.89
2024-02-05T07:00,19.8,54,0.0,0.0,0.0,5.97
2024-02-05T08:00,20.6,51,41.0,53.4,34.0,5.65
2024-02-05T09:00,21.9,48,185.0,209.5,118.0,6.02
2024-02-05T10:00,23.6,46,423.0,518.7,159.0,7.52
2024-02-05T11:00,24.4,43,528.0,425.0,249.0,7.64
2024-02-05T12:00,25.4,41,688.0,591.4,243.0,7.93
2024-02-05T13:00,25.6,40,737.0,612.4,253.0,9.13
2024-02-05T14:00,25.6,40,762.0,770.2,171.0,9.57
2024-02-05T15:00,25.2,43,658.0,723.8,162.0,9.71
2024-02-05T16:00,24.6,48,476.0,553.2,172.0,9.40
2024-02-05T17:00,23.6,52,257.0,313.9,141.0,9.04
2024-02-05T18:00,22.8,54,87.0,157.7,62.0,8.56
2024-02-05T19:00,22.3,55,2.0,0.0,2.0,8.03
2024-02-05T20:00,21.9,57,0.0,0.0,0.0,7.25
2024-02-05T21:00,21.5,57,0.0,0.0,0.0,6.71
2024-02-05T22:00,21.1,59,0.0,0.0,0.0,6.44
2024-02-05T23:00,20.7,61,0.0,0.0,0.0,6.10
2024-02-06T00:00,20.2,62,0.0,0.0,0.0,5.63
2024-02-06T01:00,19.4,63,0.0,0.0,0.0,5.19
2024-02-06T02:00,18.6,59,0.0,0.0,0.0,4.83
2024-02-06T03:00,18.2,56,0.0,0.0,0.0,4.74
2024-02-06T04:00,18.8,51,0.0,0.0,0.0,4.79
2024-02-06T05:00,19.1,52,0.0,0.0,0.0,5.33
2024-02-06T06:00,18.9,55,0.0,0.0,0.0,5.35
2024-02-06T07:00,18.7,57,0.0,0.0,0.0,5.03
2024-02-06T08:00,19.5,54,54.0,136.1,36.0,4.93
2024-02-06T09:00,21.6,48,236.0,378.8,114.0,5.02
2024-02-06T10:00,23.4,50,452.0,608.0,141.0,6.35
2024-02-06T11:00,24.7,45,621.0,699.1,160.0,6.58
2024-02-06T12:00,25.8,40,739.0,754.4,169.0,6.49
2024-02-06T13:00,26.3,39,787.0,771.3,175.0,6.54
2024-02-06T14:00,26.3,40,760.0,772.1,165.0,7.00
2024-02-06T15:00,26.0,42,662.0,736.5,155.0,7.99
2024-02-06T16:00,25.7,43,501.0,671.4,130.0,9.08
2024-02-06T17:00,25.3,41,299.0,529.1,102.0,8.73
2024-02-06T18:00,24.2,45,96.0,268.9,53.0,8.84
2024-02-06T19:00,24.0,46,2.0,0.0,2.0,8.06
2024-02-06T20:00,23.7,49,0.0,0.0,0.0,7.25
2024-02-06T21:00,23.2,52,0.0,0.0,0.0,6.77
2024-02-06T22:00,22.8,53,0.0,0.0,0.0,6.07
2024-02-06T23:00,22.4,56,0.0,0.0,0.0,5.94
2024-02-07T00:00,21.9,60,0.0,0.0,0.0,6.02
2024-02-07T01:00,21.5,63,0.0,0.0,0.0,6.31
2024-02-07T02:00,21.2,67,0.0,0.0,0.0,6.01
2024-02-07T03:00,21.0,71,0.0,0.0,0.0,5.00
2024-02-07T04:00,20.6,68,0.0,0.0,0.0,4.10
2024-02-07T05:00,20.2,66,0.0,0.0,0.0,3.45
2024-02-07T06:00,19.4,67,0.0,0.0,0.0,2.91
2024-02-07T07:00,20.1,64,0.0,0.0,0.0,0.92
2024-02-07T08:00,20.1,60,52.0,142.5,33.0,3.16
2024-02-07T09:00,22.5,47,206.0,339.1,96.0,3.72
2024-02-07T10:00,25.6,35,372.0,433.7,149.0,4.19
2024-02-07T11:00,28.2,31,554.0,566.2,179.0,4.77
2024-02-07T12:00,29.1,37,643.0,573.4,208.0,5.19
2024-02-07T13:00,29.4,37,707.0,611.2,220.0,4.88
2024-02-07T14:00,28.9,43,716.0,659.0,206.0,5.84
2024-02-07T15:00,27.8,50,613.0,633.3,175.0,6.02
2024-02-07T16:00,27.6,44,480.0,604.7,144.0,6.00
2024-02-07T17:00,26.7,49,234.0,349.2,103.0,3.42
2024-02-07T18:00,26.5,50,90.0,209.3,56.0,1.66
2024-02-07T19:00,26.5,51,2.0,0.0,2.0,0.85
2024-02-07T20:00,25.7,56,0.0,0.0,0.0,1.89
2024-02-07T21:00,25.5,57,0.0,0.0,0.0,2.35
2024-02-07T22:00,24.6,60,0.0,0.0,0.0,2.77
2024-02-07T23:00,22.7,70,0.0,0.0,0.0,4.96
2024-02-08T00:00,23.0,69,0.0,0.0,0.0,3.16
2024-02-08T01:00,22.8,70,0.0,0.0,0.0,3.23
2024-02-08T02:00,22.8,70,0.0,0.0,0.0,4.36
2024-02-08T03:00,22.5,68,0.0,0.0,0.0,4.08
2024-02-08T04:00,22.7,70,0.0,0.0,0.0,2.72
2024-02-08T05:00,22.3,73,0.0,0.0,0.0,3.16
2024-02-08T06:00,21.9,74,0.0,0.0,0.0,3.18
2024-02-08T07:00,21.7,74,0.0,0.0,0.0,2.69
2024-02-08T08:00,23.0,69,47.0,104.1,33.0,2.33
2024-02-08T09:00,24.4,64,179.0,260.1,94.0,2.48
2024-02-08T10:00,25.6,61,326.0,357.9,141.0,3.64
2024-02-08T11:00,26.6,58,491.0,408.8,219.0,5.07
2024-02-08T12:00,27.6,53,610.0,515.8,217.0,5.07
2024-02-08T13:00,28.1,51,645.0,556.2,200.0,5.44
2024-02-08T14:00,26.8,62,714.0,664.0,198.0,5.76
2024-02-08T15:00,26.7,63,593.0,580.0,190.0,5.25
2024-02-08T16:00,26.9,62,418.0,492.2,143.0,4.34
2024-02-08T17:00,26.3,65,257.0,381.0,113.0,3.61
2024-02-08T18:00,25.6,68,96.0,260.7,53.0,2.31
2024-02-08T19:00,25.2,69,2.0,0.0,2.0,0.71
2024-02-08T20:00,25.1,68,0.0,0.0,0.0,1.00
2024-02-08T21:00,24.8,71,0.0,0.0,0.0,1.30
2024-02-08T22:00,24.4,70,0.0,0.0,0.0,3.22
2024-02-08T23:00,23.8,75,0.0,0.0,0.0,2.86
2024-02-09T00:00,23.4,78,0.0,0.0,0.0,2.47
2024-02-09T01:00,22.3,84,0.0,0.0,0.0,2.77
2024-02-09T02:00,22.5,83,0.0,0.0,0.0,2.92
2024-02-09T03:00,22.0,84,0.0,0.0,0.0,3.08
2024-02-09T04:00,22.1,83,0.0,0.0,0.0,2.51
2024-02-09T05:00,22.0,84,0.0,0.0,0.0,2.46
2024-02-09T06:00,21.4,87,0.0,0.0,0.0,2.22
2024-02-09T07:00,21.0,88,0.0,0.0,0.0,1.99
2024-02-09T08:00,22.2,82,48.0,125.2,31.0,1.87
2024-02-09T09:00,23.9,74,215.0,337.1,104.0,1.50
2024-02-09T10:00,25.4,66,400.0,484.9,148.0,1.97
2024-02-09T11:00,27.1,59,622.0,691.3,160.0,3.40
2024-02-09T12:00,28.4,53,736.0,741.1,169.0,4.97
2024-02-09T13:00,28.7,53,790.0,770.5,171.0,5.78
2024-02-09T14:00,27.6,64,715.0,695.7,172.0,7.22
2024-02-09T15:00,27.6,65,603.0,643.2,154.0,7.26
2024-02-09T16:00,26.4,71,425.0,509.1,139.0,5.60
2024-02-09T17:00,25.9,72,259.0,391.4,110.0,4.00
2024-02-09T18:00,24.8,77,73.0,179.2,43.0,0.22
2024-02-09T19:00,24.9,75,2.0,0.0,2.0,0.67
2024-02-09T20:00,24.4,78,0.0,0.0,0.0,1.89
2024-02-09T21:00,23.2,83,0.0,0.0,0.0,3.06
2024-02-09T22:00,23.2,82,0.0,0.0,0.0,1.25
2024-02-09T23:00,23.3,82,0.0,0.0,0.0,2.28
2024-02-10T00:00,23.0,85,0.0,0.0,0.0,2.72
2024-02-10T01:00,22.5,88,0.0,0.0,0.0,2.52
2024-02-10T02:00,21.9,90,0.0,0.0,0.0,2.94
2024-02-10T03:00,21.6,89,0.0,0.0,0.0,3.92
2024-02-10T04:00,22.2,89,0.0,0.0,0.0,3.83
2024-02-10T05:00,21.9,88,0.0,0.0,0.0,2.97
2024-02-10T06:00,21.8,89,0.0,0.0,0.0,2.86
2024-02-10T07:00,22.1,88,0.0,0.0,0.0,2.69
2024-02-10T08:00,22.6,84,57.0,153.3,36.0,3.13
2024-02-10T09:00,24.0,78,240.0,418.9,101.0,2.14
2024-02-10T10:00,25.0,71,439.0,574.1,139.0,0.40
2024-02-10T11:00,26.1,62,629.0,713.4,150.0,1.06
2024-02-10T12:00,26.9,56,705.0,662.5,196.0,2.47
2024-02-10T13:00,27.3,53,681.0,521.9,260.0,4.48
2024-02-10T14:00,26.6,60,651.0,469.5,283.0,5.70
2024-02-10T15:00,26.6,58,592.0,517.6,229.0,5.95
2024-02-10T16:00,26.8,52,477.0,543.6,170.0,7.30
2024-02-10T17:00,26.3,56,304.0,518.9,105.0,6.86
2024-02-10T18:00,25.7,58,100.0,241.3,59.0,5.32
2024-02-10T19:00,25.2,58,2.0,0.0,2.0,4.81
2024-02-10T20:00,24.5,62,0.0,0.0,0.0,4.87
2024-02-10T21:00,23.8,66,0.0,0.0,0.0,4.52
2024-02-10T22:00,22.9,69,0.0,0.0,0.0,3.81
2024-02-10T23:00,22.0,75,0.0,0.0,0.0,3.20
2024-02-11T00:00,21.2,79,0.0,0.0,0.0,3.00
2024-02-11T01:00,20.5,84,0.0,0.0,0.0,2.88
2024-02-11T02:00,19.6,89,0.0,0.0,0.0,2.83
2024-02-11T03:00,18.9,90,0.0,0.0,0.0,2.92
2024-02-11T04:00,19.3,83,0.0,0.0,0.0,3.48
2024-02-11T05:00,18.7,82,0.0,0.0,0.0,3.32
2024-02-11T06:00,17.8,84,0.0,0.0,0.0,3.08
2024-02-11T07:00,16.8,86,0.0,0.0,0.0,2.75
2024-02-11T08:00,19.1,74,67.0,202.5,39.0,2.34
2024-02-11T09:00,22.3,58,269.0,514.3,97.0,2.53
2024-02-11T10:00,25.5,36,488.0,687.0,127.0,4.30
2024-02-11T11:00,26.9,31,665.0,769.4,146.0,5.45
2024-02-11T12:00,27.8,29,783.0,812.6,156.0,5.41
2024-02-11T13:00,28.3,29,832.0,829.6,160.0,5.94
2024-02-11T14:00,28.2,29,804.0,822.0,157.0,6.58
2024-02-11T15:00,27.7,31,706.0,790.6,149.0,6.94
2024-02-11T16:00,27.1,35,543.0,722.1,133.0,7.92
2024-02-11T17:00,26.1,38,331.0,579.9,107.0,8.16
2024-02-11T18:00,24.9,45,114.0,319.1,59.0,7.54
2024-02-11T19:00,24.1,54,3.0,0.0,3.0,7.22
2024-02-11T20:00,23.5,55,0.0,0.0,0.0,6.33
2024-02-11T21:00,22.6,58,0.0,0.0,0.0,5.23
2024-02-11T22:00,21.5,62,0.0,0.0,0.0,4.55
2024-02-11T23:00,20.4,64,0.0,0.0,0.0,4.39
2024-02-12T00:00,19.2,70,0.0,0.0,0.0,3.67
2024-02-12T01:00,18.3,73,0.0,0.0,0.0,3.28
2024-02-12T02:00,17.3,76,0.0,0.0,0.0,3.10
2024-02-12T03:00,17.5,74,0.0,0.0,0.0,3.72
2024-02-12T04:00,19.0,62,0.0,0.0,0.0,5.00
2024-02-12T05:00,19.5,54,0.0,0.0,0.0,5.32
2024-02-12T06:00,19.6,50,0.0,0.0,0.0,5.30
2024-02-12T07:00,19.0,49,0.0,0.0,0.0,4.24
2024-02-12T08:00,20.4,43,63.0,121.8,46.0,2.62
2024-02-12T09:00,23.0,36,240.0,329.3,129.0,3.55
2024-02-12T10:00,26.5,30,447.0,516.7,174.0,4.88
2024-02-12T11:00,29.2,25,617.0,600.5,210.0,3.81
2024-02-12T12:00,30.3,28,728.0,629.7,240.0,2.05
2024-02-12T13:00,30.7,29,792.0,713.1,212.0,1.96
2024-02-12T14:00,30.8,33,777.0,752.7,182.0,2.34
2024-02-12T15:00,30.9,35,686.0,756.0,151.0,2.83
2024-02-12T16:00,31.5,31,519.0,676.3,133.0,3.91
2024-02-12T17:00,29.7,42,316.0,545.0,104.0,5.14
2024-02-12T18:00,27.5,56,108.0,291.8,57.0,4.28
2024-02-12T19:00,27.1,56,3.0,0.0,3.0,3.76
2024-02-12T20:00,26.9,56,0.0,0.0,0.0,2.47
2024-02-12T21:00,26.7,62,0.0,0.0,0.0,2.12
2024-02-12T22:00,26.4,66,0.0,0.0,0.0,1.79
2024-02-12T23:00,25.5,72,0.0,0.0,0.0,1.56
2024-02-13T00:00,24.7,74,0.0,0.0,0.0,2.50
2024-02-13T01:00,23.9,75,0.0,0.0,0.0,3.40
2024-02-13T02:00,23.9,71,0.0,0.0,0.0,2.50
2024-02-13T03:00,23.0,74,0.0,0.0,0.0,1.84
2024-02-13T04:00,24.1,74,0.0,0.0,0.0,1.46
2024-02-13T05:00,23.8,75,0.0,0.0,0.0,1.53
2024-02-13T06:00,22.7,85,0.0,0.0,0.0,2.96
2024-02-13T07:00,22.5,88,0.0,0.0,0.0,2.69
2024-02-13T08:00,23.2,88,50.0,70.9,40.0,2.40
2024-02-13T09:00,24.1,85,148.0,58.8,128.0,3.91
2024-02-13T10:00,25.2,80,276.0,175.0,183.0,5.71
2024-02-13T11:00,26.3,74,466.0,368.6,215.0,7.23
2024-02-13T12:00,27.3,68,567.0,416.3,243.0,7.02
2024-02-13T13:00,27.7,63,721.0,639.1,199.0,6.61
2024-02-13T14:00,27.8,61,774.0,769.7,163.0,6.93
2024-02-13T15:00,27.5,62,662.0,704.7,161.0,6.80
2024-02-13T16:00,27.1,65,446.0,512.4,152.0,5.35
2024-02-13T17:00,26.8,67,312.0,525.9,106.0,4.67
2024-02-13T18:00,25.8,73,109.0,293.5,57.0,3.22
2024-02-13T19:00,25.1,78,3.0,0.0,3.0,2.47
2024-02-13T20:00,24.5,81,0.0,0.0,0.0,2.47
2024-02-13T21:00,23.9,84,0.0,0.0,0.0,3.06
2024-02-13T22:00,23.4,87,0.0,0.0,0.0,3.34
2024-02-13T23:00,23.2,89,0.0,0.0,0.0,4.00
2024-02-14T00:00,23.4,88,0.0,0.0,0.0,5.15
2024-02-14T01:00,23.8,84,0.0,0.0,0.0,5.82
2024-02-14T02:00,23.8,83,0.0,0.0,0.0,5.51
2024-02-14T03:00,23.9,82,0.0,0.0,0.0,5.66
2024-02-14T04:00,24.2,83,0.0,0.0,0.0,4.46
2024-02-14T05:00,23.7,85,0.0,0.0,0.0,4.07
2024-02-14T06:00,23.5,88,0.0,0.0,0.0,4.20
2024-02-14T07:00,23.2,89,0.0,0.0,0.0,3.98
2024-02-14T08:00,24.1,85,66.0,189.7,39.0,3.55
2024-02-14T09:00,26.1,74,259.0,469.9,98.0,3.98
2024-02-14T10:00,28.3,62,472.0,639.9,130.0,5.60
2024-02-14T11:00,29.6,59,643.0,722.0,149.0,7.01
2024-02-14T12:00,30.0,58,759.0,762.5,163.0,7.31
2024-02-14T13:00,29.8,61,749.0,681.6,190.0,7.97
2024-02-14T14:00,29.5,64,729.0,683.7,184.0,8.71
2024-02-14T15:00,28.9,69,635.0,641.4,177.0,8.72
2024-02-14T16:00,28.1,75,468.0,584.3,131.0,6.91
2024-02-14T17:00,27.4,79,312.0,517.2,108.0,6.60
2024-02-14T18:00,26.6,83,108.0,272.9,59.0,5.25
2024-02-14T19:00,26.0,87,3.0,0.0,3.0,4.04
2024-02-14T20:00,25.7,89,0.0,0.0,0.0,3.18
2024-02-14T21:00,25.4,91,0.0,0.0,0.0,2.96
2024-02-14T22:00,25.4,90,0.0,0.0,0.0,3.02
2024-02-14T23:00,25.3,88,0.0,0.0,0.0,3.22
2024-02-15T00:00,24.1,86,0.0,0.0,0.0,4.22
2024-02-15T01:00,23.7,87,0.0,0.0,0.0,5.76
2024-02-15T02:00,23.7,90,0.0,0.0,0.0,6.85
2024-02-15T03:00,23.7,89,0.0,0.0,0.0,5.73
2024-02-15T04:00,23.5,93,0.0,0.0,0.0,3.40
2024-02-15T05:00,23.9,90,0.0,0.0,0.0,2.80
2024-02-15T06:00,24.4,91,0.0,0.0,0.0,3.20
2024-02-15T07:00,24.5,91,0.0,0.0,0.0,4.70
2024-02-15T08:00,24.7,89,39.0,76.5,28.0,5.20
2024-02-15T09:00,26.0,84,200.0,228.7,121.0,5.60
2024-02-15T10:00,25.5,88,351.0,266.0,208.0,5.26
2024-02-15T11:00,26.0,87,402.0,216.7,253.0,5.99
2024-02-15T12:00,26.1,88,664.0,479.0,288.0,4.39
2024-02-15T13:00,26.1,86,665.0,452.9,292.0,4.59
2024-02-15T14:00,26.5,84,706.0,579.7,242.0,4.90
2024-02-15T15:00,26.7,82,570.0,518.6,198.0,4.50
2024-02-15T16:00,26.4,81,459.0,522.7,156.0,3.76
2024-02-15T17:00,26.0,81,281.0,377.8,131.0,3.40
2024-02-15T18:00,25.3,83,96.0,181.4,63.0,3.81
2024-02-15T19:00,24.7,87,3.0,0.0,3.0,3.47
2024-02-15T20:00,24.1,89,0.0,0.0,0.0,3.01
2024-02-15T21:00,23.6,91,0.0,0.0,0.0,2.45
2024-02-15T22:00,23.4,92,0.0,0.0,0.0,2.31
2024-02-15T23:00,23.0,94,0.0,0.0,0.0,1.99
2024-02-16T00:00,23.1,94,0.0,0.0,0.0,1.81
2024-02-16T01:00,23.4,93,0.0,0.0,0.0,1.22
2024-02-16T02:00,23.5,91,0.0,0.0,0.0,2.85
2024-02-16T03:00,23.0,96,0.0,0.0,0.0,1.04
2024-02-16T04:00,23.3,90,0.0,0.0,0.0,3.13
2024-02-16T05:00,23.5,87,0.0,0.0,0.0,2.65
2024-02-16T06:00,23.4,84,0.0,0.0,0.0,3.40
2024-02-16T07:00,23.1,80,0.0,0.0,0.0,5.33
2024-02-16T08:00,23.7,64,70.0,192.9,42.0,7.12
2024-02-16T09:00,24.7,54,266.0,473.6,101.0,8.16
2024-02-16T10:00,25.2,51,491.0,678.8,124.0,8.62
2024-02-16T11:00,25.5,49,669.0,764.4,141.0,8.64
2024-02-16T12:00,25.6,50,783.0,796.5,155.0,8.99
2024-02-16T13:00,25.4,50,829.0,807.8,161.0,9.22
2024-02-16T14:00,25.3,50,801.0,797.5,160.0,9.40
2024-02-16T15:00,24.9,50,701.0,763.5,151.0,9.45
2024-02-16T16:00,24.9,49,540.0,695.2,135.0,9.48
2024-02-16T17:00,24.1,51,331.0,555.4,109.0,9.39
2024-02-16T18:00,23.0,55,118.0,309.4,61.0,8.38
2024-02-16T19:00,22.0,59,4.0,0.0,4.0,7.94
2024-02-16T20:00,21.2,64,0.0,0.0,0.0,7.42
2024-02-16T21:00,20.7,67,0.0,0.0,0.0,7.40
2024-02-16T22:00,20.1,70,0.0,0.0,0.0,6.92
2024-02-16T23:00,19.4,72,0.0,0.0,0.0,6.32
2024-02-17T00:00,18.5,74,0.0,0.0,0.0,6.10
2024-02-17T01:00,17.8,73,0.0,0.0,0.0,6.20
2024-02-17T02:00,17.5,71,0.0,0.0,0.0,6.37
2024-02-17T03:00,17.2,70,0.0,0.0,0.0,6.31
2024-02-17T04:00,17.8,70,0.0,0.0,0.0,6.32
2024-02-17T05:00,17.6,69,0.0,0.0,0.0,6.49
2024-02-17T06:00,17.5,68,0.0,0.0,0.0,6.76
2024-02-17T07:00,17.4,67,0.0,0.0,0.0,6.93
2024-02-17T08:00,18.4,59,76.0,225.0,43.0,7.25
2024-02-17T09:00,20.4,49,285.0,520.9,102.0,7.62
2024-02-17T10:00,22.4,45,505.0,685.8,132.0,8.64
2024-02-17T11:00,23.5,43,687.0,770.8,152.0,8.51
2024-02-17T12:00,24.4,40,807.0,814.6,162.0,7.77
2024-02-17T13:00,25.2,36,856.0,832.2,165.0,7.95
2024-02-17T14:00,25.7,32,830.0,825.2,164.0,8.28
2024-02-17T15:00,25.5,31,727.0,789.2,156.0,9.17
2024-02-17T16:00,24.8,35,554.0,713.9,136.0,9.88
2024-02-17T17:00,24.1,38,341.0,576.6,109.0,9.26
2024-02-17T18:00,23.2,41,123.0,321.7,63.0,8.30
2024-02-17T19:00,22.2,45,5.0,16.8,4.0,7.46
2024-02-17T20:00,21.7,47,0.0,0.0,0.0,7.16
2024-02-17T21:00,21.2,50,0.0,0.0,0.0,7.07
2024-02-17T22:00,20.7,54,0.0,0.0,0.0,7.02
2024-02-17T23:00,20.2,59,0.0,0.0,0.0,6.70
2024-02-18T00:00,19.3,64,0.0,0.0,0.0,5.94
2024-02-18T01:00,18.2,64,0.0,0.0,0.0,5.48
2024-02-18T02:00,17.8,65,0.0,0.0,0.0,5.66
2024-02-18T03:00,17.8,68,0.0,0.0,0.0,6.00
2024-02-18T04:00,18.5,69,0.0,0.0,0.0,6.10
2024-02-18T05:00,18.2,70,0.0,0.0,0.0,5.69
2024-02-18T06:00,17.9,71,0.0,0.0,0.0,5.43
2024-02-18T07:00,17.7,72,0.0,0.0,0.0,5.28
2024-02-18T08:00,18.9,67,78.0,229.5,44.0,5.03
2024-02-18T09:00,21.6,55,287.0,522.1,102.0,5.36
2024-02-18T10:00,24.0,38,509.0,689.2,132.0,7.89
2024-02-18T11:00,25.4,29,696.0,781.5,151.0,8.74
2024-02-18T12:00,26.3,30,818.0,826.2,161.0,9.09
2024-02-18T13:00,26.9,31,863.0,838.4,164.0,9.63
2024-02-18T14:00,26.8,35,834.0,829.3,162.0,10.04
2024-02-18T15:00,26.5,39,728.0,792.7,152.0,10.43
2024-02-18T16:00,26.3,43,552.0,708.8,135.0,9.71
2024-02-18T17:00,25.6,45,340.0,568.0,110.0,9.40
2024-02-18T18:00,24.7,51,122.0,317.8,62.0,8.80
2024-02-18T19:00,24.0,56,5.0,0.0,5.0,7.92
2024-02-18T20:00,23.5,60,0.0,0.0,0.0,7.37
2024-02-18T21:00,23.1,62,0.0,0.0,0.0,6.79
2024-02-18T22:00,22.6,65,0.0,0.0,0.0,6.59
2024-02-18T23:00,22.1,69,0.0,0.0,0.0,6.45
2024-02-19T00:00,21.6,72,0.0,0.0,0.0,6.12
2024-02-19T01:00,21.1,75,0.0,0.0,0.0,6.00
2024-02-19T02:00,20.5,76,0.0,0.0,0.0,5.66
2024-02-19T03:00,20.0,77,0.0,0.0,0.0,5.66
2024-02-19T04:00,20.7,73,0.0,0.0,0.0,5.94
2024-02-19T05:00,20.3,71,0.0,0.0,0.0,5.67
2024-02-19T06:00,19.9,71,0.0,0.0,0.0,5.32
2024-02-19T07:00,19.5,72,0.0,0.0,0.0,5.10
2024-02-19T08:00,20.6,68,74.0,160.4,50.0,4.21
2024-02-19T09:00,22.7,61,250.0,321.8,135.0,4.63
2024-02-19T10:00,24.8,56,473.0,559.8,165.0,6.26
2024-02-19T11:00,26.2,49,621.0,553.7,233.0,7.74
2024-02-19T12:00,27.0,43,785.0,742.6,192.0,8.88
2024-02-19T13:00,27.1,43,832.0,762.2,194.0,8.98
2024-02-19T14:00,26.8,45,800.0,732.6,204.0,9.25
2024-02-19T15:00,26.5,45,693.0,677.0,199.0,9.20
2024-02-19T16:00,25.7,52,480.0,441.5,219.0,9.28
2024-02-19T17:00,25.0,54,306.0,392.7,146.0,9.68
2024-02-19T18:00,24.3,55,121.0,308.8,62.0,9.17
2024-02-19T19:00,23.6,58,5.0,16.2,4.0,8.42
2024-02-19T20:00,23.1,61,0.0,0.0,0.0,7.67
2024-02-19T21:00,22.5,66,0.0,0.0,0.0,7.20
2024-02-19T22:00,22.0,69,0.0,0.0,0.0,6.83
2024-02-19T23:00,21.4,72,0.0,0.0,0.0,6.20
2024-02-20T00:00,20.7,74,0.0,0.0,0.0,5.38
2024-02-20T01:00,19.9,76,0.0,0.0,0.0,4.78
2024-02-20T02:00,19.4,75,0.0,0.0,0.0,4.98
2024-02-20T03:00,19.1,76,0.0,0.0,0.0,5.16
2024-02-20T04:00,19.5,76,0.0,0.0,0.0,5.59
2024-02-20T05:00,18.9,77,0.0,0.0,0.0,5.41
2024-02-20T06:00,18.3,76,0.0,0.0,0.0,5.09
2024-02-20T07:00,17.9,73,0.0,0.0,0.0,4.88
2024-02-20T08:00,19.4,63,82.0,231.6,47.0,4.57
2024-02-20T09:00,22.1,52,293.0,524.5,104.0,4.92
2024-02-20T10:00,24.2,48,506.0,646.8,148.0,6.56
2024-02-20T11:00,25.5,43,656.0,623.5,217.0,6.71
2024-02-20T12:00,26.2,43,709.0,513.7,297.0,6.86
2024-02-20T13:00,26.6,46,794.0,617.6,275.0,7.62
2024-02-20T14:00,26.5,47,816.0,778.7,180.0,8.61
2024-02-20T15:00,26.3,48,718.0,764.3,158.0,9.12
2024-02-20T16:00,25.8,52,534.0,633.0,158.0,9.26
2024-02-20T17:00,25.0,56,315.0,426.9,140.0,8.99
2024-02-20T18:00,24.2,59,107.0,144.9,79.0,8.32
2024-02-20T19:00,23.7,62,5.0,0.0,5.0,7.69
2024-02-20T20:00,23.4,62,0.0,0.0,0.0,6.89
2024-02-20T21:00,22.9,63,0.0,0.0,0.0,6.46
2024-02-20T22:00,22.3,65,0.0,0.0,0.0,5.80
2024-02-20T23:00,21.9,66,0.0,0.0,0.0,5.30
2024-02-21T00:00,21.4,68,0.0,0.0,0.0,4.55
2024-02-21T01:00,20.8,70,0.0,0.0,0.0,4.61
2024-02-21T02:00,20.5,69,0.0,0.0,0.0,4.75
2024-02-21T03:00,20.1,67,0.0,0.0,0.0,4.67
2024-02-21T04:00,20.5,61,0.0,0.0,0.0,4.56
2024-02-21T05:00,20.2,59,0.0,0.0,0.0,4.46
2024-02-21T06:00,20.1,59,0.0,0.0,0.0,4.28
2024-02-21T07:00,20.0,59,0.0,0.0,0.0,4.20
2024-02-21T08:00,21.6,53,80.0,222.7,46.0,4.10
2024-02-21T09:00,24.0,44,281.0,495.3,101.0,4.72
2024-02-21T10:00,26.3,40,493.0,650.3,131.0,5.35
2024-02-21T11:00,27.7,40,669.0,735.1,149.0,4.80
2024-02-21T12:00,28.4,45,786.0,777.3,160.0,5.38
2024-02-21T13:00,28.4,53,832.0,792.9,163.0,6.69
2024-02-21T14:00,27.9,55,801.0,778.1,163.0,7.49
2024-02-21T15:00,27.7,56,673.0,681.0,172.0,7.76
2024-02-21T16:00,27.6,56,534.0,663.6,138.0,7.35
2024-02-21T17:00,26.8,58,330.0,535.9,109.0,7.22
2024-02-21T18:00,26.1,61,120.0,296.8,62.0,6.67
2024-02-21T19:00,25.4,64,5.0,15.7,4.0,6.28
2024-02-21T20:00,25.2,65,0.0,0.0,0.0,5.25
2024-02-21T21:00,24.8,66,0.0,0.0,0.0,4.43
2024-02-21T22:00,24.3,68,0.0,0.0,0.0,3.90
2024-02-21T23:00,23.9,68,0.0,0.0,0.0,3.41
2024-02-22T00:00,23.3,70,0.0,0.0,0.0,2.96
2024-02-22T01:00,22.8,71,0.0,0.0,0.0,2.72
2024-02-22T02:00,22.4,72,0.0,0.0,0.0,3.30
2024-02-22T03:00,22.2,72,0.0,0.0,0.0,3.72
2024-02-22T04:00,22.0,71,0.0,0.0,0.0,2.73
2024-02-22T05:00,21.8,71,0.0,0.0,0.0,3.20
2024-02-22T06:00,21.4,72,0.0,0.0,0.0,2.98
2024-02-22T07:00,21.0,73,0.0,0.0,0.0,2.62
2024-02-22T08:00,22.7,63,80.0,220.5,46.0,1.87
2024-02-22T09:00,25.1,54,279.0,485.7,101.0,2.31
2024-02-22T10:00,27.0,50,490.0,641.1,131.0,3.19
2024-02-22T11:00,28.3,49,665.0,726.0,149.0,3.61
2024-02-22T12:00,29.0,52,783.0,770.4,160.0,4.29
2024-02-22T13:00,29.1,56,829.0,786.3,163.0,5.48
2024-02-22T14:00,28.9,57,800.0,777.5,160.0,6.43
2024-02-22T15:00,28.7,59,698.0,740.5,151.0,6.75
2024-02-22T16:00,28.6,59,532.0,660.6,136.0,6.60
2024-02-22T17:00,27.7,63,329.0,530.3,109.0,6.86
2024-02-22T18:00,26.8,67,120.0,293.6,62.0,6.16
2024-02-22T19:00,26.5,67,5.0,15.5,4.0,5.33
2024-02-22T20:00,26.2,67,0.0,0.0,0.0,4.12
2024-02-22T21:00,25.8,69,0.0,0.0,0.0,3.26
2024-02-22T22:00,25.4,72,0.0,0.0,0.0,3.32
2024-02-22T23:00,25.1,72,0.0,0.0,0.0,3.54
2024-02-23T00:00,24.7,73,0.0,0.0,0.0,3.63
2024-02-23T01:00,24.3,75,0.0,0.0,0.0,3.90
2024-02-23T02:00,23.9,75,0.0,0.0,0.0,3.73
2024-02-23T03:00,23.5,75,0.0,0.0,0.0,3.61
2024-02-23T04:00,24.0,72,0.0,0.0,0.0,3.72
2024-02-23T05:00,23.7,72,0.0,0.0,0.0,3.51
2024-02-23T06:00,23.4,71,0.0,0.0,0.0,3.20
2024-02-23T07:00,23.0,71,1.0,0.0,1.0,2.93
2024-02-23T08:00,24.6,66,82.0,224.6,47.0,2.44
2024-02-23T09:00,26.4,58,282.0,489.7,101.0,2.31
2024-02-23T10:00,28.5,52,493.0,644.5,130.0,2.14
2024-02-23T11:00,30.1,49,669.0,729.6,148.0,2.60
2024-02-23T12:00,30.8,51,787.0,773.4,159.0,3.91
2024-02-23T13:00,31.1,50,834.0,789.1,163.0,4.50
2024-02-23T14:00,31.0,50,807.0,783.0,160.0,4.91
2024-02-23T15:00,30.5,53,707.0,749.7,151.0,5.16
2024-02-23T16:00,30.6,53,545.0,680.9,135.0,5.88
2024-02-23T17:00,29.3,58,339.0,551.2,109.0,4.83
2024-02-23T18:00,28.1,64,126.0,310.5,64.0,2.56
2024-02-23T19:00,27.5,67,6.0,15.2,5.0,1.33
2024-02-23T20:00,27.1,71,0.0,0.0,0.0,2.66
2024-02-23T21:00,26.4,77,0.0,0.0,0.0,2.86
2024-02-23T22:00,25.8,77,0.0,0.0,0.0,2.32
2024-02-23T23:00,25.3,75,0.0,0.0,0.0,2.28
2024-02-24T00:00,24.5,75,0.0,0.0,0.0,1.75
2024-02-24T01:00,25.1,71,0.0,0.0,0.0,0.85
2024-02-24T02:00,23.2,83,0.0,0.0,0.0,1.86
2024-02-24T03:00,23.2,89,0.0,0.0,0.0,2.47
2024-02-24T04:00,24.2,94,0.0,0.0,0.0,2.48
2024-02-24T05:00,24.2,94,0.0,0.0,0.0,3.20
2024-02-24T06:00,24.3,91,0.0,0.0,0.0,3.35
2024-02-24T07:00,24.1,93,1.0,0.0,1.0,3.98
2024-02-24T08:00,25.2,89,83.0,222.3,48.0,4.73
2024-02-24T09:00,26.6,78,282.0,480.1,103.0,4.55
2024-02-24T10:00,28.0,67,494.0,637.1,133.0,3.80
2024-02-24T11:00,29.1,59,668.0,714.9,155.0,4.20
2024-02-24T12:00,29.3,58,789.0,768.9,162.0,6.22
2024-02-24T13:00,29.0,55,836.0,784.9,166.0,8.28
2024-02-24T14:00,29.1,53,806.0,776.5,162.0,8.70
2024-02-24T15:00,29.1,50,708.0,746.8,152.0,8.30
2024-02-24T16:00,31.2,39,539.0,661.4,139.0,4.36
2024-02-24T17:00,31.0,41,328.0,502.8,117.0,3.55
2024-02-24T18:00,30.3,42,126.0,307.4,64.0,2.82
2024-02-24T19:00,29.4,48,6.0,15.0,5.0,2.56
2024-02-24T20:00,28.2,57,0.0,0.0,0.0,4.36
2024-02-24T21:00,25.6,80,0.0,0.0,0.0,5.97
2024-02-24T22:00,25.5,77,0.0,0.0,0.0,4.63
2024-02-24T23:00,25.3,72,0.0,0.0,0.0,5.05
2024-02-25T00:00,24.9,69,0.0,0.0,0.0,5.02
2024-02-25T01:00,24.4,71,0.0,0.0,0.0,4.64
2024-02-25T02:00,24.0,72,0.0,0.0,0.0,4.65
2024-02-25T03:00,23.6,75,0.0,0.0,0.0,4.43
2024-02-25T04:00,23.1,80,0.0,0.0,0.0,3.77
2024-02-25T05:00,22.6,85,0.0,0.0,0.0,3.63
2024-02-25T06:00,22.3,88,0.0,0.0,0.0,3.40
2024-02-25T07:00,22.0,89,1.0,0.0,1.0,3.30
2024-02-25T08:00,23.9,79,87.0,238.9,49.0,3.59
2024-02-25T09:00,26.4,59,292.0,502.5,103.0,5.73
2024-02-25T10:00,27.8,51,506.0,654.4,133.0,6.58
2024-02-25T11:00,29.0,44,682.0,736.5,151.0,7.16
2024-02-25T12:00,29.3,43,799.0,779.1,161.0,8.26
2024-02-25T13:00,28.8,47,846.0,794.7,165.0,8.98
2024-02-25T14:00,28.5,46,819.0,789.1,162.0,9.62
2024-02-25T15:00,27.9,48,718.0,754.6,154.0,9.97
2024-02-25T16:00,27.3,52,551.0,681.6,137.0,9.63
2024-02-25T17:00,26.5,55,344.0,552.2,111.0,8.93
2024-02-25T18:00,25.4,59,129.0,314.1,65.0,8.61
2024-02-25T19:00,24.9,60,7.0,14.8,6.0,7.57
2024-02-25T20:00,24.7,60,0.0,0.0,0.0,7.26
2024-02-25T21:00,24.3,62,0.0,0.0,0.0,6.56
2024-02-25T22:00,23.9,62,0.0,0.0,0.0,6.06
2024-02-25T23:00,23.3,62,0.0,0.0,0.0,5.67
2024-02-26T00:00,22.9,65,0.0,0.0,0.0,5.22
2024-02-26T01:00,22.4,68,0.0,0.0,0.0,4.50
2024-02-26T02:00,21.7,70,0.0,0.0,0.0,4.13
2024-02-26T03:00,21.2,72,0.0,0.0,0.0,4.03
2024-02-26T04:00,21.2,74,0.0,0.0,0.0,3.95
2024-02-26T05:00,20.7,76,0.0,0.0,0.0,3.69
2024-02-26T06:00,20.2,80,0.0,0.0,0.0,3.48
2024-02-26T07:00,19.9,83,1.0,0.0,1.0,3.54
2024-02-26T08:00,21.6,76,93.0,255.0,52.0,3.61
2024-02-26T09:00,23.9,70,304.0,521.8,106.0,4.72
2024-02-26T10:00,25.7,60,522.0,674.9,135.0,5.55
2024-02-26T11:00,26.8,55,703.0,757.8,154.0,5.81
2024-02-26T12:00,27.4,54,822.0,801.4,163.0,6.76
2024-02-26T13:00,27.6,52,869.0,816.1,167.0,7.52
2024-02-26T14:00,27.8,49,839.0,807.7,164.0,7.49
2024-02-26T15:00,27.7,47,737.0,775.7,155.0,7.52
2024-02-26T16:00,27.1,50,565.0,698.4,139.0,7.79
2024-02-26T17:00,26.4,54,354.0,570.4,112.0,7.00
2024-02-26T18:00,25.3,60,135.0,330.5,67.0,6.37
2024-02-26T19:00,24.7,65,7.0,14.6,6.0,6.06
2024-02-26T20:00,24.4,67,0.0,0.0,0.0,5.64
2024-02-26T21:00,24.1,69,0.0,0.0,0.0,5.57
2024-02-26T22:00,23.7,70,0.0,0.0,0.0,5.38
2024-02-26T23:00,23.1,73,0.0,0.0,0.0,4.80
2024-02-27T00:00,22.6,75,0.0,0.0,0.0,4.21
2024-02-27T01:00,22.1,78,0.0,0.0,0.0,4.00
2024-02-27T02:00,21.6,79,0.0,0.0,0.0,3.73
2024-02-27T03:00,21.2,78,0.0,0.0,0.0,3.72
2024-02-27T04:00,21.5,77,0.0,0.0,0.0,3.61
2024-02-27T05:00,21.3,79,0.0,0.0,0.0,4.00
2024-02-27T06:00,21.0,82,0.0,0.0,0.0,4.01
2024-02-27T07:00,20.7,86,1.0,0.0,1.0,3.65
2024-02-27T08:00,22.3,78,95.0,258.5,53.0,2.98
2024-02-27T09:00,24.4,68,306.0,522.4,106.0,3.30
2024-02-27T10:00,26.1,59,526.0,676.0,136.0,4.44
2024-02-27T11:00,27.3,50,707.0,759.6,154.0,5.20
2024-02-27T12:00,27.9,47,828.0,804.1,164.0,6.22
2024-02-27T13:00,28.2,44,878.0,822.2,168.0,7.22
2024-02-27T14:00,28.2,41,852.0,819.1,165.0,7.52
2024-02-27T15:00,27.9,42,752.0,791.3,156.0,7.58
2024-02-27T16:00,27.4,45,583.0,721.6,141.0,7.64
2024-02-27T17:00,26.4,51,367.0,590.9,115.0,7.93
2024-02-27T18:00,25.3,58,141.0,346.6,69.0,7.32
2024-02-27T19:00,24.5,62,8.0,14.4,7.0,6.40
2024-02-27T20:00,24.1,63,0.0,0.0,0.0,5.63
2024-02-27T21:00,23.3,65,0.0,0.0,0.0,4.90
2024-02-27T22:00,22.4,69,0.0,0.0,0.0,4.36
2024-02-27T23:00,21.6,70,0.0,0.0,0.0,4.24
2024-02-28T00:00,20.9,73,0.0,0.0,0.0,4.07
2024-02-28T01:00,20.2,73,0.0,0.0,0.0,3.94
2024-02-28T02:00,19.6,72,0.0,0.0,0.0,3.92
2024-02-28T03:00,18.8,73,0.0,0.0,0.0,3.83
2024-02-28T04:00,18.3,76,0.0,0.0,0.0,3.07
2024-02-28T05:00,17.9,79,0.0,0.0,0.0,3.30
2024-02-28T06:00,17.7,77,0.0,0.0,0.0,3.71
2024-02-28T07:00,18.3,66,2.0,0.0,2.0,4.28
2024-02-28T08:00,20.6,60,100.0,280.1,54.0,4.32
2024-02-28T09:00,23.3,58,318.0,543.6,108.0,4.96
2024-02-28T10:00,25.9,44,543.0,697.7,138.0,5.90
2024-02-28T11:00,28.0,29,727.0,781.9,155.0,6.26
2024-02-28T12:00,29.2,27,849.0,823.7,166.0,6.63
2024-02-28T13:00,29.3,33,895.0,836.4,170.0,7.68
2024-02-28T14:00,28.7,39,863.0,826.8,167.0,8.68
2024-02-28T15:00,28.0,42,757.0,793.7,157.0,9.17
2024-02-28T16:00,27.4,46,584.0,720.3,141.0,9.10
2024-02-28T17:00,26.5,49,367.0,587.8,115.0,8.60
2024-02-28T18:00,25.3,54,141.0,343.4,69.0,7.89
2024-02-28T19:00,24.3,60,8.0,14.2,7.0,7.11
2024-02-28T20:00,23.8,62,0.0,0.0,0.0,6.42
2024-02-28T21:00,23.1,66,0.0,0.0,0.0,5.56
2024-02-28T22:00,22.3,69,0.0,0.0,0.0,5.31
2024-02-28T23:00,21.5,72,0.0,0.0,0.0,5.33
2024-02-29T00:00,20.9,75,0.0,0.0,0.0,5.47
2024-02-29T01:00,20.2,77,0.0,0.0,0.0,5.22
2024-02-29T02:00,19.7,77,0.0,0.0,0.0,5.03
2024-02-29T03:00,19.1,76,0.0,0.0,0.0,4.88
2024-02-29T04:00,19.3,70,0.0,0.0,0.0,4.92
2024-02-29T05:00,18.7,70,0.0,0.0,0.0,4.87
2024-02-29T06:00,18.5,65,0.0,0.0,0.0,5.21
2024-02-29T07:00,18.7,59,2.0,0.0,2.0,5.10
2024-02-29T08:00,21.2,45,105.0,295.2,56.0,4.74
2024-02-29T09:00,24.7,28,329.0,561.8,110.0,3.86
2024-02-29T10:00,27.7,23,556.0,715.7,138.0,2.97
2024-02-29T11:00,29.8,22,742.0,795.9,157.0,3.52
2024-02-29T12:00,30.3,28,863.0,835.9,167.0,5.15
2024-02-29T13:00,30.0,36,908.0,848.2,170.0,7.02
2024-02-29T14:00,29.5,40,874.0,836.8,167.0,7.48
2024-02-29T15:00,29.2,43,763.0,798.7,157.0,7.52
2024-02-29T16:00,28.7,46,579.0,710.9,140.0,7.56
2024-02-29T17:00,27.9,47,362.0,577.9,113.0,7.15
2024-02-29T18:00,26.9,53,139.0,335.6,68.0,6.79
2024-02-29T19:00,25.7,65,8.0,14.0,7.0,5.71
2024-02-29T20:00,25.3,70,0.0,0.0,0.0,4.53
2024-02-29T21:00,24.7,72,0.0,0.0,0.0,3.69
2024-02-29T22:00,24.1,70,0.0,0.0,0.0,2.83
2024-02-29T23:00,23.0,71,0.0,0.0,0.0,2.24
2024-03-01T00:00,22.7,70,0.0,0.0,0.0,1.30
2024-03-01T01:00,21.3,69,0.0,0.0,0.0,2.40
2024-03-01T02:00,20.9,69,0.0,0.0,0.0,2.71
2024-03-01T03:00,20.3,73,0.0,0.0,0.0,2.53
2024-03-01T04:00,23.2,29,0.0,0.0,0.0,3.22
2024-03-01T05:00,23.3,28,0.0,0.0,0.0,3.81
2024-03-01T06:00,23.2,28,0.0,0.0,0.0,4.64
2024-03-01T07:00,23.7,28,2.0,0.0,2.0,6.14
2024-03-01T08:00,25.4,25,101.0,266.1,56.0,7.16
2024-03-01T09:00,28.5,21,314.0,523.7,108.0,6.23
2024-03-01T10:00,31.7,19,532.0,673.9,136.0,4.71
2024-03-01T11:00,32.9,23,711.0,754.1,154.0,2.42
2024-03-01T12:00,33.0,27,830.0,795.4,165.0,4.05
2024-03-01T13:00,32.4,28,874.0,809.5,167.0,6.36
2024-03-01T14:00,31.5,30,841.0,797.3,165.0,6.78
2024-03-01T15:00,30.7,39,737.0,764.3,155.0,6.41
2024-03-01T16:00,29.9,43,566.0,688.7,139.0,5.88
2024-03-01T17:00,29.0,49,354.0,556.5,113.0,4.97
2024-03-01T18:00,27.9,58,136.0,318.6,68.0,4.00
2024-03-01T19:00,26.9,66,8.0,13.8,7.0,2.20
2024-03-01T20:00,26.6,67,0.0,0.0,0.0,0.92
2024-03-01T21:00,26.4,67,0.0,0.0,0.0,0.30
2024-03-01T22:00,26.1,69,0.0,0.0,0.0,0.67
2024-03-01T23:00,25.4,73,0.0,0.0,0.0,1.12
2024-03-02T00:00,24.9,77,0.0,0.0,0.0,1.30
2024-03-02T01:00,24.5,79,0.0,0.0,0.0,0.91
2024-03-02T02:00,24.7,75,0.0,0.0,0.0,0.40
2024-03-02T03:00,24.2,75,0.0,0.0,0.0,0.85
2024-03-02T04:00,24.7,59,0.0,0.0,0.0,1.14
2024-03-02T05:00,24.9,57,0.0,0.0,0.0,1.00
2024-03-02T06:00,24.1,63,0.0,0.0,0.0,1.53
2024-03-02T07:00,23.7,70,2.0,0.0,2.0,1.84
2024-03-02T08:00,26.0,65,101.0,260.8,56.0,1.63
2024-03-02T09:00,28.1,57,309.0,503.9,109.0,1.97
2024-03-02T10:00,29.3,55,515.0,620.8,148.0,3.18
2024-03-02T11:00,29.6,56,679.0,675.1,178.0,4.25
2024-03-02T12:00,29.3,59,710.0,503.9,287.0,4.81
2024-03-02T13:00,29.1,64,751.0,611.5,215.0,5.69
2024-03-02T14:00,28.9,65,794.0,698.1,200.0,5.54
2024-03-02T15:00,28.7,65,673.0,628.1,193.0,5.12
2024-03-02T16:00,29.1,59,530.0,596.1,159.0,4.30
2024-03-02T17:00,28.4,62,352.0,544.6,115.0,3.81
2024-03-02T18:00,27.7,65,135.0,311.3,68.0,2.89
2024-03-02T19:00,27.1,68,8.0,13.7,7.0,2.33
2024-03-02T20:00,27.0,68,0.0,0.0,0.0,2.64
2024-03-02T21:00,27.0,67,0.0,0.0,0.0,2.94
2024-03-02T22:00,26.9,65,0.0,0.0,0.0,2.62
2024-03-02T23:00,26.5,68,0.0,0.0,0.0,2.02
2024-03-03T00:00,26.0,71,0.0,0.0,0.0,2.09
2024-03-03T01:00,25.5,73,0.0,0.0,0.0,1.91
2024-03-03T02:00,24.9,74,0.0,0.0,0.0,1.36
2024-03-03T03:00,24.3,76,0.0,0.0,0.0,1.30
2024-03-03T04:00,25.0,84,0.0,0.0,0.0,2.42
2024-03-03T05:00,24.8,85,0.0,0.0,0.0,2.62
2024-03-03T06:00,24.3,86,0.0,0.0,0.0,2.60
2024-03-03T07:00,23.8,87,2.0,0.0,2.0,2.53
2024-03-03T08:00,25.0,80,102.0,255.6,57.0,2.24
2024-03-03T09:00,26.8,67,311.0,499.4,111.0,2.53
2024-03-03T10:00,28.5,56,522.0,635.5,144.0,3.42
2024-03-03T11:00,29.2,55,697.0,710.7,167.0,5.52
2024-03-03T12:00,29.2,58,807.0,737.9,185.0,7.32
2024-03-03T13:00,29.3,56,824.0,697.9,210.0,8.11
2024-03-03T14:00,29.3,53,813.0,716.7,201.0,8.44
2024-03-03T15:00,29.2,50,735.0,751.1,159.0,8.28
2024-03-03T16:00,28.4,52,573.0,691.4,141.0,8.13
2024-03-03T17:00,27.6,57,360.0,560.3,115.0,7.62
2024-03-03T18:00,26.6,61,140.0,327.1,69.0,6.96
2024-03-03T19:00,25.8,65,9.0,13.5,8.0,6.49
2024-03-03T20:00,25.5,66,0.0,0.0,0.0,6.45
2024-03-03T21:00,25.0,70,0.0,0.0,0.0,6.10
2024-03-03T22:00,24.4,73,0.0,0.0,0.0,5.20
2024-03-03T23:00,23.8,77,0.0,0.0,0.0,4.70
2024-03-04T00:00,23.2,79,0.0,0.0,0.0,4.11
2024-03-04T01:00,22.5,82,0.0,0.0,0.0,3.72
2024-03-04T02:00,21.9,84,0.0,0.0,0.0,3.61
2024-03-04T03:00,21.3,84,0.0,0.0,0.0,3.60
2024-03-04T04:00,21.2,84,0.0,0.0,0.0,3.75
2024-03-04T05:00,20.9,83,0.0,0.0,0.0,4.22
2024-03-04T06:00,20.6,83,0.0,0.0,0.0,4.30
2024-03-04T07:00,20.5,85,3.0,0.0,3.0,4.32
2024-03-04T08:00,22.3,79,111.0,289.6,59.0,4.01
2024-03-04T09:00,24.7,69,331.0,541.9,112.0,5.20
2024-03-04T10:00,27.1,48,553.0,690.2,140.0,5.81
2024-03-04T11:00,28.7,37,736.0,771.4,158.0,6.18
2024-03-04T12:00,29.3,38,855.0,811.8,168.0,6.96
2024-03-04T13:00,29.4,40,900.0,825.6,171.0,8.02
2024-03-04T14:00,28.9,43,868.0,817.0,168.0,8.77
2024-03-04T15:00,28.2,46,760.0,781.0,159.0,8.98
2024-03-04T16:00,27.3,51,584.0,704.8,142.0,9.06
2024-03-04T17:00,26.5,55,369.0,575.9,116.0,8.86
2024-03-04T18:00,25.4,60,144.0,338.1,70.0,8.54
2024-03-04T19:00,24.7,64,9.0,26.7,7.0,7.88
2024-03-04T20:00,24.3,67,0.0,0.0,0.0,6.62
2024-03-04T21:00,23.7,70,0.0,0.0,0.0,5.91
2024-03-04T22:00,23.1,74,0.0,0.0,0.0,5.15
2024-03-04T23:00,22.7,76,0.0,0.0,0.0,4.37
2024-03-05T00:00,22.1,78,0.0,0.0,0.0,3.93
2024-03-05T01:00,21.5,80,0.0,0.0,0.0,3.71
2024-03-05T02:00,21.0,80,0.0,0.0,0.0,4.00
2024-03-05T03:00,20.7,79,0.0,0.0,0.0,4.01
2024-03-05T04:00,20.8,77,0.0,0.0,0.0,4.00
2024-03-05T05:00,20.6,74,0.0,0.0,0.0,4.10
2024-03-05T06:00,20.3,73,0.0,0.0,0.0,3.91
2024-03-05T07:00,20.1,72,3.0,0.0,3.0,3.81
2024-03-05T08:00,21.9,63,111.0,284.0,59.0,3.42
2024-03-05T09:00,24.4,55,325.0,522.4,112.0,4.00
2024-03-05T10:00,26.6,48,542.0,666.1,141.0,4.27
2024-03-05T11:00,28.1,44,716.0,737.3,161.0,5.22
2024-03-05T12:00,28.6,49,801.0,725.0,185.0,6.37
2024-03-05T13:00,28.5,54,861.0,771.9,177.0,7.14
2024-03-05T14:00,28.5,53,842.0,784.0,168.0,7.02
2024-03-05T15:00,28.2,54,739.0,753.8,157.0,6.90
2024-03-05T16:00,27.8,58,570.0,683.2,140.0,6.80
2024-03-05T17:00,26.7,63,356.0,543.9,116.0,6.38
2024-03-05T18:00,26.0,65,140.0,317.3,70.0,5.38
2024-03-05T19:00,25.5,68,9.0,13.2,8.0,4.92
2024-03-05T20:00,25.4,68,0.0,0.0,0.0,4.33
2024-03-05T21:00,25.4,67,0.0,0.0,0.0,3.98
2024-03-05T22:00,25.1,68,0.0,0.0,0.0,3.41
2024-03-05T23:00,24.7,70,0.0,0.0,0.0,2.82
2024-03-06T00:00,24.4,72,0.0,0.0,0.0,2.40
2024-03-06T01:00,24.2,75,0.0,0.0,0.0,2.42
2024-03-06T02:00,24.0,78,0.0,0.0,0.0,2.78
2024-03-06T03:00,23.8,80,0.0,0.0,0.0,3.04
2024-03-06T04:00,24.3,82,0.0,0.0,0.0,3.49
2024-03-06T05:00,23.9,84,0.0,0.0,0.0,3.77
2024-03-06T06:00,23.6,86,0.0,0.0,0.0,3.69
2024-03-06T07:00,23.4,87,3.0,0.0,3.0,3.32
2024-03-06T08:00,24.6,80,105.0,230.4,62.0,3.60
2024-03-06T09:00,26.0,71,304.0,425.4,129.0,3.67
2024-03-06T10:00,27.2,65,523.0,597.7,161.0,4.05
2024-03-06T11:00,28.0,63,711.0,725.9,162.0,5.26
2024-03-06T12:00,28.3,60,830.0,769.0,174.0,6.27
2024-03-06T13:00,28.5,55,871.0,779.3,178.0,7.02
2024-03-06T14:00,28.3,54,848.0,782.6,173.0,7.35
2024-03-06T15:00,28.0,57,748.0,760.3,159.0,7.56
2024-03-06T16:00,27.7,55,581.0,693.4,143.0,7.65
2024-03-06T17:00,27.0,59,366.0,564.0,116.0,7.57
2024-03-06T18:00,26.0,64,144.0,328.3,71.0,7.08
2024-03-06T19:00,25.3,67,10.0,26.1,8.0,6.76
2024-03-06T20:00,24.8,69,0.0,0.0,0.0,6.67
2024-03-06T21:00,24.1,75,0.0,0.0,0.0,6.32
2024-03-06T22:00,23.5,79,0.0,0.0,0.0,5.63
2024-03-06T23:00,22.8,84,0.0,0.0,0.0,4.50
2024-03-07T00:00,22.0,90,0.0,0.0,0.0,3.42
2024-03-07T01:00,21.2,93,0.0,0.0,0.0,3.01
2024-03-07T02:00,20.4,94,0.0,0.0,0.0,2.81
2024-03-07T03:00,19.4,95,0.0,0.0,0.0,2.67
2024-03-07T04:00,19.0,95,0.0,0.0,0.0,2.37
2024-03-07T05:00,18.1,94,0.0,0.0,0.0,2.14
2024-03-07T06:00,18.0,93,0.0,0.0,0.0,2.77
2024-03-07T07:00,18.7,88,4.0,0.0,4.0,3.04
2024-03-07T08:00,21.7,72,120.0,299.6,63.0,3.35
2024-03-07T09:00,24.6,66,343.0,549.4,115.0,3.71
2024-03-07T10:00,26.6,56,566.0,694.3,143.0,5.44
2024-03-07T11:00,28.1,45,750.0,775.2,161.0,6.31
2024-03-07T12:00,29.4,35,872.0,817.4,172.0,7.24
2024-03-07T13:00,29.1,42,919.0,833.8,175.0,8.64
2024-03-07T14:00,28.7,46,885.0,823.9,172.0,9.14
2024-03-07T15:00,28.7,43,775.0,788.7,162.0,9.59
2024-03-07T16:00,28.4,43,601.0,717.8,146.0,10.00
2024-03-07T17:00,27.6,42,382.0,590.7,119.0,9.90
2024-03-07T18:00,26.2,51,153.0,352.6,74.0,9.07
2024-03-07T19:00,25.1,61,11.0,25.8,9.0,7.93
2024-03-07T20:00,24.4,66,0.0,0.0,0.0,7.11
2024-03-07T21:00,23.9,69,0.0,0.0,0.0,6.77
2024-03-07T22:00,23.3,72,0.0,0.0,0.0,6.12
2024-03-07T23:00,22.4,76,0.0,0.0,0.0,5.21
2024-03-08T00:00,21.6,81,0.0,0.0,0.0,4.49
2024-03-08T01:00,20.7,86,0.0,0.0,0.0,3.89
2024-03-08T02:00,20.0,89,0.0,0.0,0.0,3.40
2024-03-08T03:00,19.5,89,0.0,0.0,0.0,3.54
2024-03-08T04:00,20.2,88,0.0,0.0,0.0,3.57
2024-03-08T05:00,20.1,89,0.0,0.0,0.0,3.55
2024-03-08T06:00,20.0,91,0.0,0.0,0.0,3.61
2024-03-08T07:00,19.9,91,5.0,0.0,5.0,3.63
2024-03-08T08:00,21.6,85,124.0,304.4,65.0,3.55
2024-03-08T09:00,23.9,68,350.0,559.0,116.0,5.04
2024-03-08T10:00,25.6,55,577.0,703.3,146.0,5.76
2024-03-08T11:00,26.9,50,761.0,782.2,164.0,6.45
2024-03-08T12:00,27.6,46,880.0,821.3,174.0,7.42
2024-03-08T13:00,27.8,45,926.0,836.5,177.0,8.15
2024-03-08T14:00,27.8,46,894.0,829.4,174.0,8.35
2024-03-08T15:00,27.3,51,784.0,795.2,164.0,8.85
2024-03-08T16:00,27.1,52,607.0,723.2,147.0,8.96
2024-03-08T17:00,26.2,58,385.0,590.4,121.0,8.52
2024-03-08T18:00,25.2,63,153.0,350.0,74.0,7.85
2024-03-08T19:00,24.4,65,11.0,25.6,9.0,7.29
2024-03-08T20:00,24.0,67,0.0,0.0,0.0,6.26
2024-03-08T21:00,23.5,67,0.0,0.0,0.0,5.54
2024-03-08T22:00,22.9,69,0.0,0.0,0.0,5.12
2024-03-08T23:00,22.1,72,0.0,0.0,0.0,4.51
2024-03-09T00:00,21.4,75,0.0,0.0,0.0,4.03
2024-03-09T01:00,20.6,77,0.0,0.0,0.0,3.61
2024-03-09T02:00,20.0,76,0.0,0.0,0.0,3.55
2024-03-09T03:00,19.5,75,0.0,0.0,0.0,3.55
2024-03-09T04:00,20.2,65,0.0,0.0,0.0,3.94
2024-03-09T05:00,19.7,64,0.0,0.0,0.0,3.76
2024-03-09T06:00,19.0,66,0.0,0.0,0.0,3.67
2024-03-09T07:00,18.8,67,5.0,15.7,4.0,3.62
2024-03-09T08:00,21.5,56,128.0,314.1,66.0,3.42
2024-03-09T09:00,24.6,48,355.0,566.1,116.0,4.60
2024-03-09T10:00,26.2,48,580.0,705.8,145.0,5.88
2024-03-09T11:00,27.4,47,761.0,780.0,163.0,6.09
2024-03-09T12:00,28.2,48,879.0,818.2,173.0,6.47
2024-03-09T13:00,28.6,47,921.0,830.4,175.0,6.93
2024-03-09T14:00,28.8,44,887.0,819.9,173.0,7.50
2024-03-09T15:00,28.4,46,778.0,786.4,163.0,8.20
2024-03-09T16:00,27.8,51,602.0,714.5,146.0,8.14
2024-03-09T17:00,27.1,54,383.0,585.8,120.0,7.56
2024-03-09T18:00,25.8,63,154.0,351.9,74.0,7.38
2024-03-09T19:00,24.7,70,11.0,25.3,9.0,6.35
2024-03-09T20:00,24.3,72,0.0,0.0,0.0,5.60
2024-03-09T21:00,23.6,75,0.0,0.0,0.0,4.92
2024-03-09T22:00,22.8,75,0.0,0.0,0.0,4.03
2024-03-09T23:00,21.9,74,0.0,0.0,0.0,3.32
2024-03-10T00:00,20.8,78,0.0,0.0,0.0,2.82
2024-03-10T01:00,19.3,83,0.0,0.0,0.0,2.26
2024-03-10T02:00,18.5,85,0.0,0.0,0.0,2.14
2024-03-10T03:00,17.8,84,0.0,0.0,0.0,2.55
2024-03-10T04:00,19.7,74,0.0,0.0,0.0,3.57
2024-03-10T05:00,19.4,73,0.0,0.0,0.0,3.45
2024-03-10T06:00,18.3,74,0.0,0.0,0.0,1.90
2024-03-10T07:00,17.6,73,6.0,15.3,5.0,2.39
2024-03-10T08:00,21.2,57,129.0,313.5,66.0,3.11
2024-03-10T09:00,25.7,36,356.0,563.7,116.0,3.64
2024-03-10T10:00,29.1,36,580.0,703.3,144.0,5.58
2024-03-10T11:00,31.3,38,758.0,775.3,161.0,6.63
2024-03-10T12:00,31.9,42,875.0,811.7,172.0,7.24
2024-03-10T13:00,31.4,46,917.0,823.2,175.0,8.10
2024-03-10T14:00,30.0,52,881.0,812.8,171.0,8.08
2024-03-10T15:00,29.0,59,770.0,775.0,162.0,6.52
2024-03-10T16:00,28.9,57,597.0,705.9,145.0,5.80
2024-03-10T17:00,28.0,62,378.0,576.7,118.0,4.81
2024-03-10T18:00,27.1,68,151.0,340.6,73.0,3.75
2024-03-10T19:00,26.4,72,11.0,25.1,9.0,2.73
2024-03-10T20:00,26.2,74,0.0,0.0,0.0,2.60
2024-03-10T21:00,25.8,74,0.0,0.0,0.0,4.29
2024-03-10T22:00,25.3,75,0.0,0.0,0.0,4.43
2024-03-10T23:00,24.3,79,0.0,0.0,0.0,2.19
2024-03-11T00:00,24.1,81,0.0,0.0,0.0,3.05
2024-03-11T01:00,23.2,87,0.0,0.0,0.0,2.25
2024-03-11T02:00,22.8,90,0.0,0.0,0.0,2.31
2024-03-11T03:00,22.5,92,0.0,0.0,0.0,2.24
2024-03-11T04:00,24.6,85,0.0,0.0,0.0,4.54
2024-03-11T05:00,24.9,84,0.0,0.0,0.0,4.81
2024-03-11T06:00,23.7,90,0.0,0.0,0.0,1.92
2024-03-11T07:00,23.6,90,6.0,14.9,5.0,3.04
2024-03-11T08:00,25.1,78,123.0,283.5,65.0,1.36
2024-03-11T09:00,27.1,71,338.0,519.4,115.0,1.49
2024-03-11T10:00,28.5,69,553.0,656.1,144.0,1.30
2024-03-11T11:00,29.5,66,729.0,733.1,162.0,3.83
2024-03-11T12:00,29.7,65,843.0,770.8,173.0,4.71
2024-03-11T13:00,30.1,61,886.0,781.9,179.0,4.71
2024-03-11T14:00,30.4,58,857.0,780.7,173.0,4.60
2024-03-11T15:00,29.9,60,755.0,753.7,162.0,4.88
2024-03-11T16:00,29.5,60,584.0,683.4,145.0,5.22
2024-03-11T17:00,28.9,60,371.0,556.7,119.0,4.42
2024-03-11T18:00,27.9,65,149.0,329.6,73.0,4.46
2024-03-11T19:00,27.1,68,11.0,24.8,9.0,3.69
2024-03-11T20:00,26.7,71,0.0,0.0,0.0,3.62
2024-03-11T21:00,26.0,76,0.0,0.0,0.0,4.11
2024-03-11T22:00,25.5,80,0.0,0.0,0.0,3.93
2024-03-11T23:00,25.2,78,0.0,0.0,0.0,3.10
2024-03-12T00:00,24.5,79,0.0,0.0,0.0,2.32
2024-03-12T01:00,23.9,84,0.0,0.0,0.0,2.42
2024-03-12T02:00,23.4,90,0.0,0.0,0.0,2.66
2024-03-12T03:00,22.8,93,0.0,0.0,0.0,2.91
2024-03-12T04:00,23.2,93,0.0,0.0,0.0,2.63
2024-03-12T05:00,23.0,90,0.0,0.0,0.0,2.40
2024-03-12T06:00,22.9,92,0.0,0.0,0.0,3.49
2024-03-12T07:00,23.1,92,6.0,14.5,5.0,3.70
2024-03-12T08:00,24.8,83,126.0,288.3,66.0,3.49
2024-03-12T09:00,27.6,65,344.0,526.7,116.0,3.75
2024-03-12T10:00,29.9,51,562.0,666.8,144.0,3.01
2024-03-12T11:00,31.1,46,739.0,742.9,162.0,4.04
2024-03-12T12:00,31.8,42,854.0,781.8,172.0,4.50
2024-03-12T13:00,31.7,45,896.0,794.9,175.0,4.91
2024-03-12T14:00,31.2,50,866.0,790.9,171.0,5.80
2024-03-12T15:00,30.8,52,759.0,756.6,162.0,5.30
2024-03-12T16:00,29.9,57,585.0,676.6,149.0,4.97
2024-03-12T17:00,29.1,59,370.0,547.9,121.0,4.70
2024-03-12T18:00,28.2,65,149.0,318.7,75.0,4.22
2024-03-12T19:00,27.3,68,12.0,24.6,10.0,3.11
2024-03-12T20:00,26.9,71,0.0,0.0,0.0,1.91
2024-03-12T21:00,26.5,75,0.0,0.0,0.0,1.20
2024-03-12T22:00,26.1,78,0.0,0.0,0.0,0.20
2024-03-12T23:00,25.4,80,0.0,0.0,0.0,1.27
2024-03-13T00:00,25.0,78,0.0,0.0,0.0,1.44
2024-03-13T01:00,25.8,73,0.0,0.0,0.0,0.71
2024-03-13T02:00,25.4,75,0.0,0.0,0.0,0.71
2024-03-13T03:00,24.9,76,0.0,0.0,0.0,0.64
2024-03-13T04:00,24.9,70,0.0,0.0,0.0,2.14
2024-03-13T05:00,24.5,72,0.0,0.0,0.0,2.30
2024-03-13T06:00,24.5,73,0.0,0.0,0.0,2.75
2024-03-13T07:00,25.0,70,7.0,14.2,6.0,3.76
2024-03-13T08:00,26.9,62,130.0,297.7,67.0,3.35
2024-03-13T09:00,29.7,52,347.0,529.3,116.0,3.92
2024-03-13T10:00,31.7,45,562.0,663.2,144.0,4.90
2024-03-13T11:00,32.4,45,734.0,730.8,164.0,5.44
2024-03-13T12:00,32.5,47,849.0,768.8,176.0,5.85
2024-03-13T13:00,32.5,49,890.0,779.2,181.0,6.35
2024-03-13T14:00,32.1,51,856.0,766.0,181.0,6.69
2024-03-13T15:00,31.5,56,751.0,736.7,168.0,6.62
2024-03-13T16:00,30.9,57,577.0,652.9,155.0,5.09
2024-03-13T17:00,30.3,59,364.0,519.5,127.0,4.76
2024-03-13T18:00,29.5,62,149.0,320.8,74.0,4.59
2024-03-13T19:00,28.7,66,12.0,24.3,10.0,4.10
2024-03-13T20:00,28.3,69,0.0,0.0,0.0,3.21
2024-03-13T21:00,28.0,71,0.0,0.0,0.0,2.81
2024-03-13T22:00,27.7,73,0.0,0.0,0.0,2.52
2024-03-13T23:00,27.2,76,0.0,0.0,0.0,2.01
2024-03-14T00:00,26.7,77,0.0,0.0,0.0,2.33
2024-03-14T01:00,26.3,79,0.0,0.0,0.0,2.76
2024-03-14T02:00,26.0,80,0.0,0.0,0.0,3.83
2024-03-14T03:00,25.8,78,0.0,0.0,0.0,3.96
2024-03-14T04:00,26.3,72,0.0,0.0,0.0,4.43
2024-03-14T05:00,26.1,70,0.0,0.0,0.0,3.08
2024-03-14T06:00,25.3,82,0.0,0.0,0.0,2.69
2024-03-14T07:00,25.3,87,8.0,13.8,7.0,1.80
2024-03-14T08:00,27.3,77,131.0,288.1,69.0,0.61
2024-03-14T09:00,28.7,73,347.0,522.8,117.0,0.82
2024-03-14T10:00,30.6,66,560.0,654.9,145.0,2.59
2024-03-14T11:00,32.1,61,734.0,729.0,163.0,4.58
2024-03-14T12:00,33.0,60,847.0,768.5,172.0,6.25
2024-03-14T13:00,34.0,55,889.0,783.4,174.0,7.60
2024-03-14T14:00,33.5,56,859.0,778.5,171.0,9.08
2024-03-14T15:00,33.3,58,753.0,746.0,161.0,8.97
2024-03-14T16:00,31.8,62,586.0,680.2,145.0,7.80
2024-03-14T17:00,30.6,67,371.0,552.5,118.0,7.16
2024-03-14T18:00,30.0,68,151.0,327.2,74.0,6.84
2024-03-14T19:00,29.5,67,12.0,24.1,10.0,6.46
2024-03-14T20:00,29.2,66,0.0,0.0,0.0,5.65
2024-03-14T21:00,28.5,70,0.0,0.0,0.0,4.08
2024-03-14T22:00,27.8,74,0.0,0.0,0.0,2.41
2024-03-14T23:00,26.9,79,0.0,0.0,0.0,1.66
2024-03-15T00:00,26.2,83,0.0,0.0,0.0,2.64
2024-03-15T01:00,25.5,87,0.0,0.0,0.0,2.28
2024-03-15T02:00,25.0,89,0.0,0.0,0.0,2.01
2024-03-15T03:00,24.5,91,0.0,0.0,0.0,1.75
2024-03-15T04:00,25.7,87,0.0,0.0,0.0,2.82
2024-03-15T05:00,25.4,87,0.0,0.0,0.0,2.92
2024-03-15T06:00,25.2,86,0.0,0.0,0.0,2.60
2024-03-15T07:00,25.4,83,8.0,13.5,7.0,2.53
2024-03-15T08:00,27.1,74,132.0,278.8,71.0,2.31
2024-03-15T09:00,29.1,65,343.0,496.0,123.0,2.77
2024-03-15T10:00,30.5,59,560.0,649.8,146.0,3.61
2024-03-15T11:00,30.3,67,731.0,720.9,164.0,6.19
2024-03-15T12:00,30.0,67,841.0,751.1,179.0,7.64
2024-03-15T13:00,30.4,63,884.0,772.3,177.0,8.18
2024-03-15T14:00,30.2,63,850.0,764.0,173.0,8.04
2024-03-15T15:00,29.9,63,740.0,718.9,168.0,8.11
2024-03-15T16:00,29.4,63,575.0,652.1,151.0,7.08
2024-03-15T17:00,28.6,67,351.0,456.9,141.0,6.29
2024-03-15T18:00,27.8,69,138.0,211.1,88.0,5.74
2024-03-15T19:00,27.2,72,12.0,23.9,10.0,4.56
2024-03-15T20:00,27.0,74,0.0,0.0,0.0,4.07
2024-03-15T21:00,26.7,74,0.0,0.0,0.0,3.92
2024-03-15T22:00,26.6,74,0.0,0.0,0.0,3.61
2024-03-15T23:00,26.5,72,0.0,0.0,0.0,2.81
2024-03-16T00:00,26.2,71,0.0,0.0,0.0,2.53
2024-03-16T01:00,25.6,75,0.0,0.0,0.0,3.10
2024-03-16T02:00,25.1,76,0.0,0.0,0.0,3.68
2024-03-16T03:00,24.9,71,0.0,0.0,0.0,4.21
2024-03-16T04:00,24.9,71,0.0,0.0,0.0,4.03
2024-03-16T05:00,24.6,73,0.0,0.0,0.0,3.79
2024-03-16T06:00,24.3,77,0.0,0.0,0.0,3.45
2024-03-16T07:00,24.3,78,7.0,0.0,7.0,2.30
2024-03-16T08:00,25.4,71,117.0,125.9,89.0,1.30
2024-03-16T09:00,27.3,61,341.0,456.3,137.0,0.64
2024-03-16T10:00,29.7,53,557.0,611.9,165.0,1.73
2024-03-16T11:00,31.5,49,718.0,640.7,212.0,2.50
2024-03-16T12:00,32.6,48,834.0,689.7,224.0,4.00
2024-03-16T13:00,32.6,47,794.0,513.0,323.0,5.70
2024-03-16T14:00,31.4,50,843.0,718.0,205.0,7.38
2024-03-16T15:00,30.7,54,734.0,686.9,186.0,7.79
2024-03-16T16:00,30.4,53,497.0,375.7,252.0,7.18
2024-03-16T17:00,29.9,55,315.0,327.4,164.0,6.73
2024-03-16T18:00,29.0,60,144.0,264.4,81.0,6.17
2024-03-16T19:00,28.8,55,11.0,11.9,10.0,5.44
2024-03-16T20:00,29.0,50,0.0,0.0,0.0,4.27
2024-03-16T21:00,29.4,43,0.0,0.0,0.0,3.01
2024-03-16T22:00,29.3,40,0.0,0.0,0.0,2.47
2024-03-16T23:00,28.3,48,0.0,0.0,0.0,2.97
2024-03-17T00:00,27.7,55,0.0,0.0,0.0,3.06
2024-03-17T01:00,27.6,54,0.0,0.0,0.0,2.12
2024-03-17T02:00,28.1,43,0.0,0.0,0.0,2.64
2024-03-17T03:00,29.2,33,0.0,0.0,0.0,5.01
2024-03-17T04:00,28.8,42,0.0,0.0,0.0,4.85
2024-03-17T05:00,28.9,41,0.0,0.0,0.0,5.13
2024-03-17T06:00,28.7,40,0.0,0.0,0.0,5.82
2024-03-17T07:00,29.1,33,5.0,0.0,5.0,5.20
2024-03-17T08:00,30.6,28,81.0,44.2,71.0,3.64
2024-03-17T09:00,32.4,26,260.0,193.0,173.0,1.98
2024-03-17T10:00,33.8,26,442.0,327.6,231.0,2.00
2024-03-17T11:00,33.6,32,322.0,58.0,276.0,2.64
2024-03-17T12:00,34.9,30,666.0,357.2,349.0,2.40
2024-03-17T13:00,35.0,32,832.0,596.2,283.0,4.53
2024-03-17T14:00,33.6,41,812.0,617.3,262.0,6.11
2024-03-17T15:00,32.8,44,669.0,468.8,294.0,6.30
2024-03-17T16:00,33.7,38,550.0,538.3,198.0,4.30
2024-03-17T17:00,32.4,46,322.0,341.4,164.0,4.33
2024-03-17T18:00,30.5,56,85.0,29.2,78.0,4.89
2024-03-17T19:00,29.9,61,6.0,0.0,6.0,4.34
2024-03-17T20:00,29.0,67,0.0,0.0,0.0,4.58
2024-03-17T21:00,28.3,70,0.0,0.0,0.0,7.25
2024-03-17T22:00,28.3,52,0.0,0.0,0.0,3.62
2024-03-17T23:00,28.5,51,0.0,0.0,0.0,4.87
2024-03-18T00:00,28.4,53,0.0,0.0,0.0,5.62
2024-03-18T01:00,28.5,52,0.0,0.0,0.0,6.36
2024-03-18T02:00,27.9,53,0.0,0.0,0.0,5.10
2024-03-18T03:00,28.1,53,0.0,0.0,0.0,4.62
2024-03-18T04:00,28.6,46,0.0,0.0,0.0,9.71
2024-03-18T05:00,29.3,43,0.0,0.0,0.0,7.10
2024-03-18T06:00,29.6,43,0.0,0.0,0.0,6.79
2024-03-18T07:00,29.2,50,3.0,0.0,3.0,7.92
2024-03-18T08:00,29.5,49,42.0,0.0,42.0,7.81
2024-03-18T09:00,30.2,46,92.0,0.0,92.0,8.31
2024-03-18T10:00,30.8,42,104.0,0.0,104.0,7.30
2024-03-18T11:00,31.2,38,106.0,0.0,106.0,6.60
2024-03-18T12:00,32.8,33,415.0,153.9,278.0,7.35
2024-03-18T13:00,33.6,30,311.0,81.2,236.0,8.60
2024-03-18T14:00,33.8,33,562.0,314.6,281.0,10.38
2024-03-18T15:00,35.0,27,577.0,369.1,281.0,10.97
2024-03-18T16:00,34.5,24,166.0,30.5,146.0,11.01
2024-03-18T17:00,33.4,28,75.0,0.0,75.0,7.83
2024-03-18T18:00,31.8,38,52.0,16.6,48.0,6.82
2024-03-18T19:00,30.4,48,3.0,0.0,3.0,3.33
2024-03-18T20:00,29.0,62,0.0,0.0,0.0,2.50
2024-03-18T21:00,27.3,81,0.0,0.0,0.0,5.88
2024-03-18T22:00,26.8,82,0.0,0.0,0.0,7.61
2024-03-18T23:00,26.9,81,0.0,0.0,0.0,5.10
2024-03-19T00:00,26.8,77,0.0,0.0,0.0,5.02
2024-03-19T01:00,26.2,76,0.0,0.0,0.0,7.64
2024-03-19T02:00,26.2,54,0.0,0.0,0.0,9.31
2024-03-19T03:00,25.7,55,0.0,0.0,0.0,9.96
2024-03-19T04:00,25.9,59,0.0,0.0,0.0,7.13
2024-03-19T05:00,25.4,59,0.0,0.0,0.0,8.10
2024-03-19T06:00,23.7,74,0.0,0.0,0.0,9.24
2024-03-19T07:00,23.5,74,1.0,0.0,1.0,8.19
2024-03-19T08:00,23.5,70,48.0,0.0,48.0,8.30
2024-03-19T09:00,23.7,70,98.0,0.0,98.0,7.86
2024-03-19T10:00,24.6,65,200.0,0.0,200.0,9.44
2024-03-19T11:00,24.8,67,328.0,43.8,293.0,8.77
2024-03-19T12:00,24.6,63,204.0,0.0,204.0,7.84
2024-03-19T13:00,25.6,57,459.0,133.9,335.0,8.35
2024-03-19T14:00,26.0,54,557.0,279.2,307.0,8.49
2024-03-19T15:00,26.9,48,706.0,612.0,214.0,9.44
2024-03-19T16:00,27.0,45,594.0,675.5,150.0,10.31
2024-03-19T17:00,26.2,46,379.0,549.5,123.0,10.12
2024-03-19T18:00,25.2,50,156.0,325.8,77.0,10.14
2024-03-19T19:00,24.4,51,14.0,23.2,12.0,9.71
2024-03-19T20:00,23.9,53,0.0,0.0,0.0,9.24
2024-03-19T21:00,23.6,55,0.0,0.0,0.0,8.81
2024-03-19T22:00,23.2,57,0.0,0.0,0.0,8.34
2024-03-19T23:00,22.8,57,0.0,0.0,0.0,7.93
2024-03-20T00:00,22.1,59,0.0,0.0,0.0,7.10
2024-03-20T01:00,21.4,60,0.0,0.0,0.0,6.77
2024-03-20T02:00,20.7,61,0.0,0.0,0.0,6.61
2024-03-20T03:00,20.1,63,0.0,0.0,0.0,6.68
2024-03-20T04:00,20.7,62,0.0,0.0,0.0,6.38
2024-03-20T05:00,20.3,60,0.0,0.0,0.0,6.51
2024-03-20T06:00,19.8,59,0.0,0.0,0.0,6.11
2024-03-20T07:00,19.7,59,13.0,23.9,11.0,5.45
2024-03-20T08:00,21.4,51,154.0,261.3,92.0,5.05
2024-03-20T09:00,23.6,46,348.0,357.5,183.0,6.31
2024-03-20T10:00,25.5,39,605.0,644.9,183.0,7.32
2024-03-20T11:00,27.3,32,785.0,717.7,209.0,7.25
2024-03-20T12:00,28.2,32,898.0,751.0,225.0,8.13
2024-03-20T13:00,28.0,38,924.0,723.7,252.0,9.31
2024-03-20T14:00,27.9,40,850.0,616.0,297.0,9.72
2024-03-20T15:00,27.7,41,750.0,619.2,251.0,10.15
2024-03-20T16:00,27.7,45,614.0,698.0,154.0,9.95
2024-03-20T17:00,27.1,47,391.0,569.2,125.0,9.56
2024-03-20T18:00,26.2,51,160.0,315.8,83.0,8.96
2024-03-20T19:00,25.4,56,14.0,23.0,12.0,8.01
2024-03-20T20:00,25.1,59,0.0,0.0,0.0,7.30
2024-03-20T21:00,24.9,60,0.0,0.0,0.0,6.71
2024-03-20T22:00,24.5,62,0.0,0.0,0.0,6.05
2024-03-20T23:00,23.9,66,0.0,0.0,0.0,5.87
2024-03-21T00:00,23.5,71,0.0,0.0,0.0,5.77
2024-03-21T01:00,23.2,74,0.0,0.0,0.0,5.76
2024-03-21T02:00,23.0,77,0.0,0.0,0.0,6.00
2024-03-21T03:00,22.6,78,0.0,0.0,0.0,6.05
2024-03-21T04:00,22.3,80,0.0,0.0,0.0,5.43
2024-03-21T05:00,22.2,80,0.0,0.0,0.0,5.59
2024-03-21T06:00,22.2,80,0.0,0.0,0.0,5.32
2024-03-21T07:00,22.5,80,12.0,23.4,10.0,4.84
2024-03-21T08:00,24.0,75,150.0,294.6,79.0,5.12
2024-03-21T09:00,25.9,68,373.0,539.6,122.0,5.77
2024-03-21T10:00,27.7,59,586.0,662.9,150.0,6.04
2024-03-21T11:00,28.9,55,757.0,732.3,167.0,6.40
2024-03-21T12:00,29.0,57,867.0,766.5,178.0,7.86
2024-03-21T13:00,29.1,54,908.0,781.9,180.0,8.36
2024-03-21T14:00,29.0,53,872.0,773.4,176.0,8.66
2024-03-21T15:00,28.7,53,763.0,739.1,166.0,8.59
2024-03-21T16:00,28.4,56,582.0,647.8,154.0,8.08
2024-03-21T17:00,27.9,60,362.0,465.0,144.0,7.14
2024-03-21T18:00,26.8,66,152.0,285.5,82.0,6.23
2024-03-21T19:00,26.0,71,14.0,22.8,12.0,5.19
2024-03-21T20:00,25.7,74,0.0,0.0,0.0,5.59
2024-03-21T21:00,25.5,74,0.0,0.0,0.0,5.50
2024-03-21T22:00,25.3,73,0.0,0.0,0.0,4.61
2024-03-21T23:00,24.9,73,0.0,0.0,0.0,4.00
2024-03-22T00:00,24.5,75,0.0,0.0,0.0,3.73
2024-03-22T01:00,24.0,78,0.0,0.0,0.0,3.81
2024-03-22T02:00,23.6,83,0.0,0.0,0.0,3.86
2024-03-22T03:00,23.3,85,0.0,0.0,0.0,3.79
2024-03-22T04:00,23.8,84,0.0,0.0,0.0,3.31
2024-03-22T05:00,23.7,86,0.0,0.0,0.0,3.86
2024-03-22T06:00,23.6,86,0.0,0.0,0.0,3.75
2024-03-22T07:00,23.8,84,12.0,22.9,10.0,3.51
2024-03-22T08:00,25.2,75,131.0,196.1,83.0,4.06
2024-03-22T09:00,26.5,62,309.0,300.8,168.0,4.46
2024-03-22T10:00,28.1,51,586.0,648.9,157.0,4.94
2024-03-22T11:00,28.7,48,763.0,725.8,176.0,5.87
2024-03-22T12:00,29.0,47,869.0,759.7,184.0,6.88
2024-03-22T13:00,29.2,42,938.0,807.7,184.0,7.96
2024-03-22T14:00,29.2,38,901.0,802.6,177.0,8.22
2024-03-22T15:00,28.7,41,795.0,778.2,165.0,8.53
2024-03-22T16:00,27.8,54,604.0,682.5,152.0,8.49
2024-03-22T17:00,27.0,59,380.0,531.7,130.0,8.15
2024-03-22T18:00,26.6,59,161.0,336.7,78.0,7.99
2024-03-22T19:00,26.0,58,15.0,34.0,12.0,7.33
2024-03-22T20:00,25.5,61,0.0,0.0,0.0,6.82
2024-03-22T21:00,25.0,63,0.0,0.0,0.0,5.94
2024-03-22T22:00,24.4,69,0.0,0.0,0.0,5.50
2024-03-22T23:00,23.7,75,0.0,0.0,0.0,4.90
2024-03-23T00:00,23.2,78,0.0,0.0,0.0,4.73
2024-03-23T01:00,22.6,78,0.0,0.0,0.0,4.28
2024-03-23T02:00,22.3,75,0.0,0.0,0.0,4.37
2024-03-23T03:00,22.0,70,0.0,0.0,0.0,4.30
2024-03-23T04:00,23.0,60,0.0,0.0,0.0,4.20
2024-03-23T05:00,22.6,60,0.0,0.0,0.0,4.20
2024-03-23T06:00,22.2,62,0.0,0.0,0.0,4.41
2024-03-23T07:00,22.3,63,15.0,33.6,12.0,4.47
2024-03-23T08:00,24.1,56,144.0,237.4,85.0,4.66
2024-03-23T09:00,26.6,43,375.0,501.8,138.0,5.33
2024-03-23T10:00,29.0,31,579.0,612.5,172.0,5.87
2024-03-23T11:00,30.1,33,779.0,745.2,174.0,6.21
2024-03-23T12:00,30.1,40,894.0,796.0,174.0,7.42
2024-03-23T13:00,29.4,46,926.0,793.8,183.0,8.73
2024-03-23T14:00,29.1,47,892.0,793.0,175.0,8.94
2024-03-23T15:00,28.7,50,780.0,758.0,165.0,8.71
2024-03-23T16:00,28.0,57,593.0,655.3,158.0,8.77
2024-03-23T17:00,27.3,59,380.0,536.5,127.0,7.94
2024-03-23T18:00,26.6,64,160.0,326.9,79.0,7.46
2024-03-23T19:00,25.9,62,15.0,33.7,12.0,6.49
2024-03-23T20:00,25.8,61,0.0,0.0,0.0,5.17
2024-03-23T21:00,25.6,56,0.0,0.0,0.0,3.50
2024-03-23T22:00,25.2,54,0.0,0.0,0.0,2.96
2024-03-23T23:00,24.9,52,0.0,0.0,0.0,2.86
2024-03-24T00:00,24.1,50,0.0,0.0,0.0,2.62
2024-03-24T01:00,22.9,48,0.0,0.0,0.0,2.14
2024-03-24T02:00,22.9,43,0.0,0.0,0.0,1.51
2024-03-24T03:00,24.0,37,0.0,0.0,0.0,0.85
2024-03-24T04:00,23.4,50,0.0,0.0,0.0,2.32
2024-03-24T05:00,23.9,55,0.0,0.0,0.0,2.26
2024-03-24T06:00,24.5,65,0.0,0.0,0.0,3.00
2024-03-24T07:00,24.6,73,12.0,21.9,10.0,3.58
2024-03-24T08:00,25.5,70,109.0,162.6,68.0,4.27
2024-03-24T09:00,26.1,68,320.0,348.8,154.0,4.60
2024-03-24T10:00,26.9,62,531.0,494.2,201.0,4.70
2024-03-24T11:00,27.4,61,770.0,721.6,182.0,5.35
2024-03-24T12:00,27.7,58,893.0,746.3,216.0,6.56
2024-03-24T13:00,27.9,54,938.0,811.0,177.0,7.61
2024-03-24T14:00,27.8,48,895.0,790.1,179.0,8.80
2024-03-24T15:00,28.1,32,790.0,765.0,168.0,8.45
2024-03-24T16:00,27.7,38,624.0,710.9,151.0,7.16
2024-03-24T17:00,27.1,34,407.0,594.2,126.0,7.62
2024-03-24T18:00,26.3,33,173.0,369.4,81.0,7.82
2024-03-24T19:00,25.5,34,16.0,44.6,12.0,6.61
2024-03-24T20:00,24.9,37,0.0,0.0,0.0,5.87
2024-03-24T21:00,24.2,38,0.0,0.0,0.0,5.29
2024-03-24T22:00,23.4,42,0.0,0.0,0.0,3.80
2024-03-24T23:00,22.4,44,0.0,0.0,0.0,3.67
2024-03-25T00:00,21.6,42,0.0,0.0,0.0,3.73
2024-03-25T01:00,20.5,42,0.0,0.0,0.0,3.07
2024-03-25T02:00,19.2,44,0.0,0.0,0.0,2.69
2024-03-25T03:00,18.3,46,0.0,0.0,0.0,2.72
2024-03-25T04:00,19.8,45,0.0,0.0,0.0,3.67
2024-03-25T05:00,19.7,44,0.0,0.0,0.0,4.07
2024-03-25T06:00,19.6,42,0.0,0.0,0.0,4.47
2024-03-25T07:00,20.3,37,18.0,43.0,14.0,5.20
2024-03-25T08:00,22.8,26,176.0,363.4,83.0,6.26
2024-03-25T09:00,25.3,20,412.0,592.4,128.0,8.19
2024-03-25T10:00,27.0,18,638.0,719.8,155.0,8.73
2024-03-25T11:00,28.3,17,818.0,788.6,173.0,7.73
2024-03-25T12:00,29.0,16,932.0,823.2,183.0,7.69
2024-03-25T13:00,29.2,17,972.0,835.6,186.0,7.83
2024-03-25T14:00,28.9,17,933.0,826.9,182.0,8.21
2024-03-25T15:00,28.5,18,819.0,792.8,173.0,8.35
2024-03-25T16:00,28.2,21,638.0,724.4,155.0,8.90
2024-03-25T17:00,27.2,24,412.0,598.9,128.0,9.11
2024-03-25T18:00,26.1,26,174.0,367.6,82.0,8.06
2024-03-25T19:00,25.2,29,17.0,44.3,13.0,6.96
2024-03-25T20:00,24.2,36,0.0,0.0,0.0,6.28
2024-03-25T21:00,23.2,46,0.0,0.0,0.0,6.63
2024-03-25T22:00,22.6,50,0.0,0.0,0.0,6.30
2024-03-25T23:00,21.9,54,0.0,0.0,0.0,5.40
2024-03-26T00:00,21.3,58,0.0,0.0,0.0,4.67
2024-03-26T01:00,20.5,61,0.0,0.0,0.0,4.27
2024-03-26T02:00,19.8,62,0.0,0.0,0.0,4.25
2024-03-26T03:00,19.5,63,0.0,0.0,0.0,4.40
2024-03-26T04:00,20.2,65,0.0,0.0,0.0,4.90
2024-03-26T05:00,19.9,66,0.0,0.0,0.0,4.61
2024-03-26T06:00,19.2,69,0.0,0.0,0.0,4.15
2024-03-26T07:00,19.2,67,19.0,42.2,15.0,3.64
2024-03-26T08:00,21.4,57,179.0,366.0,84.0,2.97
2024-03-26T09:00,24.1,44,413.0,588.2,129.0,3.90
2024-03-26T10:00,25.7,43,636.0,711.9,156.0,5.35
2024-03-26T11:00,26.6,44,814.0,779.7,174.0,5.90
2024-03-26T12:00,27.4,42,927.0,815.4,183.0,6.38
2024-03-26T13:00,27.9,41,965.0,825.1,187.0,7.13
2024-03-26T14:00,27.9,41,924.0,814.1,183.0,7.46
2024-03-26T15:00,27.8,41,810.0,780.2,173.0,7.74
2024-03-26T16:00,27.4,42,633.0,715.3,155.0,7.21
2024-03-26T17:00,26.7,47,408.0,588.8,128.0,7.10
2024-03-26T18:00,25.5,56,174.0,365.8,82.0,7.31
2024-03-26T19:00,24.8,60,17.0,44.0,13.0,6.86
2024-03-26T20:00,24.5,62,0.0,0.0,0.0,6.24
2024-03-26T21:00,24.0,67,0.0,0.0,0.0,5.50
2024-03-26T22:00,23.4,69,0.0,0.0,0.0,5.26
2024-03-26T23:00,22.8,72,0.0,0.0,0.0,4.64
2024-03-27T00:00,22.0,78,0.0,0.0,0.0,4.10
2024-03-27T01:00,21.2,82,0.0,0.0,0.0,3.59
2024-03-27T02:00,20.6,83,0.0,0.0,0.0,3.48
2024-03-27T03:00,20.1,84,0.0,0.0,0.0,3.54
2024-03-27T04:00,20.5,86,0.0,0.0,0.0,3.59
2024-03-27T05:00,20.1,86,0.0,0.0,0.0,3.59
2024-03-27T06:00,19.7,85,0.0,0.0,0.0,3.53
2024-03-27T07:00,20.2,82,20.0,51.7,15.0,3.14
2024-03-27T08:00,22.6,72,180.0,360.9,85.0,3.16
2024-03-27T09:00,24.8,66,409.0,577.8,128.0,3.88
2024-03-27T10:00,26.7,57,625.0,693.8,155.0,3.02
2024-03-27T11:00,27.8,56,800.0,762.4,172.0,3.20
2024-03-27T12:00,28.3,58,913.0,800.0,181.0,5.17
2024-03-27T13:00,28.4,56,950.0,809.4,185.0,6.58
2024-03-27T14:00,28.5,55,906.0,794.9,181.0,6.61
2024-03-27T15:00,28.4,57,793.0,760.3,171.0,6.95
2024-03-27T16:00,28.6,55,613.0,688.4,152.0,7.61
2024-03-27T17:00,27.8,61,397.0,570.5,125.0,6.26
2024-03-27T18:00,27.0,67,168.0,348.2,80.0,5.80
2024-03-27T19:00,25.9,75,16.0,32.8,13.0,3.75
2024-03-27T20:00,25.8,77,0.0,0.0,0.0,2.30
2024-03-27T21:00,25.7,71,0.0,0.0,0.0,3.71
2024-03-27T22:00,25.8,61,0.0,0.0,0.0,3.05
2024-03-27T23:00,25.6,55,0.0,0.0,0.0,3.00
2024-03-28T00:00,25.1,51,0.0,0.0,0.0,2.91
2024-03-28T01:00,24.1,49,0.0,0.0,0.0,2.50
2024-03-28T02:00,23.3,50,0.0,0.0,0.0,2.11
2024-03-28T03:00,22.8,51,0.0,0.0,0.0,2.24
2024-03-28T04:00,23.4,53,0.0,0.0,0.0,2.26
2024-03-28T05:00,23.4,54,0.0,0.0,0.0,1.84
2024-03-28T06:00,23.3,53,0.0,0.0,0.0,1.81
2024-03-28T07:00,24.3,47,18.0,40.6,14.0,2.92
2024-03-28T08:00,26.7,41,136.0,157.4,94.0,2.82
2024-03-28T09:00,29.0,37,227.0,55.1,200.0,2.84
2024-03-28T10:00,31.0,38,427.0,236.6,266.0,4.61
2024-03-28T11:00,32.4,38,750.0,675.1,192.0,5.16
2024-03-28T12:00,32.3,43,851.0,700.9,208.0,6.82
2024-03-28T13:00,31.3,48,879.0,702.0,214.0,7.50
2024-03-28T14:00,31.3,50,862.0,735.3,190.0,7.50
2024-03-28T15:00,30.7,55,748.0,700.3,174.0,6.86
2024-03-28T16:00,30.0,56,557.0,575.2,171.0,5.83
2024-03-28T17:00,29.1,60,376.0,518.8,128.0,4.30
2024-03-28T18:00,28.3,63,159.0,311.1,80.0,3.01
2024-03-28T19:00,27.7,66,16.0,32.6,13.0,2.06
2024-03-28T20:00,27.6,65,0.0,0.0,0.0,1.44
2024-03-28T21:00,27.4,66,0.0,0.0,0.0,1.75
2024-03-28T22:00,27.2,66,0.0,0.0,0.0,1.22
2024-03-28T23:00,26.6,70,0.0,0.0,0.0,0.67
2024-03-29T00:00,26.2,71,0.0,0.0,0.0,0.86
2024-03-29T01:00,26.2,70,0.0,0.0,0.0,1.03
2024-03-29T02:00,25.7,72,0.0,0.0,0.0,1.24
2024-03-29T03:00,25.4,75,0.0,0.0,0.0,2.80
2024-03-29T04:00,26.8,70,0.0,0.0,0.0,1.39
2024-03-29T05:00,26.7,74,0.0,0.0,0.0,0.54
2024-03-29T06:00,26.2,75,0.0,0.0,0.0,1.56
2024-03-29T07:00,26.5,67,18.0,39.8,14.0,2.51
2024-03-29T08:00,28.4,59,142.0,196.0,89.0,2.36
2024-03-29T09:00,29.9,57,342.0,381.3,154.0,4.61
2024-03-29T10:00,31.8,49,541.0,522.2,184.0,6.40
2024-03-29T11:00,32.8,47,765.0,709.1,177.0,9.90
2024-03-29T12:00,31.4,56,813.0,638.1,226.0,9.21
2024-03-29T13:00,29.9,67,713.0,506.7,232.0,6.80
2024-03-29T14:00,29.1,72,751.0,577.7,222.0,5.51
2024-03-29T15:00,29.1,70,640.0,528.5,206.0,6.32
2024-03-29T16:00,29.5,67,560.0,586.0,166.0,5.81
2024-03-29T17:00,28.6,72,318.0,377.6,137.0,5.08
2024-03-29T18:00,26.6,81,139.0,231.2,80.0,5.24
2024-03-29T19:00,25.4,82,11.0,10.8,10.0,1.63
2024-03-29T20:00,26.1,78,0.0,0.0,0.0,5.36
2024-03-29T21:00,25.7,80,0.0,0.0,0.0,3.47
2024-03-29T22:00,25.2,80,0.0,0.0,0.0,2.83
2024-03-29T23:00,24.7,82,0.0,0.0,0.0,2.87
2024-03-30T00:00,24.6,84,0.0,0.0,0.0,2.80
2024-03-30T01:00,24.1,86,0.0,0.0,0.0,3.70
2024-03-30T02:00,23.9,83,0.0,0.0,0.0,4.34
2024-03-30T03:00,23.8,79,0.0,0.0,0.0,3.53
2024-03-30T04:00,24.2,85,0.0,0.0,0.0,1.20
2024-03-30T05:00,24.5,83,0.0,0.0,0.0,3.75
2024-03-30T06:00,24.0,88,0.0,0.0,0.0,2.80
2024-03-30T07:00,24.4,86,18.0,9.8,17.0,3.11
2024-03-30T08:00,25.9,77,171.0,284.8,93.0,3.11
2024-03-30T09:00,27.6,68,405.0,556.1,129.0,3.03
2024-03-30T10:00,28.9,65,619.0,680.1,152.0,2.42
2024-03-30T11:00,29.9,60,788.0,742.8,170.0,2.25
2024-03-30T12:00,30.4,58,896.0,777.5,179.0,3.60
2024-03-30T13:00,30.1,62,881.0,712.6,203.0,4.53
2024-03-30T14:00,30.0,62,813.0,642.0,224.0,3.80
2024-03-30T15:00,29.8,62,696.0,607.7,196.0,4.12
2024-03-30T16:00,29.8,61,612.0,684.3,151.0,6.46
2024-03-30T17:00,29.3,63,396.0,564.0,125.0,5.95
2024-03-30T18:00,28.4,67,168.0,339.3,81.0,5.23
2024-03-30T19:00,27.7,72,17.0,32.2,14.0,3.66
2024-03-30T20:00,27.3,73,0.0,0.0,0.0,2.77
2024-03-30T21:00,27.1,74,0.0,0.0,0.0,2.06
2024-03-30T22:00,26.9,76,0.0,0.0,0.0,1.81
2024-03-30T23:00,26.6,79,0.0,0.0,0.0,2.75
2024-03-31T00:00,26.1,83,0.0,0.0,0.0,3.07
2024-03-31T01:00,25.9,82,0.0,0.0,0.0,2.77
2024-03-31T02:00,25.6,78,0.0,0.0,0.0,2.25
2024-03-31T03:00,24.8,79,0.0,0.0,0.0,1.51
2024-03-31T04:00,25.3,82,0.0,0.0,0.0,2.42
2024-03-31T05:00,24.8,83,0.0,0.0,0.0,2.28
2024-03-31T06:00,24.0,88,0.0,0.0,0.0,1.71
2024-03-31T07:00,24.6,85,23.0,57.7,17.0,1.75
2024-03-31T08:00,26.5,72,183.0,349.7,86.0,1.12
2024-03-31T09:00,28.0,65,407.0,556.5,129.0,0.32
2024-03-31T10:00,29.4,59,621.0,674.3,156.0,2.11
2024-03-31T11:00,30.5,53,791.0,740.5,173.0,3.80
2024-03-31T12:00,30.3,57,870.0,723.6,201.0,5.61
2024-03-31T13:00,30.0,56,918.0,760.5,193.0,6.14
2024-03-31T14:00,30.0,59,898.0,781.2,180.0,5.70
2024-03-31T15:00,29.7,63,777.0,732.9,173.0,6.01
2024-03-31T16:00,30.1,50,623.0,697.8,152.0,6.96
2024-03-31T17:00,29.1,58,400.0,568.8,126.0,5.82
2024-03-31T18:00,27.9,67,171.0,345.5,82.0,3.86
2024-03-31T19:00,27.0,75,18.0,42.6,14.0,3.05
2024-03-31T20:00,26.8,69,0.0,0.0,0.0,3.44
2024-03-31T21:00,27.0,68,0.0,0.0,0.0,2.85
2024-03-31T22:00,26.7,72,0.0,0.0,0.0,3.69
2024-03-31T23:00,26.4,78,0.0,0.0,0.0,4.13
2024-04-01T00:00,26.1,79,0.0,0.0,0.0,4.71
2024-04-01T01:00,25.8,69,0.0,0.0,0.0,4.59
2024-04-01T02:00,25.1,70,0.0,0.0,0.0,2.98
2024-04-01T03:00,24.5,73,0.0,0.0,0.0,2.31
2024-04-01T04:00,24.9,77,0.0,0.0,0.0,3.55
2024-04-01T05:00,25.2,75,0.0,0.0,0.0,2.44
2024-04-01T06:00,24.7,69,0.0,0.0,0.0,2.31
2024-04-01T07:00,24.7,67,23.0,47.3,18.0,1.24
2024-04-01T08:00,26.1,61,169.0,284.9,89.0,1.84
2024-04-01T09:00,27.8,57,396.0,515.2,137.0,2.70
2024-04-01T10:00,29.4,51,601.0,623.8,169.0,1.12
2024-04-01T11:00,31.0,44,775.0,707.2,183.0,0.76
2024-04-01T12:00,31.6,44,852.0,687.3,215.0,3.50
2024-04-01T13:00,30.5,54,768.0,550.6,242.0,5.36
2024-04-01T14:00,30.3,54,752.0,520.2,273.0,5.78
2024-04-01T15:00,30.4,53,744.0,678.3,184.0,5.68
2024-04-01T16:00,30.6,51,575.0,612.2,161.0,4.87
2024-04-01T17:00,29.9,52,387.0,540.5,126.0,4.36
2024-04-01T18:00,29.3,55,167.0,332.3,81.0,3.26
2024-04-01T19:00,28.8,58,17.0,42.4,13.0,1.96
2024-04-01T20:00,28.5,59,0.0,0.0,0.0,1.80
2024-04-01T21:00,28.1,61,0.0,0.0,0.0,2.52
2024-04-01T22:00,28.2,60,0.0,0.0,0.0,1.98
2024-04-01T23:00,27.7,62,0.0,0.0,0.0,2.70
2024-04-02T00:00,24.8,70,0.0,0.0,0.0,6.55
2024-04-02T01:00,22.6,78,0.0,0.0,0.0,8.85
2024-04-02T02:00,23.3,68,0.0,0.0,0.0,8.85
2024-04-02T03:00,23.0,74,0.0,0.0,0.0,5.44
2024-04-02T04:00,26.3,63,0.0,0.0,0.0,1.53
2024-04-02T05:00,24.0,73,0.0,0.0,0.0,2.34
2024-04-02T06:00,22.3,75,0.0,0.0,0.0,3.96
2024-04-02T07:00,23.0,74,19.0,27.9,16.0,4.75
2024-04-02T08:00,25.2,68,175.0,306.2,88.0,3.49
2024-04-02T09:00,28.1,56,402.0,531.8,133.0,2.60
2024-04-02T10:00,29.4,54,621.0,668.8,156.0,2.11
2024-04-02T11:00,30.3,53,791.0,738.4,171.0,2.92
2024-04-02T12:00,30.4,54,896.0,770.8,180.0,4.26
2024-04-02T13:00,30.1,56,931.0,781.5,183.0,5.01
2024-04-02T14:00,30.0,56,893.0,776.3,177.0,6.36
2024-04-02T15:00,30.5,56,672.0,586.5,187.0,8.34
2024-04-02T16:00,31.0,50,565.0,569.8,179.0,3.28
2024-04-02T17:00,29.6,58,311.0,334.7,149.0,1.87
2024-04-02T18:00,29.9,56,146.0,246.2,82.0,1.77
2024-04-02T19:00,29.0,61,17.0,31.6,14.0,3.04
2024-04-02T20:00,25.6,81,0.0,0.0,0.0,5.99
2024-04-02T21:00,25.8,73,0.0,0.0,0.0,2.18
2024-04-02T22:00,26.1,73,0.0,0.0,0.0,1.90
2024-04-02T23:00,25.6,74,0.0,0.0,0.0,3.34
2024-04-03T00:00,24.7,77,0.0,0.0,0.0,3.71
2024-04-03T01:00,23.5,80,0.0,0.0,0.0,2.98
2024-04-03T02:00,23.2,83,0.0,0.0,0.0,2.75
2024-04-03T03:00,23.1,87,0.0,0.0,0.0,2.33
2024-04-03T04:00,25.4,81,0.0,0.0,0.0,2.00
2024-04-03T05:00,25.2,79,0.0,0.0,0.0,2.04
2024-04-03T06:00,24.8,79,0.0,0.0,0.0,2.10
2024-04-03T07:00,25.3,71,27.0,64.1,20.0,2.69
2024-04-03T08:00,26.9,58,191.0,361.8,87.0,3.09
2024-04-03T09:00,29.2,50,416.0,560.0,131.0,2.14
2024-04-03T10:00,30.3,48,630.0,679.0,156.0,1.10
2024-04-03T11:00,31.4,46,799.0,743.4,173.0,2.86
2024-04-03T12:00,31.8,46,907.0,778.7,182.0,5.18
2024-04-03T13:00,31.3,49,939.0,787.3,184.0,6.33
2024-04-03T14:00,31.1,51,881.0,746.8,191.0,5.97
2024-04-03T15:00,30.5,55,792.0,754.6,167.0,6.23
2024-04-03T16:00,29.9,58,620.0,689.6,152.0,5.89
2024-04-03T17:00,28.9,67,400.0,564.7,126.0,5.74
2024-04-03T18:00,27.9,71,172.0,344.6,82.0,5.45
2024-04-03T19:00,27.1,73,19.0,41.8,15.0,4.83
2024-04-03T20:00,26.8,74,0.0,0.0,0.0,4.14
2024-04-03T21:00,26.5,73,0.0,0.0,0.0,3.13
2024-04-03T22:00,26.3,72,0.0,0.0,0.0,2.32
2024-04-03T23:00,25.8,73,0.0,0.0,0.0,2.45
2024-04-04T00:00,25.1,75,0.0,0.0,0.0,2.51
2024-04-04T01:00,24.2,80,0.0,0.0,0.0,2.18
2024-04-04T02:00,23.6,83,0.0,0.0,0.0,2.79
2024-04-04T03:00,23.1,85,0.0,0.0,0.0,2.59
2024-04-04T04:00,24.7,68,0.0,0.0,0.0,4.03
2024-04-04T05:00,24.8,54,0.0,0.0,0.0,4.88
2024-04-04T06:00,24.1,57,0.0,0.0,0.0,3.71
2024-04-04T07:00,25.1,53,30.0,72.2,22.0,3.34
2024-04-04T08:00,27.8,45,205.0,392.1,91.0,2.80
2024-04-04T09:00,30.8,36,439.0,599.6,132.0,2.16
2024-04-04T10:00,32.6,32,657.0,712.0,158.0,1.61
2024-04-04T11:00,33.3,34,821.0,754.3,184.0,3.53
2024-04-04T12:00,33.4,36,922.0,768.4,205.0,5.11
2024-04-04T13:00,32.6,39,955.0,776.5,209.0,6.63
2024-04-04T14:00,32.4,39,884.0,717.5,220.0,6.26
2024-04-04T15:00,32.2,41,791.0,729.3,186.0,5.51
2024-04-04T16:00,32.0,44,571.0,582.5,175.0,4.90
2024-04-04T17:00,31.3,48,399.0,555.2,129.0,4.80
2024-04-04T18:00,30.0,56,175.0,346.9,84.0,3.86
2024-04-04T19:00,29.0,63,19.0,41.6,15.0,3.18
2024-04-04T20:00,28.7,62,0.0,0.0,0.0,2.86
2024-04-04T21:00,28.4,63,0.0,0.0,0.0,2.38
2024-04-04T22:00,27.9,67,0.0,0.0,0.0,2.12
2024-04-04T23:00,27.6,63,0.0,0.0,0.0,2.28
2024-04-05T00:00,27.2,58,0.0,0.0,0.0,1.92
2024-04-05T01:00,26.7,58,0.0,0.0,0.0,2.18
2024-04-05T02:00,26.7,57,0.0,0.0,0.0,3.10
2024-04-05T03:00,25.9,56,0.0,0.0,0.0,1.84
2024-04-05T04:00,26.8,50,0.0,0.0,0.0,1.36
2024-04-05T05:00,26.3,50,0.0,0.0,0.0,2.06
2024-04-05T06:00,25.6,54,0.0,0.0,0.0,2.31
2024-04-05T07:00,26.7,50,29.0,71.1,21.0,1.77
2024-04-05T08:00,29.0,43,197.0,367.3,89.0,1.20
2024-04-05T09:00,31.0,38,421.0,561.2,132.0,1.39
2024-04-05T10:00,32.4,41,632.0,672.3,159.0,3.16
2024-04-05T11:00,33.0,45,799.0,739.2,173.0,4.49
2024-04-05T12:00,33.4,44,890.0,750.7,188.0,4.96
2024-04-05T13:00,33.2,44,846.0,671.2,200.0,5.14
2024-04-05T14:00,33.1,44,877.0,713.2,216.0,5.31
2024-04-05T15:00,32.9,45,753.0,686.0,183.0,4.60
2024-04-05T16:00,32.2,47,590.0,637.3,156.0,4.54
2024-04-05T17:00,31.6,49,385.0,502.6,140.0,4.10
2024-04-05T18:00,30.4,55,150.0,189.8,100.0,3.28
2024-04-05T19:00,29.6,59,17.0,10.3,16.0,2.88
2024-04-05T20:00,29.1,64,0.0,0.0,0.0,2.51
2024-04-05T21:00,28.8,66,0.0,0.0,0.0,2.42
2024-04-05T22:00,28.6,64,0.0,0.0,0.0,2.20
2024-04-05T23:00,28.4,62,0.0,0.0,0.0,1.62
2024-04-06T00:00,27.7,64,0.0,0.0,0.0,1.14
2024-04-06T01:00,27.1,65,0.0,0.0,0.0,1.30
2024-04-06T02:00,26.5,66,0.0,0.0,0.0,1.39
2024-04-06T03:00,26.1,64,0.0,0.0,0.0,1.92
2024-04-06T04:00,27.1,60,0.0,0.0,0.0,1.70
2024-04-06T05:00,26.6,59,0.0,0.0,0.0,1.56
2024-04-06T06:00,26.8,57,0.0,0.0,0.0,1.20
2024-04-06T07:00,27.6,54,30.0,52.5,24.0,0.76
2024-04-06T08:00,29.2,49,196.0,346.4,93.0,0.36
2024-04-06T09:00,31.3,41,421.0,557.9,132.0,0.89
2024-04-06T10:00,32.9,37,626.0,652.8,165.0,1.87
2024-04-06T11:00,33.5,38,743.0,625.3,212.0,3.51
2024-04-06T12:00,33.7,39,904.0,768.3,184.0,5.12
2024-04-06T13:00,33.4,40,919.0,747.8,198.0,5.76
2024-04-06T14:00,33.3,43,824.0,650.7,220.0,5.66
2024-04-06T15:00,32.7,47,706.0,624.9,186.0,5.95
2024-04-06T16:00,32.2,49,584.0,612.8,166.0,6.19
2024-04-06T17:00,31.2,53,383.0,513.8,132.0,5.88
2024-04-06T18:00,30.4,58,169.0,325.0,83.0,5.40
2024-04-06T19:00,29.5,65,19.0,41.1,15.0,4.90
2024-04-06T20:00,29.0,66,0.0,0.0,0.0,4.52
2024-04-06T21:00,28.8,66,0.0,0.0,0.0,4.34
2024-04-06T22:00,28.6,64,0.0,0.0,0.0,3.64
2024-04-06T23:00,28.5,62,0.0,0.0,0.0,3.45
2024-04-07T00:00,28.3,59,0.0,0.0,0.0,3.06
2024-04-07T01:00,28.1,57,0.0,0.0,0.0,2.50
2024-04-07T02:00,27.9,55,0.0,0.0,0.0,2.00
2024-04-07T03:00,27.2,57,0.0,0.0,0.0,1.70
2024-04-07T04:00,27.8,63,0.0,0.0,0.0,2.42
2024-04-07T05:00,27.3,68,0.0,0.0,0.0,2.47
2024-04-07T06:00,27.0,70,0.0,0.0,0.0,2.69
2024-04-07T07:00,27.2,74,29.0,34.5,25.0,4.53
2024-04-07T08:00,28.2,73,174.0,222.9,107.0,6.49
2024-04-07T09:00,29.6,63,396.0,443.4,165.0,7.12
2024-04-07T10:00,30.9,53,591.0,550.2,201.0,6.53
2024-04-07T11:00,32.0,48,735.0,573.1,247.0,6.40
2024-04-07T12:00,32.4,45,839.0,587.8,287.0,7.11
2024-04-07T13:00,32.2,45,901.0,681.3,243.0,8.08
2024-04-07T14:00,31.3,52,882.0,735.8,198.0,8.54
2024-04-07T15:00,30.8,54,775.0,717.7,177.0,8.35
2024-04-07T16:00,30.4,52,578.0,565.0,192.0,8.20
2024-04-07T17:00,29.3,57,381.0,484.1,144.0,7.68
2024-04-07T18:00,28.4,63,154.0,214.5,97.0,6.96
2024-04-07T19:00,28.0,66,15.0,20.4,13.0,6.24
2024-04-07T20:00,27.9,63,0.0,0.0,0.0,5.73
2024-04-07T21:00,27.8,61,0.0,0.0,0.0,5.06
2024-04-07T22:00,27.3,63,0.0,0.0,0.0,5.25
2024-04-07T23:00,26.8,67,0.0,0.0,0.0,5.53
2024-04-08T00:00,26.4,69,0.0,0.0,0.0,5.31
2024-04-08T01:00,26.1,69,0.0,0.0,0.0,4.80
2024-04-08T02:00,25.8,68,0.0,0.0,0.0,4.20
2024-04-08T03:00,25.5,66,0.0,0.0,0.0,4.10
2024-04-08T04:00,25.6,61,0.0,0.0,0.0,5.06
2024-04-08T05:00,25.1,64,0.0,0.0,0.0,4.81
2024-04-08T06:00,24.8,69,0.0,0.0,0.0,4.72
2024-04-08T07:00,25.2,70,30.0,34.0,26.0,4.80
2024-04-08T08:00,26.8,61,201.0,332.4,100.0,5.62
2024-04-08T09:00,28.7,44,395.0,395.1,188.0,6.71
2024-04-08T10:00,30.6,34,629.0,618.4,189.0,6.96
2024-04-08T11:00,31.5,31,761.0,584.5,262.0,8.01
2024-04-08T12:00,31.0,38,785.0,441.0,370.0,9.06
2024-04-08T13:00,30.3,42,711.0,300.8,420.0,9.44
2024-04-08T14:00,29.5,46,556.0,200.9,369.0,9.44
2024-04-08T15:00,28.6,50,345.0,70.7,286.0,9.23
2024-04-08T16:00,27.9,53,176.0,0.0,176.0,8.82
2024-04-08T17:00,27.7,54,148.0,46.9,125.0,8.51
2024-04-08T18:00,27.3,57,43.0,0.0,43.0,8.05
2024-04-08T19:00,26.8,55,10.0,10.1,9.0,6.84
2024-04-08T20:00,26.5,58,0.0,0.0,0.0,6.14
2024-04-08T21:00,26.1,59,0.0,0.0,0.0,5.30
2024-04-08T22:00,25.9,57,0.0,0.0,0.0,4.63
2024-04-08T23:00,25.7,59,0.0,0.0,0.0,4.51
2024-04-09T00:00,25.5,60,0.0,0.0,0.0,4.50
2024-04-09T01:00,25.4,60,0.0,0.0,0.0,5.00
2024-04-09T02:00,25.3,58,0.0,0.0,0.0,5.10
2024-04-09T03:00,25.2,53,0.0,0.0,0.0,5.00
2024-04-09T04:00,25.1,45,0.0,0.0,0.0,5.12
2024-04-09T05:00,24.7,43,0.0,0.0,0.0,5.11
2024-04-09T06:00,24.2,42,0.0,0.0,0.0,4.30
2024-04-09T07:00,24.6,38,25.0,33.6,21.0,4.72
2024-04-09T08:00,26.2,30,150.0,195.4,90.0,4.62
2024-04-09T09:00,28.9,24,400.0,423.3,177.0,5.84
2024-04-09T10:00,31.2,22,679.0,714.3,169.0,6.41
2024-04-09T11:00,32.7,20,824.0,733.7,196.0,7.17
2024-04-09T12:00,33.0,24,913.0,724.4,230.0,7.94
2024-04-09T13:00,32.3,33,893.0,592.4,319.0,8.63
2024-04-09T14:00,31.7,38,927.0,785.2,195.0,9.20
2024-04-09T15:00,31.3,40,801.0,740.9,182.0,8.98
2024-04-09T16:00,30.4,42,619.0,668.4,161.0,8.28
2024-04-09T17:00,29.5,46,402.0,549.2,132.0,8.37
2024-04-09T18:00,28.3,53,176.0,335.9,86.0,7.79
2024-04-09T19:00,27.6,55,21.0,40.4,17.0,6.66
2024-04-09T20:00,27.2,56,0.0,0.0,0.0,6.10
2024-04-09T21:00,27.1,49,0.0,0.0,0.0,5.40
2024-04-09T22:00,26.7,46,0.0,0.0,0.0,4.41
2024-04-09T23:00,26.6,42,0.0,0.0,0.0,4.39
2024-04-10T00:00,26.1,42,0.0,0.0,0.0,4.63
2024-04-10T01:00,25.6,44,0.0,0.0,0.0,4.84
2024-04-10T02:00,25.3,40,0.0,0.0,0.0,4.43
2024-04-10T03:00,25.2,34,0.0,0.0,0.0,4.02
2024-04-10T04:00,25.0,27,0.0,0.0,0.0,3.35
2024-04-10T05:00,23.8,26,0.0,0.0,0.0,2.95
2024-04-10T06:00,22.6,28,0.0,0.0,0.0,2.84
2024-04-10T07:00,24.1,36,39.0,99.3,27.0,3.35
2024-04-10T08:00,26.7,33,225.0,415.8,96.0,4.11
2024-04-10T09:00,29.1,27,462.0,613.6,137.0,4.88
2024-04-10T10:00,31.3,28,680.0,721.5,163.0,5.86
2024-04-10T11:00,31.9,39,849.0,778.5,181.0,7.98
2024-04-10T12:00,33.3,24,950.0,800.3,194.0,8.88
2024-04-10T13:00,32.0,40,985.0,814.1,195.0,9.98
2024-04-10T14:00,31.3,43,937.0,804.5,186.0,10.11
2024-04-10T15:00,30.8,44,816.0,767.4,174.0,9.77
2024-04-10T16:00,30.6,42,633.0,690.8,159.0,9.67
2024-04-10T17:00,29.9,45,411.0,568.4,131.0,9.42
2024-04-10T18:00,28.7,51,181.0,349.4,87.0,8.70
2024-04-10T19:00,27.9,52,22.0,50.2,17.0,7.96
2024-04-10T20:00,27.4,55,0.0,0.0,0.0,7.18
2024-04-10T21:00,26.8,59,0.0,0.0,0.0,6.63
2024-04-10T22:00,26.3,59,0.0,0.0,0.0,5.80
2024-04-10T23:00,25.7,56,0.0,0.0,0.0,5.18
2024-04-11T00:00,25.1,58,0.0,0.0,0.0,4.87
2024-04-11T01:00,24.7,56,0.0,0.0,0.0,5.25
2024-04-11T02:00,24.4,50,0.0,0.0,0.0,5.47
2024-04-11T03:00,24.0,44,0.0,0.0,0.0,5.57
2024-04-11T04:00,24.3,37,0.0,0.0,0.0,6.35
2024-04-11T05:00,24.0,35,0.0,0.0,0.0,6.55
2024-04-11T06:00,23.7,31,0.0,0.0,0.0,6.28
2024-04-11T07:00,24.1,26,40.0,106.1,27.0,6.18
2024-04-11T08:00,26.0,25,227.0,411.7,98.0,6.02
2024-04-11T09:00,28.0,33,462.0,608.5,138.0,7.33
2024-04-11T10:00,29.7,30,679.0,717.7,163.0,7.32
2024-04-11T11:00,30.9,30,847.0,774.3,181.0,7.56
2024-04-11T12:00,30.9,34,946.0,795.6,193.0,8.80
2024-04-11T13:00,30.5,40,973.0,793.4,202.0,9.58
2024-04-11T14:00,30.0,42,929.0,789.6,191.0,9.87
2024-04-11T15:00,29.5,46,812.0,760.5,175.0,10.15
2024-04-11T16:00,28.8,50,625.0,681.1,157.0,9.92
2024-04-11T17:00,28.1,51,405.0,549.1,134.0,9.04
2024-04-11T18:00,27.1,57,178.0,333.2,88.0,8.61
2024-04-11T19:00,26.2,62,22.0,49.9,17.0,8.32
2024-04-11T20:00,25.9,63,0.0,0.0,0.0,7.49
2024-04-11T21:00,25.5,63,0.0,0.0,0.0,6.56
2024-04-11T22:00,25.0,66,0.0,0.0,0.0,5.70
2024-04-11T23:00,24.4,69,0.0,0.0,0.0,4.83
2024-04-12T00:00,23.9,71,0.0,0.0,0.0,4.71
2024-04-12T01:00,23.3,75,0.0,0.0,0.0,4.50
2024-04-12T02:00,22.9,78,0.0,0.0,0.0,4.62
2024-04-12T03:00,22.5,82,0.0,0.0,0.0,4.50
2024-04-12T04:00,22.8,76,0.0,0.0,0.0,4.00
2024-04-12T05:00,22.3,77,0.0,0.0,0.0,3.81
2024-04-12T06:00,21.9,79,0.0,0.0,0.0,3.63
2024-04-12T07:00,22.7,76,40.0,96.7,28.0,3.77
2024-04-12T08:00,24.8,68,221.0,395.0,96.0,4.20
2024-04-12T09:00,26.7,61,451.0,586.6,137.0,5.26
2024-04-12T10:00,28.4,52,665.0,697.3,162.0,4.89
2024-04-12T11:00,29.5,49,833.0,759.7,178.0,5.94
2024-04-12T12:00,29.6,50,935.0,790.0,186.0,7.45
2024-04-12T13:00,29.8,49,962.0,793.3,190.0,8.53
2024-04-12T14:00,29.8,49,905.0,748.0,205.0,8.65
2024-04-12T15:00,29.5,52,785.0,696.4,201.0,8.84
2024-04-12T16:00,29.0,57,616.0,659.8,162.0,8.28
2024-04-12T17:00,28.2,61,399.0,535.9,134.0,7.86
2024-04-12T18:00,27.2,68,173.0,302.4,91.0,7.64
2024-04-12T19:00,26.3,72,21.0,29.8,18.0,7.12
2024-04-12T20:00,26.0,74,0.0,0.0,0.0,6.23
2024-04-12T21:00,25.8,75,0.0,0.0,0.0,5.69
2024-04-12T22:00,25.4,76,0.0,0.0,0.0,5.21
2024-04-12T23:00,24.9,78,0.0,0.0,0.0,4.81
2024-04-13T00:00,24.2,81,0.0,0.0,0.0,4.00
2024-04-13T01:00,23.5,85,0.0,0.0,0.0,3.71
2024-04-13T02:00,22.9,89,0.0,0.0,0.0,3.81
2024-04-13T03:00,22.3,91,0.0,0.0,0.0,3.81
2024-04-13T04:00,21.6,91,0.0,0.0,0.0,3.08
2024-04-13T05:00,20.9,91,0.0,0.0,0.0,3.11
2024-04-13T06:00,20.6,90,0.0,0.0,0.0,3.32
2024-04-13T07:00,21.7,82,43.0,111.4,29.0,3.06
2024-04-13T08:00,24.0,72,231.0,413.1,99.0,3.21
2024-04-13T09:00,26.0,71,464.0,606.0,138.0,4.27
2024-04-13T10:00,27.7,61,679.0,711.6,164.0,5.02
2024-04-13T11:00,28.9,56,847.0,771.8,180.0,6.08
2024-04-13T12:00,29.4,54,950.0,801.3,189.0,7.43
2024-04-13T13:00,29.5,52,979.0,808.6,191.0,8.22
2024-04-13T14:00,29.8,48,934.0,797.3,187.0,8.49
2024-04-13T15:00,29.5,50,819.0,764.7,177.0,8.63
2024-04-13T16:00,29.1,52,641.0,701.1,158.0,7.99
2024-04-13T17:00,28.1,58,422.0,585.3,132.0,7.92
2024-04-13T18:00,27.0,65,188.0,367.3,88.0,7.45
2024-04-13T19:00,26.1,70,23.0,59.2,17.0,6.93
2024-04-13T20:00,25.6,73,0.0,0.0,0.0,5.74
2024-04-13T21:00,25.1,76,0.0,0.0,0.0,5.23
2024-04-13T22:00,24.5,79,0.0,0.0,0.0,5.01
2024-04-13T23:00,23.8,82,0.0,0.0,0.0,4.28
2024-04-14T00:00,23.1,86,0.0,0.0,0.0,3.77
2024-04-14T01:00,22.4,88,0.0,0.0,0.0,3.49
2024-04-14T02:00,21.4,89,0.0,0.0,0.0,3.05
2024-04-14T03:00,20.5,90,0.0,0.0,0.0,3.05
2024-04-14T04:00,21.0,92,0.0,0.0,0.0,3.23
2024-04-14T05:00,20.9,95,0.0,0.0,0.0,3.49
2024-04-14T06:00,20.7,94,0.0,0.0,0.0,3.30
2024-04-14T07:00,21.7,92,45.0,117.9,30.0,3.14
2024-04-14T08:00,24.0,83,235.0,418.6,100.0,3.41
2024-04-14T09:00,26.1,69,471.0,612.3,140.0,4.49
2024-04-14T10:00,27.8,55,688.0,719.0,166.0,4.89
2024-04-14T11:00,29.1,49,858.0,781.6,181.0,5.52
2024-04-14T12:00,29.4,51,965.0,814.7,190.0,6.68
2024-04-14T13:00,29.7,48,993.0,814.7,198.0,7.58
2024-04-14T14:00,29.8,47,944.0,794.2,199.0,7.84
2024-04-14T15:00,29.4,50,826.0,761.5,186.0,8.03
2024-04-14T16:00,29.1,49,642.0,682.8,171.0,8.06
2024-04-14T17:00,28.4,52,423.0,576.2,137.0,8.07
2024-04-14T18:00,27.3,57,190.0,369.5,89.0,7.58
2024-04-14T19:00,26.3,66,24.0,58.9,18.0,6.85
2024-04-14T20:00,25.7,69,0.0,0.0,0.0,6.29
2024-04-14T21:00,25.0,74,0.0,0.0,0.0,5.57
2024-04-14T22:00,24.4,77,0.0,0.0,0.0,4.64
2024-04-14T23:00,23.6,78,0.0,0.0,0.0,4.11
2024-04-15T00:00,22.8,77,0.0,0.0,0.0,3.33
2024-04-15T01:00,21.3,84,0.0,0.0,0.0,2.70
2024-04-15T02:00,21.1,89,0.0,0.0,0.0,3.06
2024-04-15T03:00,20.0,92,0.0,0.0,0.0,2.51
2024-04-15T04:00,21.2,88,0.0,0.0,0.0,3.32
2024-04-15T05:00,21.3,90,0.0,0.0,0.0,3.60
2024-04-15T06:00,21.1,90,0.0,0.0,0.0,3.45
2024-04-15T07:00,22.2,86,46.0,116.5,31.0,2.97
2024-04-15T08:00,24.5,77,232.0,399.5,102.0,2.44
2024-04-15T09:00,26.3,69,458.0,568.8,149.0,3.20
2024-04-15T10:00,27.5,62,669.0,676.9,176.0,3.47
2024-04-15T11:00,28.7,52,837.0,745.4,190.0,4.86
2024-04-15T12:00,29.3,48,941.0,777.7,200.0,5.69
2024-04-15T13:00,29.6,45,976.0,796.3,198.0,6.17
2024-04-15T14:00,29.5,48,931.0,780.6,198.0,6.98
2024-04-15T15:00,29.4,48,815.0,746.4,187.0,6.84
2024-04-15T16:00,28.6,52,645.0,702.2,160.0,7.35
2024-04-15T17:00,27.8,57,421.0,581.1,132.0,7.30
2024-04-15T18:00,26.8,66,188.0,364.4,88.0,6.95
2024-04-15T19:00,26.1,69,24.0,58.6,18.0,6.95
2024-04-15T20:00,25.6,71,0.0,0.0,0.0,6.87
2024-04-15T21:00,25.1,73,0.0,0.0,0.0,5.70
2024-04-15T22:00,24.5,75,0.0,0.0,0.0,5.17
2024-04-15T23:00,23.9,77,0.0,0.0,0.0,4.93
2024-04-16T00:00,23.3,80,0.0,0.0,0.0,3.96
2024-04-16T01:00,22.1,85,0.0,0.0,0.0,2.77
2024-04-16T02:00,20.7,90,0.0,0.0,0.0,2.30
2024-04-16T03:00,20.1,92,0.0,0.0,0.0,2.42
2024-04-16T04:00,21.3,88,0.0,0.0,0.0,3.73
2024-04-16T05:00,21.0,83,0.0,0.0,0.0,4.03
2024-04-16T06:00,20.6,79,0.0,0.0,0.0,3.89
2024-04-16T07:00,21.4,75,49.0,122.9,33.0,3.70
2024-04-16T08:00,23.9,62,241.0,423.4,102.0,3.61
2024-04-16T09:00,26.4,47,478.0,619.3,140.0,4.40
2024-04-16T10:00,28.0,42,691.0,720.1,165.0,4.94
2024-04-16T11:00,29.2,41,857.0,778.4,180.0,6.39
2024-04-16T12:00,29.7,47,960.0,806.9,190.0,7.57
2024-04-16T13:00,29.7,52,987.0,812.7,192.0,8.70
2024-04-16T14:00,30.1,46,938.0,798.9,187.0,9.20
2024-04-16T15:00,30.3,44,819.0,763.5,176.0,9.18
2024-04-16T16:00,29.5,48,639.0,694.1,159.0,9.04
2024-04-16T17:00,28.9,51,420.0,578.1,132.0,8.66
2024-04-16T18:00,27.7,62,189.0,366.6,88.0,7.78
2024-04-16T19:00,26.7,68,24.0,58.3,18.0,6.86
2024-04-16T20:00,26.3,70,0.0,0.0,0.0,5.05
2024-04-16T21:00,26.0,70,0.0,0.0,0.0,4.09
2024-04-16T22:00,25.0,72,0.0,0.0,0.0,2.36
2024-04-16T23:00,24.2,69,0.0,0.0,0.0,2.38
2024-04-17T00:00,23.9,66,0.0,0.0,0.0,3.11
2024-04-17T01:00,23.4,68,0.0,0.0,0.0,3.32
2024-04-17T02:00,22.9,73,0.0,0.0,0.0,3.40
2024-04-17T03:00,22.7,76,0.0,0.0,0.0,4.10
2024-04-17T04:00,23.1,86,0.0,0.0,0.0,4.46
2024-04-17T05:00,22.6,92,0.0,0.0,0.0,4.68
2024-04-17T06:00,22.3,63,0.0,0.0,0.0,2.86
2024-04-17T07:00,25.4,30,50.0,129.1,33.0,5.00
2024-04-17T08:00,28.3,26,244.0,428.8,102.0,4.24
2024-04-17T09:00,31.9,20,480.0,618.4,141.0,4.34
2024-04-17T10:00,33.9,17,695.0,723.5,165.0,3.34
2024-04-17T11:00,35.0,15,863.0,781.4,182.0,3.31
2024-04-17T12:00,34.3,28,966.0,810.9,191.0,5.30
2024-04-17T13:00,33.1,38,994.0,817.8,193.0,6.80
2024-04-17T14:00,32.8,35,946.0,804.5,189.0,7.12
2024-04-17T15:00,32.2,36,824.0,767.4,177.0,6.80
2024-04-17T16:00,31.2,40,639.0,693.3,159.0,5.70
2024-04-17T17:00,30.4,46,420.0,577.0,132.0,4.84
2024-04-17T18:00,29.1,55,189.0,365.2,88.0,4.37
2024-04-17T19:00,28.0,64,25.0,57.9,19.0,3.19
2024-04-17T20:00,27.2,73,0.0,0.0,0.0,2.58
2024-04-17T21:00,26.5,82,0.0,0.0,0.0,2.22
2024-04-17T22:00,25.9,83,0.0,0.0,0.0,2.30
2024-04-17T23:00,25.3,79,0.0,0.0,0.0,2.34
2024-04-18T00:00,24.6,72,0.0,0.0,0.0,2.28
2024-04-18T01:00,23.8,65,0.0,0.0,0.0,1.86
2024-04-18T02:00,24.7,54,0.0,0.0,0.0,1.27
2024-04-18T03:00,25.0,48,0.0,0.0,0.0,1.06
2024-04-18T04:00,25.8,38,0.0,0.0,0.0,0.98
2024-04-18T05:00,25.3,43,0.0,0.0,0.0,1.00
2024-04-18T06:00,24.9,47,0.0,0.0,0.0,0.22
2024-04-18T07:00,24.7,52,50.0,127.7,33.0,0.22
2024-04-18T08:00,26.2,51,240.0,416.3,101.0,0.67
2024-04-18T09:00,28.4,51,470.0,599.3,140.0,2.15
2024-04-18T10:00,30.1,52,682.0,702.5,166.0,3.76
2024-04-18T11:00,31.1,50,847.0,762.7,181.0,4.88
2024-04-18T12:00,31.6,49,948.0,792.0,190.0,5.60
2024-04-18T13:00,31.9,46,976.0,799.6,192.0,5.70
2024-04-18T14:00,31.9,46,929.0,786.7,188.0,5.92
2024-04-18T15:00,31.7,48,811.0,750.1,178.0,6.04
2024-04-18T16:00,31.0,52,630.0,675.2,162.0,5.75
2024-04-18T17:00,30.1,56,409.0,546.0,136.0,4.68
2024-04-18T18:00,29.1,64,185.0,353.0,87.0,3.48
2024-04-18T19:00,27.8,79,25.0,57.6,19.0,2.82
2024-04-18T20:00,27.3,81,0.0,0.0,0.0,2.01
2024-04-18T21:00,27.2,78,0.0,0.0,0.0,1.92
2024-04-18T22:00,27.0,73,0.0,0.0,0.0,2.28
2024-04-18T23:00,26.5,69,0.0,0.0,0.0,2.30
2024-04-19T00:00,25.9,70,0.0,0.0,0.0,2.40
2024-04-19T01:00,25.0,69,0.0,0.0,0.0,1.77
2024-04-19T02:00,25.0,63,0.0,0.0,0.0,1.56
2024-04-19T03:00,25.1,57,0.0,0.0,0.0,1.35
2024-04-19T04:00,24.8,65,0.0,0.0,0.0,2.85
2024-04-19T05:00,23.9,67,0.0,0.0,0.0,1.82
2024-04-19T06:00,25.6,54,0.0,0.0,0.0,0.82
2024-04-19T07:00,25.3,64,52.0,126.4,35.0,3.24
2024-04-19T08:00,26.9,57,240.0,413.0,101.0,3.16
2024-04-19T09:00,30.3,39,468.0,595.0,139.0,2.56
2024-04-19T10:00,33.0,30,678.0,696.5,165.0,2.69
2024-04-19T11:00,34.5,26,840.0,754.5,180.0,3.64
2024-04-19T12:00,35.1,25,938.0,782.6,188.0,4.87
2024-04-19T13:00,35.2,26,972.0,797.7,189.0,5.43
2024-04-19T14:00,32.4,49,922.0,781.8,185.0,7.97
2024-04-19T15:00,32.3,44,805.0,745.9,175.0,7.93
2024-04-19T16:00,32.0,43,628.0,677.3,158.0,7.45
2024-04-19T17:00,30.3,56,411.0,559.0,131.0,6.72
2024-04-19T18:00,29.1,64,187.0,355.2,88.0,5.54
2024-04-19T19:00,28.3,68,25.0,57.3,19.0,4.80
2024-04-19T20:00,27.9,68,0.0,0.0,0.0,3.83
2024-04-19T21:00,27.8,65,0.0,0.0,0.0,3.28
2024-04-19T22:00,27.2,64,0.0,0.0,0.0,2.42
2024-04-19T23:00,26.3,66,0.0,0.0,0.0,2.34
2024-04-20T00:00,25.8,69,0.0,0.0,0.0,3.00
2024-04-20T01:00,24.6,72,0.0,0.0,0.0,2.51
2024-04-20T02:00,23.4,73,0.0,0.0,0.0,1.84
2024-04-20T03:00,24.7,67,0.0,0.0,0.0,1.17
2024-04-20T04:00,23.0,77,0.0,0.0,0.0,2.22
2024-04-20T05:00,22.4,78,0.0,0.0,0.0,2.32
2024-04-20T06:00,22.3,84,0.0,0.0,0.0,2.82
2024-04-20T07:00,24.7,84,53.0,132.5,35.0,3.00
2024-04-20T08:00,27.0,77,243.0,415.8,102.0,3.44
2024-04-20T09:00,28.6,68,469.0,587.2,143.0,4.22
2024-04-20T10:00,30.3,55,676.0,681.2,173.0,4.14
2024-04-20T11:00,31.8,47,848.0,758.8,183.0,4.48
2024-04-20T12:00,32.4,45,952.0,791.0,193.0,5.01
2024-04-20T13:00,32.2,47,982.0,802.0,194.0,6.13
2024-04-20T14:00,32.1,46,937.0,790.6,191.0,6.00
2024-04-20T15:00,31.9,46,820.0,757.0,180.0,5.41
2024-04-20T16:00,30.8,54,643.0,693.8,161.0,7.17
2024-04-20T17:00,30.3,53,423.0,575.9,134.0,5.45
2024-04-20T18:00,28.8,64,193.0,364.5,91.0,5.33
2024-04-20T19:00,27.7,69,26.0,66.5,19.0,4.00
2024-04-20T20:00,27.2,72,0.0,0.0,0.0,3.54
2024-04-20T21:00,26.9,72,0.0,0.0,0.0,3.01
2024-04-20T22:00,25.9,74,0.0,0.0,0.0,2.00
2024-04-20T23:00,25.8,68,0.0,0.0,0.0,1.20
2024-04-21T00:00,23.9,79,0.0,0.0,0.0,2.25
2024-04-21T01:00,24.2,83,0.0,0.0,0.0,3.34
2024-04-21T02:00,23.4,88,0.0,0.0,0.0,2.92
2024-04-21T03:00,22.6,91,0.0,0.0,0.0,2.94
2024-04-21T04:00,23.3,85,0.0,0.0,0.0,3.49
2024-04-21T05:00,22.9,82,0.0,0.0,0.0,3.69
2024-04-21T06:00,21.9,82,0.0,0.0,0.0,2.96
2024-04-21T07:00,23.5,68,56.0,138.5,37.0,2.61
2024-04-21T08:00,26.3,53,250.0,424.4,105.0,1.97
2024-04-21T09:00,29.3,41,482.0,606.5,144.0,2.73
2024-04-21T10:00,31.6,33,694.0,710.6,168.0,4.02
2024-04-21T11:00,32.1,38,858.0,767.8,184.0,5.52
2024-04-21T12:00,31.9,47,960.0,797.3,194.0,6.44
2024-04-21T13:00,32.0,46,986.0,803.3,196.0,7.38
2024-04-21T14:00,32.2,42,936.0,788.9,191.0,7.86
2024-04-21T15:00,32.2,38,818.0,754.0,180.0,8.43
2024-04-21T16:00,31.6,40,641.0,688.7,162.0,9.14
2024-04-21T17:00,30.6,42,422.0,570.9,135.0,8.88
2024-04-21T18:00,29.2,48,192.0,359.6,91.0,7.82
2024-04-21T19:00,28.1,55,26.0,66.1,19.0,6.67
2024-04-21T20:00,27.5,57,0.0,0.0,0.0,5.44
2024-04-21T21:00,26.9,58,0.0,0.0,0.0,4.41
2024-04-21T22:00,26.1,60,0.0,0.0,0.0,3.71
2024-04-21T23:00,25.3,62,0.0,0.0,0.0,3.70
2024-04-22T00:00,24.5,65,0.0,0.0,0.0,4.00
2024-04-22T01:00,23.7,72,0.0,0.0,0.0,3.86
2024-04-22T02:00,23.0,76,0.0,0.0,0.0,3.76
2024-04-22T03:00,22.4,76,0.0,0.0,0.0,3.47
2024-04-22T04:00,21.8,71,0.0,0.0,0.0,2.67
2024-04-22T05:00,21.1,70,0.0,0.0,0.0,2.82
2024-04-22T06:00,20.5,77,0.0,0.0,0.0,2.98
2024-04-22T07:00,22.4,68,58.0,144.4,38.0,2.96
2024-04-22T08:00,25.1,53,256.0,435.9,106.0,3.31
2024-04-22T09:00,27.5,48,492.0,618.5,146.0,3.51
2024-04-22T10:00,29.5,44,705.0,719.8,171.0,3.97
2024-04-22T11:00,30.4,47,869.0,775.7,187.0,4.91
2024-04-22T12:00,31.0,46,968.0,802.6,196.0,5.66
2024-04-22T13:00,31.4,42,992.0,806.6,198.0,6.15
2024-04-22T14:00,31.6,44,939.0,790.4,192.0,6.80
2024-04-22T15:00,31.3,44,820.0,754.5,181.0,7.51
2024-04-22T16:00,30.8,51,636.0,680.8,162.0,5.96
2024-04-22T17:00,30.3,49,417.0,562.0,134.0,6.04
2024-04-22T18:00,28.9,61,190.0,354.6,90.0,5.35
2024-04-22T19:00,28.0,66,26.0,56.4,20.0,4.33
2024-04-22T20:00,27.7,71,0.0,0.0,0.0,2.64
2024-04-22T21:00,27.2,70,0.0,0.0,0.0,2.12
2024-04-22T22:00,26.4,67,0.0,0.0,0.0,2.08
2024-04-22T23:00,25.6,68,0.0,0.0,0.0,2.32
2024-04-23T00:00,24.8,75,0.0,0.0,0.0,2.60
2024-04-23T01:00,24.3,82,0.0,0.0,0.0,2.95
2024-04-23T02:00,24.1,84,0.0,0.0,0.0,3.30
2024-04-23T03:00,23.9,67,0.0,0.0,0.0,3.50
2024-04-23T04:00,24.0,75,0.0,0.0,0.0,3.92
2024-04-23T05:00,23.9,79,0.0,0.0,0.0,5.32
2024-04-23T06:00,27.9,26,0.0,0.0,0.0,7.22
2024-04-23T07:00,31.5,18,58.0,143.2,38.0,9.02
2024-04-23T08:00,34.3,16,249.0,418.5,104.0,8.41
2024-04-23T09:00,36.7,14,477.0,594.9,143.0,7.47
2024-04-23T10:00,38.5,12,686.0,696.6,168.0,5.01
2024-04-23T11:00,38.4,14,848.0,752.9,185.0,4.46
2024-04-23T12:00,37.5,21,947.0,782.0,194.0,6.86
2024-04-23T13:00,36.2,31,974.0,789.7,196.0,8.54
2024-04-23T14:00,35.5,30,924.0,774.9,191.0,8.19
2024-04-23T15:00,34.1,37,804.0,737.4,179.0,7.48
2024-04-23T16:00,34.3,41,630.0,675.8,159.0,7.60
2024-04-23T17:00,33.2,43,420.0,572.9,131.0,7.52
2024-04-23T18:00,31.8,50,186.0,342.6,89.0,5.30
2024-04-23T19:00,30.5,57,26.0,56.1,20.0,4.38
2024-04-23T20:00,30.3,53,0.0,0.0,0.0,3.45
2024-04-23T21:00,29.7,57,0.0,0.0,0.0,1.93
2024-04-23T22:00,28.6,61,0.0,0.0,0.0,1.42
2024-04-23T23:00,28.0,61,0.0,0.0,0.0,1.21
2024-04-24T00:00,28.4,57,0.0,0.0,0.0,0.45
2024-04-24T01:00,27.6,59,0.0,0.0,0.0,0.61
2024-04-24T02:00,26.7,64,0.0,0.0,0.0,0.89
2024-04-24T03:00,26.3,68,0.0,0.0,0.0,0.61
2024-04-24T04:00,24.9,79,0.0,0.0,0.0,1.68
2024-04-24T05:00,25.2,87,0.0,0.0,0.0,1.41
2024-04-24T06:00,24.3,94,0.0,0.0,0.0,4.07
2024-04-24T07:00,25.9,79,58.0,141.9,38.0,4.82
2024-04-24T08:00,28.3,65,247.0,410.0,104.0,5.66
2024-04-24T09:00,30.7,55,471.0,584.0,142.0,5.91
2024-04-24T10:00,33.0,45,675.0,677.7,170.0,5.89
2024-04-24T11:00,34.1,41,832.0,729.2,189.0,6.55
2024-04-24T12:00,33.5,45,931.0,763.5,195.0,6.90
2024-04-24T13:00,33.1,46,957.0,772.8,195.0,6.68
2024-04-24T14:00,32.6,47,911.0,761.7,190.0,6.51
2024-04-24T15:00,32.4,46,795.0,725.0,180.0,5.73
2024-04-24T16:00,32.2,50,615.0,630.6,175.0,4.84
2024-04-24T17:00,31.3,54,388.0,455.1,158.0,5.06
2024-04-24T18:00,30.2,62,180.0,292.0,97.0,4.06
2024-04-24T19:00,29.0,73,27.0,55.8,21.0,4.05
2024-04-24T20:00,28.5,75,0.0,0.0,0.0,2.33
2024-04-24T21:00,28.4,77,0.0,0.0,0.0,0.90
2024-04-24T22:00,28.6,70,0.0,0.0,0.0,1.53
2024-04-24T23:00,28.3,65,0.0,0.0,0.0,1.77
2024-04-25T00:00,27.8,67,0.0,0.0,0.0,1.65
2024-04-25T01:00,28.1,65,0.0,0.0,0.0,0.76
2024-04-25T02:00,27.4,69,0.0,0.0,0.0,0.82
2024-04-25T03:00,26.0,75,0.0,0.0,0.0,1.36
2024-04-25T04:00,26.5,66,0.0,0.0,0.0,1.46
2024-04-25T05:00,26.1,60,0.0,0.0,0.0,1.84
2024-04-25T06:00,26.0,55,0.0,0.0,0.0,1.70
2024-04-25T07:00,28.0,47,59.0,140.7,39.0,1.66
2024-04-25T08:00,30.6,40,245.0,401.6,104.0,0.45
2024-04-25T09:00,33.1,34,466.0,573.1,142.0,1.66
2024-04-25T10:00,34.6,32,669.0,673.6,166.0,3.12
2024-04-25T11:00,34.9,35,827.0,729.3,183.0,4.39
2024-04-25T12:00,35.4,34,918.0,753.4,191.0,4.94
2024-04-25T13:00,35.6,34,909.0,722.5,196.0,6.17
2024-04-25T14:00,35.5,36,884.0,730.5,192.0,7.06
2024-04-25T15:00,35.0,40,774.0,695.0,184.0,6.86
2024-04-25T16:00,33.8,42,601.0,624.2,165.0,5.69
2024-04-25T17:00,32.9,46,390.0,482.0,146.0,4.60
2024-04-25T18:00,32.0,50,174.0,280.3,94.0,3.93
2024-04-25T19:00,30.8,59,25.0,46.2,20.0,3.34
2024-04-25T20:00,30.6,57,0.0,0.0,0.0,3.06
2024-04-25T21:00,30.8,53,0.0,0.0,0.0,3.21
2024-04-25T22:00,31.2,46,0.0,0.0,0.0,2.38
2024-04-25T23:00,30.7,44,0.0,0.0,0.0,1.70
2024-04-26T00:00,29.6,49,0.0,0.0,0.0,1.56
2024-04-26T01:00,28.8,56,0.0,0.0,0.0,1.78
2024-04-26T02:00,28.0,63,0.0,0.0,0.0,1.14
2024-04-26T03:00,28.5,61,0.0,0.0,0.0,0.14
2024-04-26T04:00,28.8,43,0.0,0.0,0.0,2.02
2024-04-26T05:00,28.6,45,0.0,0.0,0.0,1.90
2024-04-26T06:00,28.7,41,0.0,0.0,0.0,3.36
2024-04-26T07:00,30.3,39,58.0,132.6,39.0,6.48
2024-04-26T08:00,32.3,36,241.0,385.0,105.0,6.24
2024-04-26T09:00,35.9,27,464.0,567.7,142.0,6.76
2024-04-26T10:00,37.4,25,666.0,665.5,168.0,5.98
2024-04-26T11:00,38.7,23,825.0,727.1,182.0,3.71
2024-04-26T12:00,37.4,26,920.0,752.6,193.0,6.74
2024-04-26T13:00,36.7,30,952.0,770.5,191.0,4.61
2024-04-26T14:00,31.6,49,896.0,729.0,205.0,3.24
2024-04-26T15:00,34.2,36,614.0,473.2,212.0,8.02
2024-04-26T16:00,36.5,24,583.0,597.8,165.0,5.11
2024-04-26T17:00,34.7,31,400.0,520.6,136.0,4.18
2024-04-26T18:00,33.1,39,185.0,335.1,89.0,3.80
2024-04-26T19:00,31.6,47,27.0,55.1,21.0,3.83
2024-04-26T20:00,31.2,50,0.0,0.0,0.0,2.80
2024-04-26T21:00,30.7,57,0.0,0.0,0.0,1.79
2024-04-26T22:00,30.8,56,0.0,0.0,0.0,1.17
2024-04-26T23:00,30.6,54,0.0,0.0,0.0,2.15
2024-04-27T00:00,30.2,55,0.0,0.0,0.0,2.40
2024-04-27T01:00,29.7,59,0.0,0.0,0.0,1.02
2024-04-27T02:00,29.1,56,0.0,0.0,0.0,3.22
2024-04-27T03:00,28.4,59,0.0,0.0,0.0,2.33
2024-04-27T04:00,29.8,47,0.0,0.0,0.0,3.04
2024-04-27T05:00,29.0,43,0.0,0.0,0.0,1.87
2024-04-27T06:00,28.6,41,0.0,0.0,0.0,2.39
2024-04-27T07:00,30.0,37,61.0,145.4,40.0,2.33
2024-04-27T08:00,32.3,31,246.0,396.7,105.0,2.31
2024-04-27T09:00,34.4,28,468.0,571.2,143.0,0.99
2024-04-27T10:00,35.2,28,670.0,669.5,168.0,2.69
2024-04-27T11:00,35.5,31,825.0,722.8,185.0,5.36
2024-04-27T12:00,35.4,33,922.0,754.0,193.0,6.23
2024-04-27T13:00,34.7,36,932.0,733.6,207.0,6.04
2024-04-27T14:00,34.1,45,900.0,750.6,188.0,7.38
2024-04-27T15:00,36.0,40,717.0,618.7,191.0,10.67
2024-04-27T16:00,35.8,44,619.0,654.4,161.0,9.77
2024-04-27T17:00,34.7,49,409.0,541.3,134.0,9.33
2024-04-27T18:00,31.6,66,184.0,330.3,89.0,7.67
2024-04-27T19:00,25.6,78,16.0,27.4,13.0,3.22
2024-04-27T20:00,26.3,80,0.0,0.0,0.0,3.18
2024-04-27T21:00,26.2,82,0.0,0.0,0.0,4.94
2024-04-27T22:00,25.2,77,0.0,0.0,0.0,5.50
2024-04-27T23:00,25.7,79,0.0,0.0,0.0,2.12
2024-04-28T00:00,25.7,87,0.0,0.0,0.0,0.95
2024-04-28T01:00,26.0,81,0.0,0.0,0.0,2.38
2024-04-28T02:00,26.0,82,0.0,0.0,0.0,3.26
2024-04-28T03:00,26.1,82,0.0,0.0,0.0,3.62
2024-04-28T04:00,28.9,45,0.0,0.0,0.0,4.05
2024-04-28T05:00,28.3,45,0.0,0.0,0.0,3.77
2024-04-28T06:00,27.7,51,0.0,0.0,0.0,3.24
2024-04-28T07:00,28.1,57,62.0,144.3,41.0,0.89
2024-04-28T08:00,29.5,52,250.0,402.7,106.0,1.17
2024-04-28T09:00,31.5,48,470.0,571.1,144.0,2.83
2024-04-28T10:00,32.3,51,671.0,668.3,169.0,3.40
2024-04-28T11:00,32.9,50,825.0,720.8,186.0,4.37
2024-04-28T12:00,32.9,49,918.0,747.1,195.0,4.63
2024-04-28T13:00,33.4,45,928.0,742.2,194.0,0.45
2024-04-28T14:00,34.5,41,868.0,700.7,203.0,2.20
2024-04-28T15:00,34.9,41,773.0,691.2,185.0,4.08
2024-04-28T16:00,34.4,41,614.0,638.1,167.0,4.43
2024-04-28T17:00,33.7,41,386.0,477.5,143.0,4.06
2024-04-28T18:00,32.6,45,183.0,322.1,90.0,3.61
2024-04-28T19:00,31.8,51,28.0,54.5,22.0,3.13
2024-04-28T20:00,31.3,56,0.0,0.0,0.0,2.36
2024-04-28T21:00,31.0,57,0.0,0.0,0.0,2.91
2024-04-28T22:00,31.6,47,0.0,0.0,0.0,2.26
2024-04-28T23:00,31.3,46,0.0,0.0,0.0,1.94
2024-04-29T00:00,30.5,49,0.0,0.0,0.0,1.08
2024-04-29T01:00,29.9,51,0.0,0.0,0.0,0.98
2024-04-29T02:00,28.7,52,0.0,0.0,0.0,4.59
2024-04-29T03:00,27.3,55,0.0,0.0,0.0,4.07
2024-04-29T04:00,26.5,63,0.0,0.0,0.0,6.00
2024-04-29T05:00,27.3,64,0.0,0.0,0.0,6.02
2024-04-29T06:00,24.8,69,0.0,0.0,0.0,10.68
2024-04-29T07:00,27.1,56,62.0,143.2,41.0,7.58
2024-04-29T08:00,29.8,47,246.0,389.2,106.0,5.54
2024-04-29T09:00,32.5,40,451.0,529.3,148.0,6.01
2024-04-29T10:00,34.4,36,650.0,620.5,183.0,3.76
2024-04-29T11:00,33.7,41,795.0,673.7,197.0,5.62
2024-04-29T12:00,35.2,37,863.0,623.7,259.0,3.60
2024-04-29T13:00,35.3,39,908.0,690.1,225.0,3.64
2024-04-29T14:00,33.5,44,820.0,609.7,241.0,3.76
2024-04-29T15:00,34.2,43,730.0,628.5,195.0,2.95
2024-04-29T16:00,31.8,61,528.0,507.7,172.0,5.15
2024-04-29T17:00,28.6,67,389.0,492.4,138.0,7.29
2024-04-29T18:00,26.1,70,103.0,155.2,58.0,7.53
2024-04-29T19:00,25.8,73,21.0,36.2,17.0,5.54
2024-04-29T20:00,26.1,71,0.0,0.0,0.0,7.21
2024-04-29T21:00,25.7,70,0.0,0.0,0.0,7.58
2024-04-29T22:00,25.3,68,0.0,0.0,0.0,8.22
2024-04-29T23:00,25.7,64,0.0,0.0,0.0,6.18
2024-04-30T00:00,25.5,69,0.0,0.0,0.0,4.22
2024-04-30T01:00,25.4,73,0.0,0.0,0.0,3.09
2024-04-30T02:00,24.9,79,0.0,0.0,0.0,2.02
2024-04-30T03:00,24.5,82,0.0,0.0,0.0,2.25
2024-04-30T04:00,25.3,67,0.0,0.0,0.0,2.95
2024-04-30T05:00,25.2,67,0.0,0.0,0.0,2.69
2024-04-30T06:00,24.9,69,0.0,0.0,0.0,2.55
2024-04-30T07:00,26.2,64,64.0,142.2,43.0,2.25
2024-04-30T08:00,28.9,55,249.0,392.6,107.0,1.64
2024-04-30T09:00,31.2,46,467.0,560.8,145.0,2.12
2024-04-30T10:00,32.4,45,667.0,659.3,170.0,3.32
2024-04-30T11:00,32.9,46,821.0,713.4,187.0,3.98
2024-04-30T12:00,33.5,47,915.0,742.8,195.0,5.55
2024-04-30T13:00,32.8,52,936.0,745.3,198.0,7.42
2024-04-30T14:00,32.5,51,840.0,679.9,194.0,7.29
2024-04-30T15:00,32.2,53,776.0,696.1,183.0,6.81
2024-04-30T16:00,32.2,53,588.0,602.6,165.0,5.30
2024-04-30T17:00,31.8,54,395.0,509.2,135.0,4.72
2024-04-30T18:00,31.1,56,181.0,309.3,91.0,4.61
2024-04-30T19:00,30.4,59,28.0,62.9,21.0,4.46
2024-04-30T20:00,29.8,66,0.0,0.0,0.0,3.64
2024-04-30T21:00,29.7,68,0.0,0.0,0.0,2.95
2024-04-30T22:00,29.5,69,0.0,0.0,0.0,3.00
2024-04-30T23:00,29.2,69,0.0,0.0,0.0,3.58
2024-05-01T00:00,28.8,66,0.0,0.0,0.0,3.40
2024-05-01T01:00,27.9,69,0.0,0.0,0.0,2.72
2024-05-01T02:00,26.9,73,0.0,0.0,0.0,2.47
2024-05-01T03:00,26.0,78,0.0,0.0,0.0,1.17
2024-05-01T04:00,26.5,67,0.0,0.0,0.0,2.00
2024-05-01T05:00,25.8,69,0.0,0.0,0.0,1.22
2024-05-01T06:00,25.6,71,0.0,0.0,0.0,1.10
2024-05-01T07:00,26.7,67,67.0,154.6,44.0,1.04
2024-05-01T08:00,28.4,65,256.0,404.2,109.0,2.40
2024-05-01T09:00,29.9,63,477.0,573.2,147.0,3.54
2024-05-01T10:00,31.4,55,682.0,675.4,172.0,4.10
2024-05-01T11:00,32.2,53,842.0,734.0,189.0,5.97
2024-05-01T12:00,32.0,57,937.0,761.9,198.0,7.70
2024-05-01T13:00,32.1,55,969.0,776.1,200.0,8.10
2024-05-01T14:00,32.1,52,920.0,761.5,196.0,8.58
2024-05-01T15:00,32.0,49,804.0,725.0,186.0,8.11
2024-05-01T16:00,31.3,49,639.0,671.8,167.0,7.09
2024-05-01T17:00,30.6,52,423.0,553.3,140.0,6.65
2024-05-01T18:00,29.4,62,198.0,352.6,95.0,6.80
2024-05-01T19:00,28.4,65,31.0,71.5,23.0,6.40
2024-05-01T20:00,27.9,68,0.0,0.0,0.0,6.01
2024-05-01T21:00,27.6,66,0.0,0.0,0.0,5.28
2024-05-01T22:00,26.8,69,0.0,0.0,0.0,4.65
2024-05-01T23:00,25.9,78,0.0,0.0,0.0,4.32
2024-05-02T00:00,25.1,83,0.0,0.0,0.0,3.86
2024-05-02T01:00,24.2,84,0.0,0.0,0.0,3.08
2024-05-02T02:00,23.1,85,0.0,0.0,0.0,2.53
2024-05-02T03:00,22.0,87,0.0,0.0,0.0,2.28
2024-05-02T04:00,23.3,82,0.0,0.0,0.0,3.26
2024-05-02T05:00,21.8,87,0.0,0.0,0.0,2.14
2024-05-02T06:00,22.6,82,0.0,0.0,0.0,1.24
2024-05-02T07:00,23.3,78,73.0,167.0,48.0,0.78
2024-05-02T08:00,25.8,67,272.0,435.0,113.0,1.70
2024-05-02T09:00,28.2,54,500.0,604.6,151.0,3.26
2024-05-02T10:00,29.6,54,704.0,698.1,176.0,4.00
2024-05-02T11:00,30.5,55,862.0,750.1,194.0,4.94
2024-05-02T12:00,31.1,52,958.0,778.8,202.0,5.83
2024-05-02T13:00,31.6,47,982.0,784.8,204.0,6.55
2024-05-02T14:00,31.9,44,935.0,773.8,199.0,6.69
2024-05-02T15:00,31.7,42,823.0,743.3,189.0,7.08
2024-05-02T16:00,32.0,37,648.0,679.7,170.0,8.09
2024-05-02T17:00,31.1,42,431.0,564.1,142.0,7.74
2024-05-02T18:00,30.0,49,201.0,358.0,96.0,6.91
2024-05-02T19:00,28.9,54,32.0,71.2,24.0,6.40
2024-05-02T20:00,28.3,59,0.0,0.0,0.0,5.73
2024-05-02T21:00,27.7,60,0.0,0.0,0.0,5.25
2024-05-02T22:00,26.8,64,0.0,0.0,0.0,4.80
2024-05-02T23:00,25.9,70,0.0,0.0,0.0,3.72
2024-05-03T00:00,24.9,72,0.0,0.0,0.0,2.91
2024-05-03T01:00,23.9,77,0.0,0.0,0.0,2.70
2024-05-03T02:00,22.9,82,0.0,0.0,0.0,2.70
2024-05-03T03:00,22.3,83,0.0,0.0,0.0,2.89
2024-05-03T04:00,22.4,76,0.0,0.0,0.0,2.61
2024-05-03T05:00,21.3,78,0.0,0.0,0.0,2.19
2024-05-03T06:00,21.4,75,0.0,0.0,0.0,1.49
2024-05-03T07:00,22.7,68,74.0,172.5,48.0,1.14
2024-05-03T08:00,25.9,57,274.0,435.5,114.0,2.19
2024-05-03T09:00,28.5,53,501.0,603.0,152.0,3.80
2024-05-03T10:00,29.9,52,704.0,695.7,177.0,5.09
2024-05-03T11:00,30.7,48,860.0,747.2,194.0,5.76
2024-05-03T12:00,31.3,45,952.0,772.2,202.0,6.35
2024-05-03T13:00,31.4,46,974.0,776.3,204.0,6.60
2024-05-03T14:00,31.4,48,924.0,761.8,199.0,6.64
2024-05-03T15:00,30.9,53,806.0,725.3,187.0,6.77
2024-05-03T16:00,30.5,54,627.0,653.5,167.0,7.13
2024-05-03T17:00,29.8,58,414.0,537.8,138.0,7.11
2024-05-03T18:00,29.0,62,194.0,339.6,94.0,6.44
2024-05-03T19:00,28.1,67,31.0,70.8,23.0,5.81
2024-05-03T20:00,27.7,69,0.0,0.0,0.0,5.55
2024-05-03T21:00,27.3,71,0.0,0.0,0.0,5.24
2024-05-03T22:00,26.7,74,0.0,0.0,0.0,5.30
2024-05-03T23:00,26.0,75,0.0,0.0,0.0,4.90
2024-05-04T00:00,25.3,78,0.0,0.0,0.0,3.88
2024-05-04T01:00,24.3,83,0.0,0.0,0.0,3.01
2024-05-04T02:00,23.3,88,0.0,0.0,0.0,2.71
2024-05-04T03:00,22.4,92,0.0,0.0,0.0,2.41
2024-05-04T04:00,22.8,90,0.0,0.0,0.0,2.11
2024-05-04T05:00,22.2,92,0.0,0.0,0.0,2.04
2024-05-04T06:00,21.8,92,0.0,0.0,0.0,2.20
2024-05-04T07:00,23.9,83,74.0,164.9,49.0,2.12
2024-05-04T08:00,26.4,71,269.0,422.6,113.0,2.40
2024-05-04T09:00,28.6,64,494.0,589.5,152.0,3.41
2024-05-04T10:00,30.2,56,698.0,686.8,177.0,4.47
2024-05-04T11:00,30.9,55,857.0,742.0,195.0,5.20
2024-05-04T12:00,31.4,52,952.0,770.6,203.0,5.91
2024-05-04T13:00,31.9,48,973.0,773.9,205.0,6.24
2024-05-04T14:00,32.0,47,924.0,760.4,200.0,6.45
2024-05-04T15:00,31.8,48,809.0,726.1,189.0,6.58
2024-05-04T16:00,31.4,49,634.0,660.0,169.0,5.44
2024-05-04T17:00,30.7,53,423.0,548.6,141.0,5.15
2024-05-04T18:00,29.6,62,200.0,348.5,97.0,5.00
2024-05-04T19:00,28.5,70,33.0,70.4,25.0,4.52
2024-05-04T20:00,28.0,75,0.0,0.0,0.0,3.92
2024-05-04T21:00,27.5,81,0.0,0.0,0.0,3.27
2024-05-04T22:00,26.8,86,0.0,0.0,0.0,3.20
2024-05-04T23:00,25.9,90,0.0,0.0,0.0,2.50
2024-05-05T00:00,24.7,92,0.0,0.0,0.0,1.98
2024-05-05T01:00,23.6,93,0.0,0.0,0.0,1.75
2024-05-05T02:00,22.6,92,0.0,0.0,0.0,1.84
2024-05-05T03:00,23.8,88,0.0,0.0,0.0,1.03
2024-05-05T04:00,22.3,94,0.0,0.0,0.0,1.92
2024-05-05T05:00,22.0,91,0.0,0.0,0.0,2.48
2024-05-05T06:00,21.3,90,0.0,0.0,0.0,2.10
2024-05-05T07:00,23.3,85,74.0,157.3,50.0,1.24
2024-05-05T08:00,26.0,75,268.0,407.2,117.0,0.71
2024-05-05T09:00,28.4,72,493.0,583.0,154.0,1.40
2024-05-05T10:00,30.0,63,697.0,681.9,179.0,3.10
2024-05-05T11:00,30.9,59,856.0,739.1,196.0,4.31
2024-05-05T12:00,31.6,54,954.0,770.2,205.0,5.29
2024-05-05T13:00,32.0,51,979.0,777.6,207.0,6.22
2024-05-05T14:00,31.8,53,929.0,763.3,202.0,6.71
2024-05-05T15:00,31.5,55,814.0,729.2,191.0,7.20
2024-05-05T16:00,31.3,52,638.0,662.3,171.0,7.15
2024-05-05T17:00,30.7,53,425.0,549.6,142.0,6.58
2024-05-05T18:00,29.7,59,201.0,347.1,98.0,5.70
2024-05-05T19:00,28.7,65,33.0,70.0,25.0,4.79
2024-05-05T20:00,28.2,69,0.0,0.0,0.0,4.78
2024-05-05T21:00,27.8,68,0.0,0.0,0.0,4.51
2024-05-05T22:00,27.3,64,0.0,0.0,0.0,4.20
2024-05-05T23:00,26.7,62,0.0,0.0,0.0,3.67
2024-05-06T00:00,25.8,60,0.0,0.0,0.0,3.19
2024-05-06T01:00,24.8,59,0.0,0.0,0.0,2.92
2024-05-06T02:00,23.9,59,0.0,0.0,0.0,2.69
2024-05-06T03:00,23.3,54,0.0,0.0,0.0,2.60
2024-05-06T04:00,24.8,45,0.0,0.0,0.0,2.01
2024-05-06T05:00,24.7,48,0.0,0.0,0.0,2.00
2024-05-06T06:00,24.6,75,1.0,0.0,1.0,3.20
2024-05-06T07:00,26.8,71,74.0,169.5,48.0,2.55
2024-05-06T08:00,28.8,66,267.0,413.5,113.0,2.47
2024-05-06T09:00,30.4,60,490.0,579.9,152.0,3.47
2024-05-06T10:00,31.8,52,692.0,677.1,177.0,4.19
2024-05-06T11:00,32.9,46,849.0,732.9,194.0,4.56
2024-05-06T12:00,33.3,45,945.0,762.6,203.0,5.64
2024-05-06T13:00,33.4,42,971.0,770.2,206.0,6.62
2024-05-06T14:00,33.7,37,923.0,756.6,202.0,6.89
2024-05-06T15:00,33.6,35,809.0,724.1,190.0,6.85
2024-05-06T16:00,33.3,31,637.0,660.3,171.0,7.10
2024-05-06T17:00,32.3,39,422.0,542.9,142.0,7.07
2024-05-06T18:00,31.4,44,199.0,342.4,97.0,5.73
2024-05-06T19:00,30.3,52,33.0,69.6,25.0,5.73
2024-05-06T20:00,29.7,57,0.0,0.0,0.0,5.51
2024-05-06T21:00,29.4,49,0.0,0.0,0.0,5.30
2024-05-06T22:00,28.9,44,0.0,0.0,0.0,5.05
2024-05-06T23:00,28.1,49,0.0,0.0,0.0,5.00
2024-05-07T00:00,27.5,49,0.0,0.0,0.0,4.73
2024-05-07T01:00,26.7,51,0.0,0.0,0.0,4.52
2024-05-07T02:00,26.0,55,0.0,0.0,0.0,4.88
2024-05-07T03:00,25.4,66,0.0,0.0,0.0,5.85
2024-05-07T04:00,25.7,49,0.0,0.0,0.0,5.30
2024-05-07T05:00,25.3,49,0.0,0.0,0.0,5.23
2024-05-07T06:00,24.9,57,1.0,0.0,1.0,4.79
2024-05-07T07:00,26.1,55,77.0,168.6,51.0,3.81
2024-05-07T08:00,28.3,47,272.0,419.7,115.0,4.32
2024-05-07T09:00,30.6,41,498.0,589.0,154.0,5.45
2024-05-07T10:00,32.8,32,703.0,686.8,180.0,5.95
2024-05-07T11:00,33.8,32,861.0,742.5,197.0,7.13
2024-05-07T12:00,33.6,38,954.0,768.4,206.0,8.93
2024-05-07T13:00,33.4,41,977.0,775.0,207.0,9.69
2024-05-07T14:00,33.5,36,927.0,759.5,203.0,10.00
2024-05-07T15:00,33.4,33,811.0,724.9,191.0,9.84
2024-05-07T16:00,32.7,35,634.0,655.5,171.0,9.74
2024-05-07T17:00,31.8,39,421.0,540.0,142.0,9.60
2024-05-07T18:00,30.7,41,199.0,341.1,97.0,8.82
2024-05-07T19:00,29.4,46,34.0,69.3,26.0,8.23
2024-05-07T20:00,28.7,49,0.0,0.0,0.0,7.50
2024-05-07T21:00,28.0,52,0.0,0.0,0.0,6.41
2024-05-07T22:00,27.5,52,0.0,0.0,0.0,5.71
2024-05-07T23:00,26.8,56,0.0,0.0,0.0,5.10
2024-05-08T00:00,26.1,60,0.0,0.0,0.0,5.01
2024-05-08T01:00,25.5,63,0.0,0.0,0.0,4.84
2024-05-08T02:00,25.0,66,0.0,0.0,0.0,5.22
2024-05-08T03:00,24.4,69,0.0,0.0,0.0,5.65
2024-05-08T04:00,24.8,67,0.0,0.0,0.0,6.18
2024-05-08T05:00,24.4,68,0.0,0.0,0.0,5.90
2024-05-08T06:00,24.0,67,1.0,0.0,1.0,5.58
2024-05-08T07:00,25.0,62,76.0,167.7,50.0,5.12
2024-05-08T08:00,27.0,55,270.0,412.7,115.0,6.10
2024-05-08T09:00,29.1,44,494.0,581.0,154.0,6.82
2024-05-08T10:00,30.9,39,698.0,679.5,180.0,6.78
2024-05-08T11:00,32.1,39,854.0,734.1,197.0,7.13
2024-05-08T12:00,31.9,45,947.0,761.9,205.0,8.49
2024-05-08T13:00,31.6,47,970.0,767.7,207.0,9.34
2024-05-08T14:00,31.5,47,919.0,751.9,202.0,9.20
2024-05-08T15:00,31.2,49,802.0,715.2,190.0,9.14
2024-05-08T16:00,30.9,52,627.0,645.0,171.0,8.77
2024-05-08T17:00,30.2,55,416.0,529.5,142.0,8.35
2024-05-08T18:00,29.3,59,197.0,336.5,96.0,7.91
2024-05-08T19:00,28.4,66,34.0,68.9,26.0,7.31
2024-05-08T20:00,28.0,68,0.0,0.0,0.0,6.28
2024-05-08T21:00,27.6,70,0.0,0.0,0.0,5.07
2024-05-08T22:00,27.0,72,0.0,0.0,0.0,4.01
2024-05-08T23:00,26.3,74,0.0,0.0,0.0,3.60
2024-05-09T00:00,25.7,78,0.0,0.0,0.0,3.42
2024-05-09T01:00,25.1,82,0.0,0.0,0.0,3.61
2024-05-09T02:00,24.5,84,0.0,0.0,0.0,3.59
2024-05-09T03:00,24.2,85,0.0,0.0,0.0,3.93
2024-05-09T04:00,24.5,79,0.0,0.0,0.0,3.96
2024-05-09T05:00,24.1,77,0.0,0.0,0.0,3.42
2024-05-09T06:00,23.6,78,1.0,0.0,1.0,3.24
2024-05-09T07:00,25.2,70,77.0,166.9,51.0,3.34
2024-05-09T08:00,27.3,59,269.0,408.5,115.0,3.79
2024-05-09T09:00,29.5,54,489.0,573.1,153.0,4.12
2024-05-09T10:00,31.1,51,689.0,668.3,179.0,4.67
2024-05-09T11:00,31.7,53,843.0,723.6,195.0,5.61
2024-05-09T12:00,32.3,51,936.0,751.3,204.0,6.16
2024-05-09T13:00,32.8,48,958.0,756.4,206.0,6.58
2024-05-09T14:00,32.8,49,912.0,744.3,202.0,6.94
2024-05-09T15:00,32.3,51,799.0,711.3,190.0,7.12
2024-05-09T16:00,31.9,54,624.0,641.6,170.0,7.32
2024-05-09T17:00,31.0,58,414.0,526.7,141.0,6.59
2024-05-09T18:00,30.1,64,196.0,331.9,96.0,5.74
2024-05-09T19:00,29.1,72,34.0,68.5,26.0,5.41
2024-05-09T20:00,28.8,72,0.0,0.0,0.0,4.87
2024-05-09T21:00,28.7,70,0.0,0.0,0.0,4.16
2024-05-09T22:00,28.6,64,0.0,0.0,0.0,3.41
2024-05-09T23:00,28.1,61,0.0,0.0,0.0,2.91
2024-05-10T00:00,27.4,61,0.0,0.0,0.0,2.63
2024-05-10T01:00,26.6,64,0.0,0.0,0.0,2.30
2024-05-10T02:00,25.6,68,0.0,0.0,0.0,1.84
2024-05-10T03:00,25.2,64,0.0,0.0,0.0,1.77
2024-05-10T04:00,26.0,61,0.0,0.0,0.0,1.77
2024-05-10T05:00,26.5,55,0.0,0.0,0.0,1.30
2024-05-10T06:00,26.6,51,1.0,0.0,1.0,1.26
2024-05-10T07:00,27.7,49,76.0,166.1,50.0,1.08
2024-05-10T08:00,30.1,41,264.0,399.2,113.0,1.00
2024-05-10T09:00,32.7,35,479.0,558.5,151.0,1.62
2024-05-10T10:00,34.4,34,676.0,653.2,177.0,2.58
2024-05-10T11:00,34.4,39,828.0,707.6,194.0,4.65
2024-05-10T12:00,33.9,40,919.0,734.6,203.0,5.87
2024-05-10T13:00,34.2,39,940.0,739.0,205.0,5.28
2024-05-10T14:00,34.1,43,888.0,717.8,203.0,5.25
2024-05-10T15:00,33.7,45,750.0,600.1,236.0,4.95
2024-05-10T16:00,32.9,50,601.0,598.7,177.0,5.12
2024-05-10T17:00,32.1,53,402.0,504.6,140.0,4.63
2024-05-10T18:00,31.1,60,191.0,314.1,96.0,3.54
2024-05-10T19:00,30.4,63,33.0,68.2,25.0,3.08
2024-05-10T20:00,30.1,66,0.0,0.0,0.0,2.19
2024-05-10T21:00,30.3,60,0.0,0.0,0.0,2.24
2024-05-10T22:00,30.6,56,0.0,0.0,0.0,1.39
2024-05-10T23:00,30.6,54,0.0,0.0,0.0,0.36
2024-05-11T00:00,30.1,55,0.0,0.0,0.0,0.82
2024-05-11T01:00,29.2,56,0.0,0.0,0.0,1.12
2024-05-11T02:00,28.6,54,0.0,0.0,0.0,2.18
2024-05-11T03:00,28.3,54,0.0,0.0,0.0,2.31
2024-05-11T04:00,29.9,49,0.0,0.0,0.0,2.75
2024-05-11T05:00,30.0,48,0.0,0.0,0.0,3.13
2024-05-11T06:00,29.9,48,1.0,0.0,1.0,3.31
2024-05-11T07:00,31.7,43,76.0,159.0,51.0,2.97
2024-05-11T08:00,34.1,39,260.0,389.9,112.0,2.73
2024-05-11T09:00,35.2,38,472.0,547.4,150.0,3.31
2024-05-11T10:00,34.4,47,667.0,640.9,177.0,5.24
2024-05-11T11:00,34.2,51,817.0,696.1,193.0,5.42
2024-05-11T12:00,34.7,50,907.0,723.1,202.0,5.86
2024-05-11T13:00,35.1,49,934.0,733.8,204.0,5.83
2024-05-11T14:00,35.1,48,890.0,724.9,198.0,5.55
2024-05-11T15:00,35.0,49,775.0,686.1,187.0,5.19
2024-05-11T16:00,34.5,48,604.0,615.1,168.0,3.72
2024-05-11T17:00,33.9,50,400.0,501.9,139.0,3.01
2024-05-11T18:00,33.2,53,191.0,316.2,95.0,2.81
2024-05-11T19:00,32.1,58,34.0,67.8,26.0,3.04
2024-05-11T20:00,31.5,61,0.0,0.0,0.0,2.02
2024-05-11T21:00,31.1,63,0.0,0.0,0.0,1.64
2024-05-11T22:00,31.0,62,0.0,0.0,0.0,1.70
2024-05-11T23:00,30.9,60,0.0,0.0,0.0,1.70
2024-05-12T00:00,30.8,57,0.0,0.0,0.0,1.84
2024-05-12T01:00,30.5,56,0.0,0.0,0.0,2.31
2024-05-12T02:00,30.0,57,0.0,0.0,0.0,2.50
2024-05-12T03:00,29.3,59,0.0,0.0,0.0,2.31
2024-05-12T04:00,29.6,59,0.0,0.0,0.0,1.75
2024-05-12T05:00,29.9,57,0.0,0.0,0.0,1.14
2024-05-12T06:00,30.6,55,1.0,0.0,1.0,0.45
2024-05-12T07:00,30.8,54,77.0,164.7,51.0,0.30
2024-05-12T08:00,32.3,50,263.0,393.9,113.0,0.94
2024-05-12T09:00,34.0,46,477.0,553.3,151.0,1.61
2024-05-12T10:00,35.2,43,673.0,646.9,178.0,2.51
2024-05-12T11:00,35.8,43,824.0,702.4,194.0,4.08
2024-05-12T12:00,36.2,41,916.0,731.1,203.0,4.85
2024-05-12T13:00,36.3,39,938.0,736.6,205.0,5.10
2024-05-12T14:00,35.9,43,891.0,722.6,201.0,5.02
2024-05-12T15:00,35.4,46,783.0,694.0,188.0,4.63
2024-05-12T16:00,34.8,47,613.0,625.9,169.0,5.41
2024-05-12T17:00,33.9,50,405.0,506.8,141.0,5.03
2024-05-12T18:00,33.0,55,194.0,318.2,97.0,4.46
2024-05-12T19:00,32.3,58,35.0,67.5,27.0,4.14
2024-05-12T20:00,31.9,58,0.0,0.0,0.0,3.09
2024-05-12T21:00,31.8,57,0.0,0.0,0.0,2.73
2024-05-12T22:00,31.6,58,0.0,0.0,0.0,2.67
2024-05-12T23:00,31.2,59,0.0,0.0,0.0,2.98
2024-05-13T00:00,30.8,60,0.0,0.0,0.0,3.35
2024-05-13T01:00,30.1,63,0.0,0.0,0.0,3.40
2024-05-13T02:00,29.3,70,0.0,0.0,0.0,4.08
2024-05-13T03:00,28.7,75,0.0,0.0,0.0,4.68
2024-05-13T04:00,28.8,78,0.0,0.0,0.0,5.15
2024-05-13T05:00,28.7,73,0.0,0.0,0.0,4.40
2024-05-13T06:00,28.6,70,1.0,0.0,1.0,4.01
2024-05-13T07:00,29.7,63,78.0,164.1,52.0,4.12
2024-05-13T08:00,31.3,57,263.0,392.8,113.0,4.75
2024-05-13T09:00,32.7,54,477.0,549.2,153.0,4.96
2024-05-13T10:00,32.8,61,670.0,643.8,177.0,6.88
2024-05-13T11:00,32.7,62,819.0,695.4,195.0,8.02
2024-05-13T12:00,33.2,56,908.0,721.6,204.0,8.08
2024-05-13T13:00,33.4,51,934.0,731.4,206.0,8.51
2024-05-13T14:00,33.2,51,889.0,720.3,201.0,9.13
2024-05-13T15:00,33.0,49,777.0,684.3,190.0,9.06
2024-05-13T16:00,32.3,49,610.0,619.7,170.0,8.30
2024-05-13T17:00,31.4,56,405.0,502.1,143.0,8.54
2024-05-13T18:00,30.5,62,192.0,300.7,100.0,8.20
2024-05-13T19:00,29.8,64,35.0,58.7,28.0,7.76
2024-05-13T20:00,29.3,67,0.0,0.0,0.0,7.16
2024-05-13T21:00,28.8,71,0.0,0.0,0.0,6.84
2024-05-13T22:00,28.4,71,0.0,0.0,0.0,6.15
2024-05-13T23:00,28.2,69,0.0,0.0,0.0,5.63
2024-05-14T00:00,27.8,68,0.0,0.0,0.0,5.41
2024-05-14T01:00,27.4,69,0.0,0.0,0.0,5.53
2024-05-14T02:00,27.0,73,0.0,0.0,0.0,5.54
2024-05-14T03:00,26.5,77,0.0,0.0,0.0,5.32
2024-05-14T04:00,26.9,71,0.0,0.0,0.0,5.38
2024-05-14T05:00,26.7,77,0.0,0.0,0.0,5.66
2024-05-14T06:00,26.6,80,1.0,0.0,1.0,6.04
2024-05-14T07:00,27.7,72,81.0,176.1,53.0,5.93
2024-05-14T08:00,29.7,58,273.0,407.4,117.0,7.12
2024-05-14T09:00,31.4,48,492.0,568.8,156.0,7.05
2024-05-14T10:00,32.6,43,690.0,662.9,182.0,7.38
2024-05-14T11:00,32.9,44,842.0,717.4,198.0,8.56
2024-05-14T12:00,32.8,47,935.0,745.0,208.0,9.65
2024-05-14T13:00,32.9,44,958.0,751.4,210.0,10.39
2024-05-14T14:00,32.9,45,910.0,737.9,205.0,10.18
2024-05-14T15:00,32.4,48,795.0,702.6,192.0,10.04
2024-05-14T16:00,31.7,48,623.0,633.2,173.0,9.99
2024-05-14T17:00,31.0,48,414.0,518.5,143.0,9.65
2024-05-14T18:00,30.1,54,199.0,328.8,98.0,8.42
2024-05-14T19:00,29.0,63,37.0,75.1,28.0,7.51
2024-05-14T20:00,28.6,66,0.0,0.0,0.0,7.08
2024-05-14T21:00,28.3,66,0.0,0.0,0.0,6.07
2024-05-14T22:00,27.9,68,0.0,0.0,0.0,5.40
2024-05-14T23:00,27.5,68,0.0,0.0,0.0,4.90
2024-05-15T00:00,27.0,70,0.0,0.0,0.0,4.70
2024-05-15T01:00,26.5,73,0.0,0.0,0.0,4.60
2024-05-15T02:00,26.1,74,0.0,0.0,0.0,4.60
2024-05-15T03:00,25.7,75,0.0,0.0,0.0,4.93
2024-05-15T04:00,25.9,69,0.0,0.0,0.0,5.70
2024-05-15T05:00,25.6,71,0.0,0.0,0.0,5.60
2024-05-15T06:00,25.3,73,1.0,0.0,1.0,5.51
2024-05-15T07:00,26.2,72,82.0,175.5,54.0,5.33
2024-05-15T08:00,28.0,67,272.0,403.7,117.0,6.40
2024-05-15T09:00,29.8,57,489.0,563.0,156.0,6.87
2024-05-15T10:00,31.5,47,686.0,657.3,182.0,6.98
2024-05-15T11:00,32.1,45,838.0,711.6,199.0,8.08
2024-05-15T12:00,32.0,48,930.0,739.8,208.0,9.22
2024-05-15T13:00,32.0,48,953.0,746.2,210.0,9.57
2024-05-15T14:00,31.9,48,905.0,732.5,205.0,9.63
2024-05-15T15:00,31.7,47,790.0,693.0,195.0,9.44
2024-05-15T16:00,30.9,53,620.0,628.5,173.0,9.35
2024-05-15T17:00,30.1,56,413.0,513.8,144.0,8.94
2024-05-15T18:00,29.3,60,199.0,324.3,99.0,8.61
2024-05-15T19:00,28.6,63,37.0,74.7,28.0,7.84
2024-05-15T20:00,28.0,67,0.0,0.0,0.0,7.30
2024-05-15T21:00,27.5,72,0.0,0.0,0.0,6.66
2024-05-15T22:00,27.2,70,0.0,0.0,0.0,6.31
2024-05-15T23:00,26.5,75,0.0,0.0,0.0,5.90
2024-05-16T00:00,26.0,77,0.0,0.0,0.0,5.60
2024-05-16T01:00,25.5,77,0.0,0.0,0.0,5.20
2024-05-16T02:00,24.9,73,0.0,0.0,0.0,4.72
2024-05-16T03:00,24.4,71,0.0,0.0,0.0,4.72
2024-05-16T04:00,24.6,55,0.0,0.0,0.0,5.10
2024-05-16T05:00,24.3,58,0.0,0.0,0.0,5.20
2024-05-16T06:00,24.1,66,1.0,0.0,1.0,5.31
2024-05-16T07:00,25.1,69,83.0,174.9,55.0,4.84
2024-05-16T08:00,26.8,67,275.0,405.3,119.0,5.51
2024-05-16T09:00,28.5,62,494.0,565.8,159.0,6.14
2024-05-16T10:00,30.0,55,691.0,659.5,185.0,6.67
2024-05-16T11:00,31.0,51,843.0,713.7,202.0,7.35
2024-05-16T12:00,31.5,48,937.0,743.7,211.0,7.93
2024-05-16T13:00,31.4,49,962.0,751.1,214.0,8.42
2024-05-16T14:00,31.4,48,915.0,739.6,208.0,8.35
2024-05-16T15:00,30.9,52,801.0,703.1,197.0,8.21
2024-05-16T16:00,30.1,59,625.0,630.7,176.0,8.28
2024-05-16T17:00,29.7,61,413.0,499.5,151.0,7.73
2024-05-16T18:00,28.6,68,193.0,268.1,110.0,7.55
2024-05-16T19:00,27.8,73,36.0,49.5,30.0,6.84
2024-05-16T20:00,27.4,76,0.0,0.0,0.0,6.43
2024-05-16T21:00,26.9,81,0.0,0.0,0.0,6.16
2024-05-16T22:00,26.5,81,0.0,0.0,0.0,5.85
2024-05-16T23:00,25.9,84,0.0,0.0,0.0,5.53
2024-05-17T00:00,25.5,87,0.0,0.0,0.0,5.14
2024-05-17T01:00,25.0,89,0.0,0.0,0.0,4.90
2024-05-17T02:00,24.5,91,0.0,0.0,0.0,4.80
2024-05-17T03:00,24.1,92,0.0,0.0,0.0,4.80
2024-05-17T04:00,24.0,91,0.0,0.0,0.0,5.01
2024-05-17T05:00,23.8,86,0.0,0.0,0.0,5.11
2024-05-17T06:00,23.7,81,2.0,0.0,2.0,5.10
2024-05-17T07:00,25.1,70,84.0,180.4,55.0,4.60
2024-05-17T08:00,27.2,65,277.0,407.0,120.0,4.84
2024-05-17T09:00,29.1,63,496.0,568.6,159.0,5.85
2024-05-17T10:00,30.8,59,695.0,664.4,185.0,6.40
2024-05-17T11:00,31.8,57,850.0,720.2,203.0,7.07
2024-05-17T12:00,31.9,57,943.0,747.7,213.0,7.90
2024-05-17T13:00,32.2,55,964.0,753.0,214.0,8.13
2024-05-17T14:00,32.3,54,913.0,737.3,208.0,7.71
2024-05-17T15:00,32.3,56,796.0,694.6,199.0,7.10
2024-05-17T16:00,31.4,62,619.0,600.7,191.0,6.31
2024-05-17T17:00,30.5,68,406.0,458.7,165.0,6.05
2024-05-17T18:00,29.6,75,199.0,302.4,105.0,5.10
2024-05-17T19:00,28.5,83,38.0,65.7,30.0,5.60
2024-05-17T20:00,28.3,84,0.0,0.0,0.0,5.23
2024-05-17T21:00,28.2,80,0.0,0.0,0.0,4.36
2024-05-17T22:00,28.2,74,0.0,0.0,0.0,4.34
2024-05-17T23:00,27.8,73,0.0,0.0,0.0,4.08
2024-05-18T00:00,27.3,73,0.0,0.0,0.0,3.49
2024-05-18T01:00,26.4,78,0.0,0.0,0.0,3.08
2024-05-18T02:00,25.7,82,0.0,0.0,0.0,2.96
2024-05-18T03:00,25.1,86,0.0,0.0,0.0,2.91
2024-05-18T04:00,25.4,79,0.0,0.0,0.0,2.71
2024-05-18T05:00,25.4,85,0.0,0.0,0.0,3.31
2024-05-18T06:00,25.4,87,2.0,0.0,2.0,3.65
2024-05-18T07:00,26.7,84,82.0,154.4,57.0,4.32
2024-05-18T08:00,28.8,75,256.0,313.0,135.0,5.46
2024-05-18T09:00,31.1,64,479.0,529.3,165.0,5.78
2024-05-18T10:00,32.9,55,682.0,649.8,183.0,5.58
2024-05-18T11:00,34.4,47,833.0,705.5,199.0,5.44
2024-05-18T12:00,35.2,44,924.0,732.2,209.0,5.20
2024-05-18T13:00,35.6,43,945.0,737.8,210.0,5.51
2024-05-18T14:00,35.5,45,898.0,723.6,206.0,5.72
2024-05-18T15:00,35.2,46,785.0,688.5,193.0,6.01
2024-05-18T16:00,34.4,44,617.0,615.5,178.0,4.88
2024-05-18T17:00,33.5,50,411.0,499.7,148.0,3.75
2024-05-18T18:00,32.1,58,200.0,323.6,99.0,3.16
2024-05-18T19:00,30.7,68,38.0,81.6,28.0,2.63
2024-05-18T20:00,30.3,71,0.0,0.0,0.0,2.32
2024-05-18T21:00,30.2,71,0.0,0.0,0.0,2.36
2024-05-18T22:00,29.7,73,0.0,0.0,0.0,2.02
2024-05-18T23:00,29.1,73,0.0,0.0,0.0,1.08
2024-05-19T00:00,28.4,77,0.0,0.0,0.0,2.76
2024-05-19T01:00,27.5,84,0.0,0.0,0.0,2.70
2024-05-19T02:00,27.1,86,0.0,0.0,0.0,2.73
2024-05-19T03:00,26.0,92,0.0,0.0,0.0,1.75
2024-05-19T04:00,27.4,88,0.0,0.0,0.0,1.91
2024-05-19T05:00,26.7,87,0.0,0.0,0.0,1.50
2024-05-19T06:00,26.6,88,2.0,0.0,2.0,2.11
2024-05-19T07:00,27.9,85,82.0,171.9,54.0,2.37
2024-05-19T08:00,29.9,74,270.0,395.0,117.0,3.11
2024-05-19T09:00,31.9,63,484.0,552.4,156.0,3.19
2024-05-19T10:00,33.2,57,678.0,645.7,182.0,3.57
2024-05-19T11:00,33.9,54,829.0,701.0,199.0,4.10
2024-05-19T12:00,34.2,49,919.0,728.1,208.0,4.96
2024-05-19T13:00,34.5,44,942.0,733.7,211.0,5.19
2024-05-19T14:00,34.7,43,896.0,721.3,206.0,4.83
2024-05-19T15:00,34.9,42,786.0,688.1,194.0,3.91
2024-05-19T16:00,34.8,39,614.0,617.8,173.0,3.91
2024-05-19T17:00,34.0,44,410.0,506.4,143.0,3.21
2024-05-19T18:00,33.1,49,199.0,319.2,99.0,2.90
2024-05-19T19:00,31.9,56,39.0,81.2,29.0,1.75
2024-05-19T20:00,31.2,64,0.0,0.0,0.0,1.82
2024-05-19T21:00,30.6,69,0.0,0.0,0.0,0.98
2024-05-19T22:00,30.5,67,0.0,0.0,0.0,0.81
2024-05-19T23:00,29.9,72,0.0,0.0,0.0,0.54
2024-05-20T00:00,29.2,73,0.0,0.0,0.0,1.08
2024-05-20T01:00,28.2,83,0.0,0.0,0.0,1.53
2024-05-20T02:00,27.3,91,0.0,0.0,0.0,1.36
2024-05-20T03:00,26.8,94,0.0,0.0,0.0,1.26
2024-05-20T04:00,28.7,86,0.0,0.0,0.0,2.12
2024-05-20T05:00,27.9,88,0.0,0.0,0.0,1.40
2024-05-20T06:00,27.6,85,2.0,0.0,2.0,1.87
2024-05-20T07:00,29.3,72,83.0,164.7,56.0,1.22
2024-05-20T08:00,31.3,57,268.0,389.2,117.0,0.80
2024-05-20T09:00,33.7,44,481.0,548.7,155.0,1.60
2024-05-20T10:00,35.1,43,674.0,641.6,181.0,4.17
2024-05-20T11:00,34.0,59,823.0,695.3,198.0,6.58
2024-05-20T12:00,33.6,58,912.0,720.9,208.0,7.08
2024-05-20T13:00,33.8,55,934.0,726.6,210.0,6.08
2024-05-20T14:00,34.0,53,887.0,712.8,205.0,5.09
2024-05-20T15:00,34.5,51,775.0,675.0,194.0,4.97
2024-05-20T16:00,33.4,55,612.0,614.4,173.0,4.65
2024-05-20T17:00,32.6,57,409.0,501.7,144.0,4.25
2024-05-20T18:00,31.7,61,200.0,317.9,100.0,3.40
2024-05-20T19:00,30.6,69,39.0,80.8,29.0,2.25
2024-05-20T20:00,30.4,70,0.0,0.0,0.0,1.14
2024-05-20T21:00,30.1,72,0.0,0.0,0.0,0.86
2024-05-20T22:00,29.5,78,0.0,0.0,0.0,0.91
2024-05-20T23:00,29.0,82,0.0,0.0,0.0,0.95
2024-05-21T00:00,28.3,86,0.0,0.0,0.0,0.81
2024-05-21T01:00,28.1,86,0.0,0.0,0.0,0.63
2024-05-21T02:00,27.1,90,0.0,0.0,0.0,2.12
2024-05-21T03:00,26.7,85,0.0,0.0,0.0,2.34
2024-05-21T04:00,27.1,89,0.0,0.0,0.0,2.00
2024-05-21T05:00,26.8,89,0.0,0.0,0.0,2.41
2024-05-21T06:00,26.6,89,2.0,0.0,2.0,2.67
2024-05-21T07:00,28.1,81,84.0,157.8,58.0,2.28
2024-05-21T08:00,29.6,71,255.0,295.9,140.0,2.01
2024-05-21T09:00,31.2,61,448.0,420.5,198.0,1.72
2024-05-21T10:00,33.1,49,643.0,528.2,237.0,2.12
2024-05-21T11:00,34.4,43,807.0,621.8,248.0,3.55
2024-05-21T12:00,34.9,38,883.0,613.3,284.0,4.83
2024-05-21T13:00,35.4,33,941.0,703.5,240.0,5.20
2024-05-21T14:00,35.5,31,887.0,661.4,254.0,4.93
2024-05-21T15:00,34.9,34,756.0,570.2,265.0,5.20
2024-05-21T16:00,34.1,44,633.0,633.4,180.0,5.24
2024-05-21T17:00,33.0,51,423.0,512.1,152.0,4.37
2024-05-21T18:00,31.8,58,191.0,231.2,118.0,2.02
2024-05-21T19:00,30.7,67,39.0,56.2,32.0,3.67
2024-05-21T20:00,29.9,70,0.0,0.0,0.0,1.89
2024-05-21T21:00,29.4,73,0.0,0.0,0.0,0.72
2024-05-21T22:00,28.4,81,0.0,0.0,0.0,1.26
2024-05-21T23:00,27.6,88,0.0,0.0,0.0,2.34
2024-05-22T00:00,27.1,92,0.0,0.0,0.0,2.98
2024-05-22T01:00,26.3,93,0.0,0.0,0.0,2.55
2024-05-22T02:00,25.5,92,0.0,0.0,0.0,2.70
2024-05-22T03:00,24.7,89,0.0,0.0,0.0,2.51
2024-05-22T04:00,25.2,78,0.0,0.0,0.0,2.21
2024-05-22T05:00,24.7,76,0.0,0.0,0.0,2.35
2024-05-22T06:00,25.0,72,2.0,0.0,2.0,2.96
2024-05-22T07:00,27.2,68,87.0,175.1,58.0,3.21
2024-05-22T08:00,29.4,66,278.0,403.4,121.0,3.91
2024-05-22T09:00,31.3,59,494.0,561.4,160.0,4.41
2024-05-22T10:00,33.3,45,690.0,655.6,186.0,4.48
2024-05-22T11:00,34.3,41,842.0,710.8,203.0,5.59
2024-05-22T12:00,34.6,40,933.0,737.2,213.0,6.44
2024-05-22T13:00,34.6,40,957.0,745.6,214.0,6.66
2024-05-22T14:00,34.5,40,913.0,734.4,210.0,6.28
2024-05-22T15:00,34.1,43,801.0,699.9,198.0,5.88
2024-05-22T16:00,33.8,43,640.0,642.6,180.0,5.46
2024-05-22T17:00,32.7,47,432.0,532.0,150.0,5.27
2024-05-22T18:00,31.6,53,213.0,340.6,105.0,4.33
2024-05-22T19:00,30.1,70,43.0,87.9,32.0,3.32
2024-05-22T20:00,29.3,76,0.0,0.0,0.0,3.45
2024-05-22T21:00,28.7,81,0.0,0.0,0.0,3.80
2024-05-22T22:00,28.2,85,0.0,0.0,0.0,3.95
2024-05-22T23:00,27.6,82,0.0,0.0,0.0,2.70
2024-05-23T00:00,26.8,83,0.0,0.0,0.0,1.10
2024-05-23T01:00,26.2,85,0.0,0.0,0.0,1.22
2024-05-23T02:00,25.9,87,0.0,0.0,0.0,1.30
2024-05-23T03:00,25.4,88,0.0,0.0,0.0,1.30
2024-05-23T04:00,24.7,94,0.0,0.0,0.0,2.36
2024-05-23T05:00,24.8,93,0.0,0.0,0.0,2.77
2024-05-23T06:00,25.2,92,2.0,0.0,2.0,3.04
2024-05-23T07:00,27.4,85,88.0,174.3,59.0,2.50
2024-05-23T08:00,29.5,74,278.0,402.9,121.0,3.05
2024-05-23T09:00,31.3,62,494.0,561.2,160.0,3.83
2024-05-23T10:00,32.5,54,690.0,655.5,186.0,5.22
2024-05-23T11:00,32.9,52,840.0,708.5,203.0,6.60
2024-05-23T12:00,33.3,49,931.0,735.1,213.0,6.67
2024-05-23T13:00,33.5,51,956.0,742.5,216.0,6.89
2024-05-23T14:00,33.4,50,913.0,733.2,211.0,7.09
2024-05-23T15:00,33.2,53,801.0,698.4,199.0,6.57
2024-05-23T16:00,32.8,54,631.0,632.3,178.0,5.71
2024-05-23T17:00,32.2,57,425.0,519.7,149.0,5.52
2024-05-23T18:00,31.3,61,210.0,333.0,104.0,4.16
2024-05-23T19:00,30.2,68,43.0,87.4,32.0,3.12
2024-05-23T20:00,29.6,73,0.0,0.0,0.0,2.64
2024-05-23T21:00,29.0,77,0.0,0.0,0.0,2.62
2024-05-23T22:00,28.5,81,0.0,0.0,0.0,2.96
2024-05-23T23:00,27.9,84,0.0,0.0,0.0,3.45
2024-05-24T00:00,27.2,87,0.0,0.0,0.0,3.30
2024-05-24T01:00,26.5,88,0.0,0.0,0.0,2.83
2024-05-24T02:00,25.3,91,0.0,0.0,0.0,2.02
2024-05-24T03:00,25.1,88,0.0,0.0,0.0,1.58
2024-05-24T04:00,26.9,79,0.0,0.0,0.0,3.00
2024-05-24T05:00,26.6,89,0.0,0.0,0.0,3.05
2024-05-24T06:00,26.1,94,2.0,0.0,2.0,2.33
2024-05-24T07:00,28.2,85,86.0,173.5,57.0,2.91
2024-05-24T08:00,30.2,73,273.0,392.2,120.0,2.82
2024-05-24T09:00,31.8,63,486.0,549.2,159.0,3.22
2024-05-24T10:00,33.0,55,680.0,643.7,185.0,3.55
2024-05-24T11:00,33.6,52,829.0,696.3,203.0,5.01
2024-05-24T12:00,33.9,51,919.0,723.9,212.0,5.87
2024-05-24T13:00,34.0,51,943.0,731.4,214.0,6.12
2024-05-24T14:00,33.9,50,899.0,719.5,210.0,6.01
2024-05-24T15:00,33.5,54,788.0,684.2,198.0,5.70
2024-05-24T16:00,33.0,57,622.0,620.5,177.0,4.20
2024-05-24T17:00,32.2,62,419.0,509.4,148.0,3.31
2024-05-24T18:00,31.4,67,207.0,325.5,103.0,2.30
2024-05-24T19:00,30.4,74,43.0,87.0,32.0,2.26
2024-05-24T20:00,29.8,78,0.0,0.0,0.0,1.46
2024-05-24T21:00,29.5,80,0.0,0.0,0.0,0.63
2024-05-24T22:00,29.0,83,0.0,0.0,0.0,1.12
2024-05-24T23:00,28.3,88,0.0,0.0,0.0,3.00
2024-05-25T00:00,27.8,89,0.0,0.0,0.0,2.40
2024-05-25T01:00,26.7,90,0.0,0.0,0.0,1.58
2024-05-25T02:00,26.9,89,0.0,0.0,0.0,1.17
2024-05-25T03:00,27.1,91,0.0,0.0,0.0,0.20
2024-05-25T04:00,28.0,83,0.0,0.0,0.0,0.60
2024-05-25T05:00,25.8,93,0.0,0.0,0.0,1.93
2024-05-25T06:00,27.2,91,2.0,0.0,2.0,4.04
2024-05-25T07:00,29.7,75,87.0,172.8,58.0,4.20
2024-05-25T08:00,31.6,62,275.0,396.9,120.0,5.03
2024-05-25T09:00,32.7,56,488.0,552.4,159.0,4.90
2024-05-25T10:00,33.6,53,682.0,645.0,186.0,5.17
2024-05-25T11:00,34.5,51,832.0,699.7,203.0,6.86
2024-05-25T12:00,34.6,50,923.0,727.0,213.0,8.14
2024-05-25T13:00,34.5,49,948.0,734.4,216.0,9.15
2024-05-25T14:00,34.3,50,903.0,723.5,210.0,9.48
2024-05-25T15:00,33.8,52,794.0,689.7,199.0,9.48
2024-05-25T16:00,33.3,54,626.0,624.2,178.0,9.43
2024-05-25T17:00,32.3,59,422.0,512.3,149.0,8.72
2024-05-25T18:00,31.5,61,210.0,330.5,104.0,7.69
2024-05-25T19:00,30.7,64,44.0,86.6,33.0,6.72
2024-05-25T20:00,30.0,66,0.0,0.0,0.0,5.82
2024-05-25T21:00,29.8,62,0.0,0.0,0.0,5.72
2024-05-25T22:00,29.5,60,0.0,0.0,0.0,5.15
2024-05-25T23:00,28.9,62,0.0,0.0,0.0,4.77
2024-05-26T00:00,28.5,60,0.0,0.0,0.0,4.52
2024-05-26T01:00,27.9,60,0.0,0.0,0.0,4.61
2024-05-26T02:00,27.2,66,0.0,0.0,0.0,5.16
2024-05-26T03:00,26.7,73,0.0,0.0,0.0,5.79
2024-05-26T04:00,26.9,82,0.0,0.0,0.0,6.38
2024-05-26T05:00,26.5,84,0.0,0.0,0.0,6.48
2024-05-26T06:00,26.0,86,2.0,0.0,2.0,5.50
2024-05-26T07:00,27.0,79,88.0,172.2,59.0,4.91
2024-05-26T08:00,28.8,68,278.0,399.1,122.0,6.31
2024-05-26T09:00,30.6,56,495.0,558.9,162.0,6.32
2024-05-26T10:00,32.4,49,692.0,654.1,189.0,6.89
2024-05-26T11:00,33.4,45,844.0,709.7,206.0,7.80
2024-05-26T12:00,33.1,47,937.0,738.3,216.0,8.77
2024-05-26T13:00,32.9,50,959.0,743.4,218.0,9.13
2024-05-26T14:00,32.6,52,913.0,729.6,214.0,8.99
2024-05-26T15:00,32.4,53,802.0,695.2,202.0,9.06
2024-05-26T16:00,31.6,60,631.0,626.4,181.0,8.49
2024-05-26T17:00,31.0,62,426.0,515.2,151.0,7.95
2024-05-26T18:00,30.1,66,212.0,332.4,105.0,7.18
2024-05-26T19:00,29.2,70,45.0,93.9,33.0,6.66
2024-05-26T20:00,28.8,70,0.0,0.0,0.0,5.80
2024-05-26T21:00,28.4,70,0.0,0.0,0.0,5.22
2024-05-26T22:00,27.8,71,0.0,0.0,0.0,4.60
2024-05-26T23:00,27.0,76,0.0,0.0,0.0,4.63
2024-05-27T00:00,26.3,84,0.0,0.0,0.0,4.88
2024-05-27T01:00,25.7,89,0.0,0.0,0.0,4.61
2024-05-27T02:00,25.2,92,0.0,0.0,0.0,4.80
2024-05-27T03:00,24.7,92,0.0,0.0,0.0,4.62
2024-05-27T04:00,24.7,92,0.0,0.0,0.0,4.41
2024-05-27T05:00,24.3,92,0.0,0.0,0.0,4.30
2024-05-27T06:00,24.2,92,2.0,0.0,2.0,4.03
2024-05-27T07:00,25.4,86,88.0,165.7,60.0,3.92
2024-05-27T08:00,27.3,79,278.0,393.7,124.0,4.96
2024-05-27T09:00,29.1,71,496.0,557.2,164.0,5.33
2024-05-27T10:00,30.9,62,694.0,654.1,191.0,5.58
2024-05-27T11:00,32.2,55,845.0,708.7,208.0,5.95
2024-05-27T12:00,32.6,54,938.0,737.3,218.0,6.94
2024-05-27T13:00,32.6,52,961.0,743.4,220.0,7.52
2024-05-27T14:00,32.6,53,913.0,728.4,215.0,7.46
2024-05-27T15:00,32.6,51,803.0,694.8,203.0,7.32
2024-05-27T16:00,32.1,50,639.0,634.2,183.0,6.54
2024-05-27T17:00,31.6,52,432.0,523.6,152.0,5.60
2024-05-27T18:00,30.5,59,216.0,337.3,107.0,5.11
2024-05-27T19:00,29.3,66,46.0,93.5,34.0,4.88
2024-05-27T20:00,28.8,70,0.0,0.0,0.0,4.66
2024-05-27T21:00,28.6,69,0.0,0.0,0.0,4.46
2024-05-27T22:00,27.9,70,0.0,0.0,0.0,4.33
2024-05-27T23:00,27.1,74,0.0,0.0,0.0,4.01
2024-05-28T00:00,26.3,77,0.0,0.0,0.0,3.80
2024-05-28T01:00,25.6,80,0.0,0.0,0.0,3.81
2024-05-28T02:00,25.1,83,0.0,0.0,0.0,3.65
2024-05-28T03:00,24.6,86,0.0,0.0,0.0,3.57
2024-05-28T04:00,24.6,91,0.0,0.0,0.0,3.10
2024-05-28T05:00,24.2,86,0.0,0.0,0.0,3.20
2024-05-28T06:00,24.2,82,2.0,0.0,2.0,3.06
2024-05-28T07:00,26.0,71,88.0,171.2,59.0,2.70
2024-05-28T08:00,28.6,62,278.0,398.5,122.0,3.49
2024-05-28T09:00,30.7,57,493.0,553.7,163.0,4.60
2024-05-28T10:00,32.9,50,687.0,643.7,192.0,4.74
2024-05-28T11:00,33.5,52,836.0,694.3,212.0,5.80
2024-05-28T12:00,33.9,49,919.0,706.6,229.0,6.48
2024-05-28T13:00,34.4,45,944.0,714.3,232.0,6.66
2024-05-28T14:00,34.7,42,909.0,726.2,213.0,7.17
2024-05-28T15:00,34.6,41,799.0,691.1,202.0,7.13
2024-05-28T16:00,34.3,40,637.0,637.8,178.0,6.40
2024-05-28T17:00,33.6,42,427.0,515.3,151.0,6.22
2024-05-28T18:00,32.7,45,213.0,329.9,106.0,5.52
2024-05-28T19:00,31.6,52,46.0,93.0,34.0,4.92
2024-05-28T20:00,30.9,58,0.0,0.0,0.0,3.77
2024-05-28T21:00,30.6,56,0.0,0.0,0.0,3.48
2024-05-28T22:00,30.0,55,0.0,0.0,0.0,3.89
2024-05-28T23:00,29.4,56,0.0,0.0,0.0,4.27
2024-05-29T00:00,28.6,59,0.0,0.0,0.0,4.32
2024-05-29T01:00,27.9,58,0.0,0.0,0.0,3.45
2024-05-29T02:00,27.5,54,0.0,0.0,0.0,3.45
2024-05-29T03:00,27.0,65,0.0,0.0,0.0,3.83
2024-05-29T04:00,27.7,60,0.0,0.0,0.0,3.73
2024-05-29T05:00,27.1,58,0.0,0.0,0.0,3.30
2024-05-29T06:00,26.9,60,2.0,0.0,2.0,3.61
2024-05-29T07:00,28.1,62,88.0,170.7,59.0,4.02
2024-05-29T08:00,29.9,61,277.0,395.8,122.0,4.49
2024-05-29T09:00,32.3,53,491.0,553.7,161.0,5.76
2024-05-29T10:00,34.4,45,684.0,645.1,188.0,7.03
2024-05-29T11:00,35.9,39,833.0,697.7,206.0,7.92
2024-05-29T12:00,36.6,38,926.0,727.2,216.0,8.77
2024-05-29T13:00,36.2,40,950.0,728.3,224.0,9.42
2024-05-29T14:00,34.7,52,906.0,716.7,219.0,9.77
2024-05-29T15:00,34.1,55,795.0,687.3,201.0,9.97
2024-05-29T16:00,33.4,58,597.0,545.6,204.0,9.25
2024-05-29T17:00,32.8,58,366.0,367.2,169.0,8.85
2024-05-29T18:00,32.5,56,195.0,255.0,112.0,9.03
2024-05-29T19:00,31.9,56,40.0,69.4,31.0,8.82
2024-05-29T20:00,31.5,55,0.0,0.0,0.0,8.37
2024-05-29T21:00,31.3,53,0.0,0.0,0.0,8.23
2024-05-29T22:00,31.3,48,0.0,0.0,0.0,6.91
2024-05-29T23:00,31.3,46,0.0,0.0,0.0,7.02
2024-05-30T00:00,31.0,46,0.0,0.0,0.0,6.91
2024-05-30T01:00,30.6,45,0.0,0.0,0.0,6.50
2024-05-30T02:00,30.3,44,0.0,0.0,0.0,6.40
2024-05-30T03:00,30.4,42,0.0,0.0,0.0,6.21
2024-05-30T04:00,30.2,47,0.0,0.0,0.0,6.79
2024-05-30T05:00,30.1,45,0.0,0.0,0.0,7.05
2024-05-30T06:00,30.0,45,3.0,0.0,3.0,7.32
2024-05-30T07:00,31.0,44,88.0,170.4,59.0,7.44
2024-05-30T08:00,33.0,40,277.0,393.0,123.0,7.84
2024-05-30T09:00,35.0,32,490.0,548.7,163.0,8.73
2024-05-30T10:00,36.6,26,686.0,643.9,191.0,9.77
2024-05-30T11:00,37.4,26,839.0,702.3,208.0,10.69
2024-05-30T12:00,37.5,28,934.0,733.4,218.0,11.16
2024-05-30T13:00,36.7,34,961.0,741.3,222.0,11.57
2024-05-30T14:00,35.9,38,915.0,728.0,217.0,11.38
2024-05-30T15:00,35.3,40,802.0,691.6,204.0,11.22
2024-05-30T16:00,33.9,48,633.0,625.6,182.0,10.03
2024-05-30T17:00,33.0,50,428.0,513.6,152.0,10.00
2024-05-30T18:00,31.5,59,215.0,330.7,107.0,9.94
2024-05-30T19:00,30.2,67,47.0,99.8,34.0,8.51
2024-05-30T20:00,29.6,73,0.0,0.0,0.0,7.06
2024-05-30T21:00,29.8,63,0.0,0.0,0.0,7.22
2024-05-30T22:00,29.9,55,0.0,0.0,0.0,6.84
2024-05-30T23:00,29.8,51,0.0,0.0,0.0,6.80
2024-05-31T00:00,29.4,51,0.0,0.0,0.0,7.24
2024-05-31T01:00,29.3,51,0.0,0.0,0.0,7.91
2024-05-31T02:00,29.4,49,0.0,0.0,0.0,8.13
2024-05-31T03:00,29.6,48,0.0,0.0,0.0,8.00
2024-05-31T04:00,29.6,52,0.0,0.0,0.0,7.20
2024-05-31T05:00,29.2,54,0.0,0.0,0.0,8.04
2024-05-31T06:00,29.1,54,3.0,0.0,3.0,8.42
2024-05-31T07:00,29.9,52,87.0,164.2,59.0,8.11
2024-05-31T08:00,31.6,46,272.0,375.1,125.0,8.84
2024-05-31T09:00,33.2,44,486.0,543.7,162.0,9.32
2024-05-31T10:00,34.7,39,680.0,638.8,189.0,9.75
2024-05-31T11:00,35.1,39,829.0,693.5,206.0,10.47
2024-05-31T12:00,35.1,39,921.0,721.2,217.0,11.04
2024-05-31T13:00,35.0,41,945.0,723.3,224.0,11.46
2024-05-31T14:00,34.6,44,903.0,714.3,218.0,11.62
2024-05-31T15:00,34.1,46,794.0,679.7,206.0,11.65
2024-05-31T16:00,33.3,52,627.0,616.7,182.0,11.46
2024-05-31T17:00,32.5,55,425.0,507.2,152.0,11.12
2024-05-31T18:00,31.6,55,213.0,326.5,106.0,10.63
2024-05-31T19:00,30.1,69,47.0,91.7,35.0,9.35
2024-05-31T20:00,30.0,64,0.0,0.0,0.0,8.49
2024-05-31T21:00,30.0,57,0.0,0.0,0.0,8.93
2024-05-31T22:00,30.0,51,0.0,0.0,0.0,7.80
2024-05-31T23:00,29.5,52,0.0,0.0,0.0,7.50
2024-06-01T00:00,29.1,54,0.0,0.0,0.0,8.42
2024-06-01T01:00,28.9,56,0.0,0.0,0.0,8.32
2024-06-01T02:00,28.6,54,0.0,0.0,0.0,7.63
2024-06-01T03:00,28.5,55,0.0,0.0,0.0,7.64
2024-06-01T04:00,28.8,56,0.0,0.0,0.0,6.71
2024-06-01T05:00,28.6,60,0.0,0.0,0.0,6.94
2024-06-01T06:00,28.4,66,3.0,0.0,3.0,7.38
2024-06-01T07:00,29.2,66,87.0,164.0,59.0,7.49
2024-06-01T08:00,30.6,62,273.0,385.2,122.0,9.12
2024-06-01T09:00,31.7,59,484.0,542.1,161.0,9.79
2024-06-01T10:00,32.9,54,677.0,635.0,189.0,9.76
2024-06-01T11:00,33.2,53,826.0,690.3,206.0,10.70
2024-06-01T12:00,32.9,55,920.0,720.2,217.0,10.97
2024-06-01T13:00,33.1,55,945.0,728.3,219.0,10.63
2024-06-01T14:00,33.1,54,900.0,716.3,213.0,10.54
2024-06-01T15:00,32.6,59,791.0,681.8,201.0,10.04
2024-06-01T16:00,32.3,58,627.0,616.2,182.0,8.60
2024-06-01T17:00,31.7,60,423.0,504.5,151.0,7.27
2024-06-01T18:00,30.9,65,213.0,325.4,106.0,5.64
2024-06-01T19:00,30.3,66,48.0,91.3,36.0,4.98
2024-06-01T20:00,29.9,67,0.0,0.0,0.0,4.81
2024-06-01T21:00,29.7,64,0.0,0.0,0.0,5.78
2024-06-01T22:00,29.0,69,0.0,0.0,0.0,5.88
2024-06-01T23:00,28.4,69,0.0,0.0,0.0,3.08
2024-06-02T00:00,28.0,70,0.0,0.0,0.0,4.13
2024-06-02T01:00,26.7,78,0.0,0.0,0.0,2.24
2024-06-02T02:00,26.5,78,0.0,0.0,0.0,2.84
2024-06-02T03:00,26.1,80,0.0,0.0,0.0,3.01
2024-06-02T04:00,27.1,74,0.0,0.0,0.0,4.60
2024-06-02T05:00,26.3,73,0.0,0.0,0.0,2.91
2024-06-02T06:00,26.0,76,3.0,0.0,3.0,2.82
2024-06-02T07:00,27.6,73,87.0,163.8,59.0,2.89
2024-06-02T08:00,29.6,67,272.0,385.2,121.0,2.77
2024-06-02T09:00,31.3,63,481.0,538.8,160.0,3.14
2024-06-02T10:00,32.4,57,671.0,629.9,187.0,2.91
2024-06-02T11:00,33.2,55,819.0,682.6,206.0,4.55
2024-06-02T12:00,33.2,55,911.0,713.2,215.0,5.71
2024-06-02T13:00,33.4,52,938.0,722.3,218.0,5.61
2024-06-02T14:00,33.8,50,897.0,713.0,213.0,5.60
2024-06-02T15:00,33.3,55,783.0,669.9,203.0,6.09
2024-06-02T16:00,32.5,60,614.0,590.8,187.0,5.46
2024-06-02T17:00,31.5,65,421.0,498.1,152.0,5.24
2024-06-02T18:00,30.8,72,214.0,324.3,107.0,5.15
2024-06-02T19:00,31.1,65,48.0,98.5,35.0,2.47
2024-06-02T20:00,30.5,70,0.0,0.0,0.0,2.72
2024-06-02T21:00,29.9,77,0.0,0.0,0.0,2.40
2024-06-02T22:00,29.3,82,0.0,0.0,0.0,1.56
2024-06-02T23:00,28.8,84,0.0,0.0,0.0,0.50
2024-06-03T00:00,27.9,89,0.0,0.0,0.0,0.78
2024-06-03T01:00,27.2,93,0.0,0.0,0.0,1.63
2024-06-03T02:00,27.2,90,0.0,0.0,0.0,3.09
2024-06-03T03:00,27.4,82,0.0,0.0,0.0,3.89
2024-06-03T04:00,28.5,72,0.0,0.0,0.0,4.53
2024-06-03T05:00,28.1,75,0.0,0.0,0.0,4.16
2024-06-03T06:00,27.6,77,3.0,0.0,3.0,3.09
2024-06-03T07:00,28.7,74,87.0,163.7,59.0,2.71
2024-06-03T08:00,30.6,70,271.0,380.2,122.0,4.21
2024-06-03T09:00,32.0,70,480.0,535.6,161.0,5.63
2024-06-03T10:00,33.5,61,670.0,627.5,188.0,5.73
2024-06-03T11:00,34.2,57,819.0,682.8,206.0,5.69
2024-06-03T12:00,33.3,62,909.0,710.2,216.0,6.26
2024-06-03T13:00,33.0,63,933.0,716.3,219.0,6.22
2024-06-03T14:00,33.0,63,892.0,707.7,213.0,6.08
2024-06-03T15:00,32.6,64,775.0,658.0,205.0,5.19
2024-06-03T16:00,32.1,64,616.0,595.8,185.0,4.62
2024-06-03T17:00,32.1,61,421.0,497.3,152.0,1.65
2024-06-03T18:00,31.9,62,210.0,314.1,106.0,2.64
2024-06-03T19:00,30.8,67,48.0,98.1,35.0,2.28
2024-06-03T20:00,31.3,63,0.0,0.0,0.0,1.63
2024-06-03T21:00,31.4,62,0.0,0.0,0.0,2.00
2024-06-03T22:00,31.3,60,0.0,0.0,0.0,0.94
2024-06-03T23:00,31.9,55,0.0,0.0,0.0,0.71
2024-06-04T00:00,29.4,56,0.0,0.0,0.0,2.14
2024-06-04T01:00,28.9,54,0.0,0.0,0.0,2.68
2024-06-04T02:00,27.9,60,0.0,0.0,0.0,2.30
2024-06-04T03:00,28.4,60,0.0,0.0,0.0,1.17
2024-06-04T04:00,29.3,65,0.0,0.0,0.0,0.22
2024-06-04T05:00,27.2,80,0.0,0.0,0.0,1.62
2024-06-04T06:00,26.9,93,3.0,0.0,3.0,2.06
2024-06-04T07:00,28.6,88,86.0,163.7,58.0,1.43
2024-06-04T08:00,30.5,74,269.0,377.8,121.0,0.86
2024-06-04T09:00,32.1,63,477.0,532.5,160.0,1.35
2024-06-04T10:00,33.6,56,667.0,625.1,187.0,2.30
2024-06-04T11:00,34.3,53,813.0,677.4,205.0,4.21
2024-06-04T12:00,34.2,51,903.0,705.2,215.0,5.20
2024-06-04T13:00,34.0,52,929.0,713.3,218.0,5.81
2024-06-04T14:00,33.7,55,892.0,707.6,213.0,5.94
2024-06-04T15:00,33.6,55,762.0,639.3,208.0,4.84
2024-06-04T16:00,33.0,58,608.0,577.3,190.0,5.74
2024-06-04T17:00,32.6,56,415.0,479.9,155.0,4.34
2024-06-04T18:00,31.9,63,210.0,307.0,108.0,4.29
2024-06-04T19:00,32.0,57,48.0,90.1,36.0,3.02
2024-06-04T20:00,30.8,66,0.0,0.0,0.0,1.92
2024-06-04T21:00,30.9,62,0.0,0.0,0.0,2.20
2024-06-04T22:00,30.3,65,0.0,0.0,0.0,2.47
2024-06-04T23:00,29.6,64,0.0,0.0,0.0,1.90
2024-06-05T00:00,29.4,61,0.0,0.0,0.0,2.71
2024-06-05T01:00,28.3,63,0.0,0.0,0.0,1.53
2024-06-05T02:00,28.3,62,0.0,0.0,0.0,1.22
2024-06-05T03:00,26.9,62,0.0,0.0,0.0,1.99
2024-06-05T04:00,27.4,72,0.0,0.0,0.0,2.92
2024-06-05T05:00,26.6,68,0.0,0.0,0.0,2.85
2024-06-05T06:00,26.6,68,3.0,0.0,3.0,3.52
2024-06-05T07:00,28.6,60,88.0,169.6,59.0,2.81
2024-06-05T08:00,30.6,53,274.0,385.6,123.0,0.94
2024-06-05T09:00,32.3,56,486.0,544.5,162.0,3.28
2024-06-05T10:00,33.4,57,680.0,638.4,190.0,5.67
2024-06-05T11:00,34.2,53,828.0,691.0,208.0,6.13
2024-06-05T12:00,34.3,53,919.0,719.6,217.0,6.20
2024-06-05T13:00,34.4,53,943.0,725.3,220.0,5.55
2024-06-05T14:00,34.5,53,901.0,713.7,216.0,5.73
2024-06-05T15:00,34.1,53,793.0,679.3,204.0,5.87
2024-06-05T16:00,33.5,57,631.0,616.7,184.0,5.50
2024-06-05T17:00,32.5,62,421.0,490.1,155.0,5.14
2024-06-05T18:00,32.4,59,214.0,318.0,108.0,4.39
2024-06-05T19:00,31.2,66,50.0,97.2,37.0,3.98
2024-06-05T20:00,30.4,72,0.0,0.0,0.0,2.91
2024-06-05T21:00,30.0,74,0.0,0.0,0.0,2.51
2024-06-05T22:00,29.6,75,0.0,0.0,0.0,3.11
2024-06-05T23:00,28.6,79,0.0,0.0,0.0,1.51
2024-06-06T00:00,27.7,85,0.0,0.0,0.0,1.77
2024-06-06T01:00,27.6,89,0.0,0.0,0.0,3.19
2024-06-06T02:00,26.5,91,0.0,0.0,0.0,1.50
2024-06-06T03:00,26.2,86,0.0,0.0,0.0,2.65
2024-06-06T04:00,26.1,87,0.0,0.0,0.0,1.71
2024-06-06T05:00,25.9,87,0.0,0.0,0.0,1.70
2024-06-06T06:00,25.7,82,3.0,0.0,3.0,1.94
2024-06-06T07:00,28.6,67,88.0,169.7,59.0,2.40
2024-06-06T08:00,31.7,52,275.0,388.4,123.0,3.13
2024-06-06T09:00,35.4,38,488.0,544.8,164.0,3.08
2024-06-06T10:00,33.5,58,681.0,638.7,191.0,6.00
2024-06-06T11:00,33.0,68,827.0,689.0,209.0,7.75
2024-06-06T12:00,34.0,57,914.0,713.6,218.0,5.90
2024-06-06T13:00,34.3,56,942.0,722.3,222.0,5.14
2024-06-06T14:00,34.9,50,901.0,712.5,217.0,4.71
2024-06-06T15:00,35.7,39,795.0,680.1,205.0,3.81
2024-06-06T16:00,38.2,26,637.0,623.1,185.0,4.46
2024-06-06T17:00,36.7,33,436.0,516.9,155.0,3.86
2024-06-06T18:00,33.5,50,221.0,331.9,110.0,3.14
2024-06-06T19:00,32.2,55,51.0,104.2,37.0,2.15
2024-06-06T20:00,31.6,59,0.0,0.0,0.0,1.77
2024-06-06T21:00,31.4,60,0.0,0.0,0.0,1.84
2024-06-06T22:00,31.2,60,0.0,0.0,0.0,3.21
2024-06-06T23:00,31.3,53,0.0,0.0,0.0,3.11
2024-06-07T00:00,32.1,43,0.0,0.0,0.0,1.00
2024-06-07T01:00,31.3,50,0.0,0.0,0.0,0.94
2024-06-07T02:00,29.0,69,0.0,0.0,0.0,4.16
2024-06-07T03:00,27.2,88,0.0,0.0,0.0,2.20
2024-06-07T04:00,28.0,80,0.0,0.0,0.0,1.32
2024-06-07T05:00,27.6,70,0.0,0.0,0.0,1.49
2024-06-07T06:00,27.7,65,3.0,0.0,3.0,1.33
2024-06-07T07:00,28.5,71,87.0,164.0,59.0,1.33
2024-06-07T08:00,31.4,58,271.0,375.9,124.0,4.20
2024-06-07T09:00,34.4,39,475.0,511.5,171.0,5.56
2024-06-07T10:00,35.5,42,673.0,628.6,191.0,5.41
2024-06-07T11:00,36.5,43,823.0,684.7,209.0,5.16
2024-06-07T12:00,36.6,43,917.0,715.8,219.0,5.72
2024-06-07T13:00,36.4,37,943.0,723.3,222.0,5.45
2024-06-07T14:00,36.4,39,899.0,709.2,218.0,4.96
2024-06-07T15:00,35.5,42,793.0,677.5,205.0,5.48
2024-06-07T16:00,35.3,43,632.0,615.6,185.0,5.40
2024-06-07T17:00,34.3,50,430.0,506.8,154.0,3.36
2024-06-07T18:00,33.7,51,220.0,330.7,109.0,2.02
2024-06-07T19:00,34.2,43,52.0,103.7,38.0,0.95
2024-06-07T20:00,32.7,52,0.0,0.0,0.0,3.04
2024-06-07T21:00,31.6,62,0.0,0.0,0.0,1.28
2024-06-07T22:00,31.0,59,0.0,0.0,0.0,1.50
2024-06-07T23:00,32.0,51,0.0,0.0,0.0,0.67
2024-06-08T00:00,29.9,58,0.0,0.0,0.0,1.57
2024-06-08T01:00,29.6,62,0.0,0.0,0.0,1.40
2024-06-08T02:00,28.5,54,0.0,0.0,0.0,1.97
2024-06-08T03:00,28.8,53,0.0,0.0,0.0,1.30
2024-06-08T04:00,27.5,92,0.0,0.0,0.0,2.40
2024-06-08T05:00,26.9,91,0.0,0.0,0.0,2.34
2024-06-08T06:00,27.1,89,3.0,0.0,3.0,2.65
2024-06-08T07:00,29.2,77,86.0,164.2,58.0,3.47
2024-06-08T08:00,31.5,55,269.0,371.1,124.0,4.48
2024-06-08T09:00,34.8,35,478.0,532.0,162.0,5.22
2024-06-08T10:00,37.1,28,672.0,627.6,191.0,6.10
2024-06-08T11:00,38.2,28,822.0,682.8,210.0,6.02
2024-06-08T12:00,39.2,25,912.0,706.7,223.0,6.46
2024-06-08T13:00,39.4,22,939.0,713.3,228.0,6.76
2024-06-08T14:00,38.8,25,900.0,710.1,218.0,6.66
2024-06-08T15:00,36.8,36,793.0,674.8,207.0,6.22
2024-06-08T16:00,35.8,37,630.0,612.2,185.0,4.81
2024-06-08T17:00,35.4,37,428.0,502.3,154.0,4.83
2024-06-08T18:00,34.0,51,219.0,326.7,109.0,4.12
2024-06-08T19:00,32.9,59,52.0,103.3,38.0,2.44
2024-06-08T20:00,32.9,56,0.0,0.0,0.0,1.91
2024-06-08T21:00,32.3,60,0.0,0.0,0.0,0.54
2024-06-08T22:00,31.1,69,0.0,0.0,0.0,2.05
2024-06-08T23:00,29.9,78,0.0,0.0,0.0,2.00
2024-06-09T00:00,29.4,76,0.0,0.0,0.0,2.35
2024-06-09T01:00,28.7,70,0.0,0.0,0.0,2.28
2024-06-09T02:00,28.1,63,0.0,0.0,0.0,2.19
2024-06-09T03:00,27.6,54,0.0,0.0,0.0,2.15
2024-06-09T04:00,28.5,55,0.0,0.0,0.0,1.70
2024-06-09T05:00,28.6,56,0.0,0.0,0.0,1.57
2024-06-09T06:00,27.8,62,3.0,0.0,3.0,1.84
2024-06-09T07:00,29.3,60,86.0,158.6,59.0,0.40
2024-06-09T08:00,31.3,53,262.0,348.5,126.0,1.33
2024-06-09T09:00,34.1,40,420.0,380.8,194.0,1.63
2024-06-09T10:00,36.1,33,571.0,411.2,256.0,2.76
2024-06-09T11:00,36.0,38,763.0,560.3,261.0,4.62
2024-06-09T12:00,35.6,42,905.0,704.8,218.0,5.34
2024-06-09T13:00,36.0,41,932.0,713.3,221.0,4.78
2024-06-09T14:00,35.9,46,890.0,701.6,216.0,4.11
2024-06-09T15:00,35.9,43,783.0,666.4,204.0,4.32
2024-06-09T16:00,36.0,40,622.0,603.4,183.0,4.03
2024-06-09T17:00,35.0,42,424.0,495.9,153.0,3.35
2024-06-09T18:00,34.1,48,217.0,322.6,108.0,3.89
2024-06-09T19:00,32.5,60,52.0,102.8,38.0,5.19
2024-06-09T20:00,32.0,64,0.0,0.0,0.0,4.96
2024-06-09T21:00,32.7,49,0.0,0.0,0.0,5.43
2024-06-09T22:00,32.7,42,0.0,0.0,0.0,5.53
2024-06-09T23:00,32.4,37,0.0,0.0,0.0,4.68
2024-06-10T00:00,31.5,38,0.0,0.0,0.0,3.40
2024-06-10T01:00,30.4,42,0.0,0.0,0.0,2.91
2024-06-10T02:00,28.9,49,0.0,0.0,0.0,2.21
2024-06-10T03:00,28.4,62,0.0,0.0,0.0,2.94
2024-06-10T04:00,28.9,80,0.0,0.0,0.0,2.94
2024-06-10T05:00,28.6,84,0.0,0.0,0.0,3.38
2024-06-10T06:00,28.5,86,3.0,0.0,3.0,2.87
2024-06-10T07:00,29.9,80,84.0,153.1,58.0,1.24
2024-06-10T08:00,31.5,69,266.0,369.4,122.0,2.42
2024-06-10T09:00,33.3,57,470.0,519.4,162.0,5.46
2024-06-10T10:00,34.3,51,665.0,624.4,187.0,7.49
2024-06-10T11:00,34.6,50,804.0,654.3,218.0,7.75
2024-06-10T12:00,34.9,50,890.0,663.9,243.0,7.88
2024-06-10T13:00,35.1,50,938.0,721.3,219.0,8.68
2024-06-10T14:00,35.0,49,887.0,696.2,218.0,9.21
2024-06-10T15:00,34.8,51,788.0,679.9,197.0,9.15
2024-06-10T16:00,34.6,51,630.0,608.3,187.0,8.63
2024-06-10T17:00,34.3,52,366.0,338.0,181.0,7.82
2024-06-10T18:00,33.6,51,157.0,103.3,122.0,6.49
2024-06-10T19:00,32.8,56,40.0,43.9,34.0,6.08
2024-06-10T20:00,31.9,62,0.0,0.0,0.0,5.15
2024-06-10T21:00,31.9,53,0.0,0.0,0.0,5.48
2024-06-10T22:00,31.5,54,0.0,0.0,0.0,5.08
2024-06-10T23:00,30.9,57,0.0,0.0,0.0,4.60
2024-06-11T00:00,30.6,53,0.0,0.0,0.0,4.61
2024-06-11T01:00,30.4,50,0.0,0.0,0.0,5.14
2024-06-11T02:00,29.8,50,0.0,0.0,0.0,5.02
2024-06-11T03:00,29.4,50,0.0,0.0,0.0,4.90
2024-06-11T04:00,29.4,52,0.0,0.0,0.0,3.70
2024-06-11T05:00,28.7,57,0.0,0.0,0.0,3.41
2024-06-11T06:00,28.4,63,3.0,0.0,3.0,3.71
2024-06-11T07:00,29.9,63,86.0,165.2,58.0,3.98
2024-06-11T08:00,31.9,54,263.0,336.4,132.0,6.10
2024-06-11T09:00,33.4,45,441.0,423.6,190.0,6.82
2024-06-11T10:00,34.0,44,543.0,389.5,245.0,5.37
2024-06-11T11:00,34.7,44,825.0,673.5,222.0,6.50
2024-06-11T12:00,35.0,41,906.0,698.9,225.0,7.91
2024-06-11T13:00,35.0,41,936.0,715.3,223.0,8.91
2024-06-11T14:00,35.0,40,894.0,702.3,219.0,8.74
2024-06-11T15:00,34.7,44,790.0,669.2,208.0,9.44
2024-06-11T16:00,34.6,43,626.0,602.3,187.0,9.41
2024-06-11T17:00,33.8,45,428.0,498.0,155.0,8.84
2024-06-11T18:00,32.6,54,220.0,323.5,110.0,8.30
2024-06-11T19:00,31.6,61,54.0,102.0,40.0,7.96
2024-06-11T20:00,31.0,65,0.0,0.0,0.0,6.35
2024-06-11T21:00,31.1,58,0.0,0.0,0.0,4.75
2024-06-11T22:00,30.9,54,0.0,0.0,0.0,5.22
2024-06-11T23:00,30.5,54,0.0,0.0,0.0,5.33
2024-06-12T00:00,30.2,52,0.0,0.0,0.0,5.40
2024-06-12T01:00,30.0,50,0.0,0.0,0.0,5.85
2024-06-12T02:00,29.5,54,0.0,0.0,0.0,5.43
2024-06-12T03:00,29.2,54,0.0,0.0,0.0,5.00
2024-06-12T04:00,29.6,53,0.0,0.0,0.0,4.81
2024-06-12T05:00,29.2,64,0.0,0.0,0.0,3.69
2024-06-12T06:00,28.6,72,2.0,0.0,2.0,3.40
2024-06-12T07:00,29.8,66,85.0,147.9,60.0,3.82
2024-06-12T08:00,31.6,60,250.0,290.6,137.0,6.36
2024-06-12T09:00,33.5,52,474.0,516.9,168.0,7.09
2024-06-12T10:00,34.7,48,672.0,630.4,190.0,6.50
2024-06-12T11:00,35.0,49,824.0,685.0,211.0,7.32
2024-06-12T12:00,34.6,47,911.0,703.2,226.0,9.27
2024-06-12T13:00,34.7,48,937.0,710.3,229.0,9.28
2024-06-12T14:00,34.7,48,898.0,703.2,222.0,9.24
2024-06-12T15:00,34.4,49,791.0,670.0,208.0,9.67
2024-06-12T16:00,33.7,53,627.0,604.4,186.0,9.48
2024-06-12T17:00,33.0,56,428.0,495.3,156.0,7.98
2024-06-12T18:00,32.4,59,221.0,322.5,111.0,6.17
2024-06-12T19:00,32.3,56,54.0,101.6,40.0,5.14
2024-06-12T20:00,32.3,53,0.0,0.0,0.0,4.40
2024-06-12T21:00,31.9,53,0.0,0.0,0.0,5.00
2024-06-12T22:00,31.2,53,0.0,0.0,0.0,5.23
2024-06-12T23:00,30.7,55,0.0,0.0,0.0,5.30
2024-06-13T00:00,30.5,54,0.0,0.0,0.0,5.32
2024-06-13T01:00,30.0,55,0.0,0.0,0.0,4.50
2024-06-13T02:00,28.9,61,0.0,0.0,0.0,2.57
2024-06-13T03:00,27.7,69,0.0,0.0,0.0,2.06
2024-06-13T04:00,28.1,70,0.0,0.0,0.0,2.77
2024-06-13T05:00,28.1,72,0.0,0.0,0.0,3.01
2024-06-13T06:00,27.6,77,2.0,0.0,2.0,2.57
2024-06-13T07:00,29.0,70,78.0,124.6,57.0,1.30
2024-06-13T08:00,30.5,67,219.0,231.8,129.0,0.32
2024-06-13T09:00,32.4,60,360.0,248.5,213.0,2.56
2024-06-13T10:00,33.7,54,671.0,629.5,190.0,3.10
2024-06-13T11:00,34.0,56,813.0,671.8,212.0,4.12
2024-06-13T12:00,34.1,56,903.0,699.2,222.0,5.51
2024-06-13T13:00,34.3,51,929.0,706.3,225.0,5.63
2024-06-13T14:00,34.7,48,888.0,694.7,220.0,5.92
2024-06-13T15:00,34.2,48,786.0,665.0,207.0,6.35
2024-06-13T16:00,33.8,53,625.0,603.9,184.0,5.41
2024-06-13T17:00,33.3,53,421.0,485.4,154.0,6.40
2024-06-13T18:00,32.5,58,215.0,312.7,108.0,5.55
2024-06-13T19:00,31.6,63,54.0,101.2,40.0,2.64
2024-06-13T20:00,31.1,66,0.0,0.0,0.0,1.02
2024-06-13T21:00,31.6,61,0.0,0.0,0.0,1.94
2024-06-13T22:00,32.1,55,0.0,0.0,0.0,2.15
2024-06-13T23:00,31.6,55,0.0,0.0,0.0,1.20
2024-06-14T00:00,30.6,66,0.0,0.0,0.0,3.96
2024-06-14T01:00,29.1,80,0.0,0.0,0.0,3.38
2024-06-14T02:00,28.7,80,0.0,0.0,0.0,1.80
2024-06-14T03:00,28.2,77,0.0,0.0,0.0,1.70
2024-06-14T04:00,29.1,79,0.0,0.0,0.0,2.28
2024-06-14T05:00,29.2,66,0.0,0.0,0.0,3.05
2024-06-14T06:00,29.4,61,2.0,0.0,2.0,2.97
2024-06-14T07:00,31.6,49,81.0,142.8,57.0,2.94
2024-06-14T08:00,33.8,42,257.0,353.3,120.0,1.94
2024-06-14T09:00,35.8,37,460.0,504.3,162.0,3.34
2024-06-14T10:00,36.6,43,649.0,601.1,190.0,5.87
2024-06-14T11:00,36.4,53,798.0,658.7,209.0,5.74
2024-06-14T12:00,35.7,58,887.0,686.0,219.0,6.67
2024-06-14T13:00,35.5,57,915.0,695.3,222.0,7.50
2024-06-14T14:00,34.8,59,876.0,685.2,217.0,7.73
2024-06-14T15:00,34.5,60,777.0,655.5,206.0,4.36
2024-06-14T16:00,35.2,50,620.0,592.4,187.0,3.77
2024-06-14T17:00,34.4,53,422.0,484.7,155.0,5.21
2024-06-14T18:00,33.0,59,220.0,320.6,110.0,4.71
2024-06-14T19:00,31.6,67,55.0,100.8,41.0,3.91
2024-06-14T20:00,31.4,67,0.0,0.0,0.0,1.84
2024-06-14T21:00,31.4,62,0.0,0.0,0.0,2.24
2024-06-14T22:00,30.8,59,0.0,0.0,0.0,1.62
2024-06-14T23:00,29.8,59,0.0,0.0,0.0,1.72
2024-06-15T00:00,28.9,64,0.0,0.0,0.0,1.94
2024-06-15T01:00,27.8,73,0.0,0.0,0.0,1.84
2024-06-15T02:00,27.3,83,0.0,0.0,0.0,2.40
2024-06-15T03:00,26.4,92,0.0,0.0,0.0,2.04
2024-06-15T04:00,28.1,86,0.0,0.0,0.0,0.51
2024-06-15T05:00,26.8,89,0.0,0.0,0.0,1.55
2024-06-15T06:00,26.9,83,2.0,0.0,2.0,1.75
2024-06-15T07:00,28.6,73,84.0,149.3,59.0,0.58
2024-06-15T08:00,30.3,72,265.0,366.8,123.0,0.20
2024-06-15T09:00,32.6,59,473.0,523.5,164.0,1.17
2024-06-15T10:00,34.7,50,665.0,618.5,193.0,1.84
2024-06-15T11:00,35.8,47,817.0,678.0,211.0,3.10
2024-06-15T12:00,36.4,42,912.0,708.8,222.0,4.70
2024-06-15T13:00,36.5,37,939.0,716.3,225.0,5.64
2024-06-15T14:00,36.4,35,900.0,705.9,221.0,5.33
2024-06-15T15:00,35.9,38,796.0,674.7,208.0,4.60
2024-06-15T16:00,35.3,44,635.0,611.0,188.0,6.45
2024-06-15T17:00,34.2,47,435.0,503.9,157.0,5.16
2024-06-15T18:00,33.0,56,226.0,331.3,112.0,3.81
2024-06-15T19:00,32.1,60,57.0,107.6,42.0,3.10
2024-06-15T20:00,31.0,70,0.0,0.0,0.0,3.14
2024-06-15T21:00,30.5,75,0.0,0.0,0.0,2.30
2024-06-15T22:00,30.0,78,0.0,0.0,0.0,2.11
2024-06-15T23:00,28.9,84,0.0,0.0,0.0,1.20
2024-06-16T00:00,28.4,85,0.0,0.0,0.0,1.12
2024-06-16T01:00,28.5,83,0.0,0.0,0.0,0.81
2024-06-16T02:00,26.9,93,0.0,0.0,0.0,2.26
2024-06-16T03:00,27.7,91,0.0,0.0,0.0,0.98
2024-06-16T04:00,27.6,92,0.0,0.0,0.0,2.11
2024-06-16T05:00,28.0,89,0.0,0.0,0.0,1.28
2024-06-16T06:00,27.6,90,2.0,0.0,2.0,1.33
2024-06-16T07:00,28.5,84,72.0,95.9,56.0,2.56
2024-06-16T08:00,30.5,74,245.0,300.1,129.0,2.25
2024-06-16T09:00,32.8,59,445.0,429.0,192.0,2.12
2024-06-16T10:00,34.8,48,645.0,561.2,217.0,3.14
2024-06-16T11:00,35.9,44,809.0,659.2,220.0,4.20
2024-06-16T12:00,35.4,45,830.0,525.0,319.0,5.19
2024-06-16T13:00,34.5,49,738.0,425.4,314.0,5.06
2024-06-16T14:00,34.6,48,793.0,490.6,321.0,5.38
2024-06-16T15:00,35.2,45,787.0,657.1,214.0,4.50
2024-06-16T16:00,35.1,46,630.0,599.6,191.0,4.88
2024-06-16T17:00,34.5,48,432.0,494.1,159.0,2.86
2024-06-16T18:00,35.3,39,224.0,324.6,112.0,3.24
2024-06-16T19:00,33.7,51,57.0,107.2,42.0,4.03
2024-06-16T20:00,32.3,60,0.0,0.0,0.0,3.41
2024-06-16T21:00,31.7,61,0.0,0.0,0.0,2.12
2024-06-16T22:00,30.9,64,0.0,0.0,0.0,3.91
2024-06-16T23:00,31.7,54,0.0,0.0,0.0,1.70
2024-06-17T00:00,30.7,59,0.0,0.0,0.0,2.33
2024-06-17T01:00,29.4,77,0.0,0.0,0.0,2.48
2024-06-17T02:00,28.8,84,0.0,0.0,0.0,1.39
2024-06-17T03:00,28.5,90,0.0,0.0,0.0,3.35
2024-06-17T04:00,29.3,87,0.0,0.0,0.0,1.92
2024-06-17T05:00,28.4,94,0.0,0.0,0.0,1.80
2024-06-17T06:00,28.8,92,2.0,0.0,2.0,2.50
2024-06-17T07:00,30.3,85,70.0,66.2,59.0,2.28
2024-06-17T08:00,31.6,77,220.0,228.1,132.0,3.68
2024-06-17T09:00,33.0,67,446.0,446.5,183.0,4.31
2024-06-17T10:00,34.4,57,656.0,610.2,191.0,4.81
2024-06-17T11:00,35.5,52,807.0,667.4,211.0,5.47
2024-06-17T12:00,36.1,47,902.0,698.8,222.0,6.13
2024-06-17T13:00,35.6,52,930.0,706.3,226.0,6.86
2024-06-17T14:00,35.2,58,893.0,698.3,221.0,7.21
2024-06-17T15:00,34.9,59,789.0,667.1,207.0,7.15
2024-06-17T16:00,34.6,63,625.0,597.7,187.0,5.73
2024-06-17T17:00,33.7,67,405.0,435.6,164.0,5.32
2024-06-17T18:00,32.9,72,228.0,329.6,114.0,4.88
2024-06-17T19:00,32.1,77,54.0,85.5,42.0,2.50
2024-06-17T20:00,32.0,76,0.0,0.0,0.0,3.32
2024-06-17T21:00,32.6,67,0.0,0.0,0.0,2.00
2024-06-17T22:00,32.0,68,0.0,0.0,0.0,1.02
2024-06-17T23:00,31.2,75,0.0,0.0,0.0,3.11
2024-06-18T00:00,31.2,75,0.0,0.0,0.0,0.58
2024-06-18T01:00,31.0,72,0.0,0.0,0.0,0.32
2024-06-18T02:00,29.2,83,0.0,0.0,0.0,1.21
2024-06-18T03:00,29.2,80,0.0,0.0,0.0,1.03
2024-06-18T04:00,29.4,73,0.0,0.0,0.0,1.72
2024-06-18T05:00,28.8,75,0.0,0.0,0.0,1.73
2024-06-18T06:00,30.2,64,2.0,0.0,2.0,0.86
2024-06-18T07:00,30.4,69,82.0,151.0,57.0,0.71
2024-06-18T08:00,32.0,68,262.0,363.5,122.0,1.21
2024-06-18T09:00,33.8,66,467.0,516.6,163.0,3.70
2024-06-18T10:00,34.6,62,657.0,610.6,192.0,3.20
2024-06-18T11:00,35.3,57,805.0,665.4,211.0,4.55
2024-06-18T12:00,35.9,53,899.0,695.8,222.0,5.22
2024-06-18T13:00,35.7,54,927.0,705.3,224.0,6.18
2024-06-18T14:00,35.4,55,888.0,695.0,219.0,6.33
2024-06-18T15:00,34.9,59,786.0,663.4,207.0,6.50
2024-06-18T16:00,34.0,66,619.0,587.7,188.0,4.77
2024-06-18T17:00,34.2,60,423.0,480.1,157.0,2.20
2024-06-18T18:00,33.7,65,221.0,317.2,111.0,3.35
2024-06-18T19:00,31.7,77,56.0,92.3,43.0,3.18
2024-06-18T20:00,31.7,74,0.0,0.0,0.0,0.50
2024-06-18T21:00,31.6,74,0.0,0.0,0.0,1.34
2024-06-18T22:00,31.1,81,0.0,0.0,0.0,2.24
2024-06-18T23:00,30.6,83,0.0,0.0,0.0,1.10
2024-06-19T00:00,29.8,85,0.0,0.0,0.0,1.49
2024-06-19T01:00,30.2,83,0.0,0.0,0.0,0.60
2024-06-19T02:00,28.5,89,0.0,0.0,0.0,1.52
2024-06-19T03:00,28.6,82,0.0,0.0,0.0,3.32
2024-06-19T04:00,29.6,76,0.0,0.0,0.0,4.75
2024-06-19T05:00,29.5,75,0.0,0.0,0.0,3.93
2024-06-19T06:00,29.3,86,2.0,0.0,2.0,4.10
2024-06-19T07:00,30.4,85,81.0,145.5,57.0,3.60
2024-06-19T08:00,31.5,78,257.0,353.7,121.0,2.00
2024-06-19T09:00,33.4,64,460.0,505.2,163.0,3.42
2024-06-19T10:00,35.8,49,652.0,605.7,191.0,3.71
2024-06-19T11:00,37.3,42,802.0,664.6,209.0,4.62
2024-06-19T12:00,37.3,43,897.0,696.0,220.0,5.66
2024-06-19T13:00,36.0,50,927.0,706.3,223.0,6.44
2024-06-19T14:00,35.1,55,885.0,692.8,218.0,5.28
2024-06-19T15:00,34.9,56,782.0,659.6,206.0,4.36
2024-06-19T16:00,34.4,57,622.0,581.7,195.0,5.95
2024-06-19T17:00,33.7,65,417.0,463.3,160.0,5.56
2024-06-19T18:00,33.8,63,220.0,313.6,111.0,4.19
2024-06-19T19:00,33.0,66,57.0,106.2,42.0,4.12
2024-06-19T20:00,32.3,71,0.0,0.0,0.0,4.33
2024-06-19T21:00,32.0,75,0.0,0.0,0.0,3.00
2024-06-19T22:00,32.1,67,0.0,0.0,0.0,5.85
2024-06-19T23:00,31.8,59,0.0,0.0,0.0,2.11
2024-06-20T00:00,31.7,52,0.0,0.0,0.0,1.63
2024-06-20T01:00,30.2,56,0.0,0.0,0.0,2.13
2024-06-20T02:00,29.1,83,0.0,0.0,0.0,3.08
2024-06-20T03:00,29.5,82,0.0,0.0,0.0,0.63
2024-06-20T04:00,28.5,92,0.0,0.0,0.0,1.93
2024-06-20T05:00,28.2,92,0.0,0.0,0.0,2.38
2024-06-20T06:00,27.8,95,2.0,0.0,2.0,2.15
2024-06-20T07:00,30.1,90,81.0,146.2,57.0,2.20
2024-06-20T08:00,31.3,82,259.0,356.9,122.0,1.84
2024-06-20T09:00,32.5,74,465.0,512.6,164.0,2.46
2024-06-20T10:00,33.5,68,656.0,608.8,193.0,2.94
2024-06-20T11:00,34.4,61,804.0,663.7,212.0,3.41
2024-06-20T12:00,35.5,51,900.0,697.1,222.0,5.11
2024-06-20T13:00,35.3,54,932.0,709.3,225.0,5.57
2024-06-20T14:00,35.0,58,896.0,702.0,220.0,5.56
2024-06-20T15:00,34.7,58,785.0,659.4,209.0,6.62
2024-06-20T16:00,34.0,61,605.0,554.1,198.0,4.83
2024-06-20T17:00,33.5,64,418.0,451.9,167.0,4.31
2024-06-20T18:00,32.8,71,222.0,315.8,112.0,3.33
2024-06-20T19:00,32.1,75,51.0,63.6,42.0,3.89
2024-06-20T20:00,31.9,77,0.0,0.0,0.0,3.58
2024-06-20T21:00,31.6,78,0.0,0.0,0.0,3.36
2024-06-20T22:00,31.3,79,0.0,0.0,0.0,2.81
2024-06-20T23:00,31.0,76,0.0,0.0,0.0,3.28
2024-06-21T00:00,30.5,75,0.0,0.0,0.0,3.32
2024-06-21T01:00,29.4,76,0.0,0.0,0.0,1.93
2024-06-21T02:00,28.7,78,0.0,0.0,0.0,2.33
2024-06-21T03:00,29.5,80,0.0,0.0,0.0,0.89
2024-06-21T04:00,29.9,80,0.0,0.0,0.0,0.71
2024-06-21T05:00,28.6,92,0.0,0.0,0.0,2.69
2024-06-21T06:00,29.8,89,2.0,0.0,2.0,4.41
2024-06-21T07:00,31.0,84,79.0,140.7,56.0,3.36
2024-06-21T08:00,31.8,79,255.0,347.1,122.0,2.33
2024-06-21T09:00,32.6,73,401.0,335.8,204.0,2.25
2024-06-21T10:00,34.2,61,645.0,598.6,190.0,2.90
2024-06-21T11:00,35.0,56,795.0,656.1,210.0,4.92
2024-06-21T12:00,34.9,54,887.0,686.0,220.0,5.37
2024-06-21T13:00,35.1,53,916.0,695.2,223.0,5.29
2024-06-21T14:00,35.4,52,879.0,685.2,219.0,5.60
2024-06-21T15:00,35.1,54,778.0,653.4,207.0,5.19
2024-06-21T16:00,35.3,54,623.0,595.9,185.0,5.80
2024-06-21T17:00,35.4,52,425.0,480.2,158.0,5.82
2024-06-21T18:00,34.2,59,223.0,318.1,112.0,6.26
2024-06-21T19:00,32.9,69,58.0,105.7,43.0,6.60
2024-06-21T20:00,32.8,68,0.0,0.0,0.0,5.63
2024-06-21T21:00,33.1,62,0.0,0.0,0.0,5.22
2024-06-21T22:00,32.5,68,0.0,0.0,0.0,4.79
2024-06-21T23:00,31.9,72,0.0,0.0,0.0,4.40
2024-06-22T00:00,31.7,70,0.0,0.0,0.0,4.21
2024-06-22T01:00,31.8,66,0.0,0.0,0.0,3.64
2024-06-22T02:00,31.5,67,0.0,0.0,0.0,3.38
2024-06-22T03:00,30.8,72,0.0,0.0,0.0,2.15
2024-06-22T04:00,31.4,69,0.0,0.0,0.0,3.00
2024-06-22T05:00,30.5,76,0.0,0.0,0.0,1.50
2024-06-22T06:00,31.3,76,1.0,0.0,1.0,3.64
2024-06-22T07:00,32.1,75,39.0,0.0,39.0,3.55
2024-06-22T08:00,33.7,62,188.0,122.9,141.0,3.89
2024-06-22T09:00,34.5,58,301.0,138.2,220.0,4.40
2024-06-22T10:00,34.6,58,313.0,84.3,249.0,4.71
2024-06-22T11:00,35.2,56,523.0,309.7,247.0,5.85
2024-06-22T12:00,35.4,55,536.0,284.9,259.0,6.62
2024-06-22T13:00,35.6,54,656.0,351.1,306.0,7.87
2024-06-22T14:00,35.4,55,656.0,377.8,292.0,9.63
2024-06-22T15:00,35.1,56,594.0,369.4,271.0,9.82
2024-06-22T16:00,35.1,54,623.0,588.7,190.0,9.48
2024-06-22T17:00,34.6,54,430.0,486.9,159.0,8.65
2024-06-22T18:00,34.0,55,225.0,320.3,113.0,7.95
2024-06-22T19:00,33.2,58,60.0,112.5,44.0,5.37
2024-06-22T20:00,34.0,48,0.0,0.0,0.0,6.24
2024-06-22T21:00,34.7,41,0.0,0.0,0.0,5.20
2024-06-22T22:00,34.2,41,0.0,0.0,0.0,3.62
2024-06-22T23:00,33.7,42,0.0,0.0,0.0,3.13
2024-06-23T00:00,32.7,46,0.0,0.0,0.0,3.52
2024-06-23T01:00,32.3,50,0.0,0.0,0.0,4.25
2024-06-23T02:00,31.8,55,0.0,0.0,0.0,4.49
2024-06-23T03:00,31.2,58,0.0,0.0,0.0,4.24
2024-06-23T04:00,31.9,58,0.0,0.0,0.0,5.03
2024-06-23T05:00,32.2,56,0.0,0.0,0.0,5.87
2024-06-23T06:00,32.1,55,1.0,0.0,1.0,4.92
2024-06-23T07:00,32.6,52,45.0,49.4,37.0,3.93
2024-06-23T08:00,34.0,48,230.0,277.7,124.0,5.07
2024-06-23T09:00,34.6,47,370.0,305.8,191.0,6.64
2024-06-23T10:00,35.0,46,472.0,284.6,256.0,6.51
2024-06-23T11:00,35.3,46,788.0,607.2,247.0,6.18
2024-06-23T12:00,35.5,47,899.0,701.6,217.0,7.86
2024-06-23T13:00,35.8,46,925.0,703.2,224.0,9.33
2024-06-23T14:00,36.1,44,888.0,692.2,221.0,9.74
2024-06-23T15:00,36.3,45,788.0,663.1,208.0,9.58
2024-06-23T16:00,36.1,45,632.0,603.2,188.0,9.90
2024-06-23T17:00,35.7,43,437.0,500.7,158.0,9.69
2024-06-23T18:00,34.5,55,229.0,331.1,113.0,8.38
2024-06-23T19:00,34.8,45,60.0,112.2,44.0,7.04
2024-06-23T20:00,34.7,41,0.0,0.0,0.0,6.98
2024-06-23T21:00,34.4,39,0.0,0.0,0.0,6.26
2024-06-23T22:00,33.9,39,0.0,0.0,0.0,5.65
2024-06-23T23:00,33.3,44,0.0,0.0,0.0,6.42
2024-06-24T00:00,32.8,45,0.0,0.0,0.0,5.15
2024-06-24T01:00,32.1,46,0.0,0.0,0.0,4.36
2024-06-24T02:00,31.1,51,0.0,0.0,0.0,4.70
2024-06-24T03:00,30.5,54,0.0,0.0,0.0,4.87
2024-06-24T04:00,30.5,54,0.0,0.0,0.0,4.21
2024-06-24T05:00,30.7,52,0.0,0.0,0.0,2.91
2024-06-24T06:00,29.9,55,2.0,0.0,2.0,2.71
2024-06-24T07:00,31.3,51,55.0,55.9,46.0,2.32
2024-06-24T08:00,32.9,49,242.0,291.5,131.0,2.66
2024-06-24T09:00,34.1,46,459.0,506.3,163.0,3.62
2024-06-24T10:00,34.9,45,653.0,603.9,195.0,5.01
2024-06-24T11:00,35.6,42,795.0,637.8,227.0,7.07
2024-06-24T12:00,35.8,43,904.0,698.7,225.0,8.54
2024-06-24T13:00,35.7,45,918.0,663.1,257.0,8.86
2024-06-24T14:00,35.9,43,876.0,646.4,253.0,8.19
2024-06-24T15:00,36.2,39,793.0,666.2,210.0,7.44
2024-06-24T16:00,36.0,39,636.0,606.8,189.0,8.37
2024-06-24T17:00,34.4,47,439.0,501.9,159.0,8.46
2024-06-24T18:00,33.6,52,230.0,333.4,113.0,7.85
2024-06-24T19:00,32.6,58,61.0,111.9,45.0,6.88
2024-06-24T20:00,32.0,64,0.0,0.0,0.0,5.22
2024-06-24T21:00,32.8,49,0.0,0.0,0.0,5.85
2024-06-24T22:00,32.6,45,0.0,0.0,0.0,5.25
2024-06-24T23:00,31.9,49,0.0,0.0,0.0,5.70
2024-06-25T00:00,31.3,54,0.0,0.0,0.0,6.26
2024-06-25T01:00,30.6,56,0.0,0.0,0.0,5.49
2024-06-25T02:00,30.4,54,0.0,0.0,0.0,6.21
2024-06-25T03:00,30.2,55,0.0,0.0,0.0,6.50
2024-06-25T04:00,30.1,56,0.0,0.0,0.0,4.71
2024-06-25T05:00,29.5,55,0.0,0.0,0.0,4.03
2024-06-25T06:00,29.3,58,2.0,0.0,2.0,4.10
2024-06-25T07:00,30.4,59,79.0,143.7,56.0,3.61
2024-06-25T08:00,32.3,53,257.0,357.9,121.0,3.11
2024-06-25T09:00,34.2,46,464.0,515.5,163.0,3.81
2024-06-25T10:00,35.1,45,657.0,612.2,193.0,5.73
2024-06-25T11:00,35.2,44,811.0,672.9,212.0,8.45
2024-06-25T12:00,35.3,45,909.0,707.0,222.0,9.88
2024-06-25T13:00,35.4,48,941.0,716.2,227.0,10.36
2024-06-25T14:00,35.7,43,900.0,700.1,225.0,10.57
2024-06-25T15:00,36.2,37,789.0,639.6,229.0,9.50
2024-06-25T16:00,34.8,44,618.0,533.1,225.0,8.60
2024-06-25T17:00,34.1,51,423.0,424.4,186.0,8.30
2024-06-25T18:00,32.9,57,232.0,329.9,116.0,8.13
2024-06-25T19:00,31.7,66,61.0,118.7,44.0,6.88
2024-06-25T20:00,31.1,72,0.0,0.0,0.0,5.66
2024-06-25T21:00,31.2,62,0.0,0.0,0.0,5.22
2024-06-25T22:00,30.9,59,0.0,0.0,0.0,4.88
2024-06-25T23:00,30.4,60,0.0,0.0,0.0,4.77
2024-06-26T00:00,29.7,64,0.0,0.0,0.0,4.81
2024-06-26T01:00,29.0,66,0.0,0.0,0.0,3.71
2024-06-26T02:00,27.7,65,0.0,0.0,0.0,2.42
2024-06-26T03:00,27.1,68,0.0,0.0,0.0,1.84
2024-06-26T04:00,28.0,66,0.0,0.0,0.0,2.24
2024-06-26T05:00,27.2,74,0.0,0.0,0.0,2.22
2024-06-26T06:00,27.2,80,2.0,0.0,2.0,2.77
2024-06-26T07:00,29.3,75,78.0,132.0,57.0,3.08
2024-06-26T08:00,31.7,64,251.0,332.4,125.0,4.16
2024-06-26T09:00,33.4,54,458.0,493.9,170.0,5.09
2024-06-26T10:00,34.2,51,652.0,603.5,195.0,5.14
2024-06-26T11:00,34.6,49,804.0,662.0,215.0,5.67
2024-06-26T12:00,35.0,47,899.0,689.7,229.0,6.21
2024-06-26T13:00,35.3,45,932.0,702.2,232.0,6.61
2024-06-26T14:00,35.4,44,897.0,694.8,227.0,6.55
2024-06-26T15:00,35.2,47,795.0,666.8,211.0,6.23
2024-06-26T16:00,34.7,51,638.0,610.0,188.0,6.61
2024-06-26T17:00,34.4,50,440.0,504.4,158.0,6.28
2024-06-26T18:00,33.5,52,232.0,335.0,114.0,5.17
2024-06-26T19:00,32.9,54,62.0,118.4,45.0,4.30
2024-06-26T20:00,31.9,64,0.0,0.0,0.0,3.36
2024-06-26T21:00,31.2,69,0.0,0.0,0.0,3.18
2024-06-26T22:00,31.0,63,0.0,0.0,0.0,2.72
2024-06-26T23:00,30.7,54,0.0,0.0,0.0,2.98
2024-06-27T00:00,29.9,53,0.0,0.0,0.0,3.00
2024-06-27T01:00,29.2,60,0.0,0.0,0.0,3.54
2024-06-27T02:00,28.4,65,0.0,0.0,0.0,3.55
2024-06-27T03:00,28.1,68,0.0,0.0,0.0,4.10
2024-06-27T04:00,28.8,66,0.0,0.0,0.0,4.41
2024-06-27T05:00,28.2,71,0.0,0.0,0.0,4.37
2024-06-27T06:00,27.7,75,2.0,0.0,2.0,3.81
2024-06-27T07:00,28.8,74,78.0,145.5,55.0,3.13
2024-06-27T08:00,30.5,73,255.0,357.0,120.0,3.71
2024-06-27T09:00,32.6,63,464.0,516.9,163.0,4.11
2024-06-27T10:00,34.5,52,657.0,614.5,192.0,4.92
2024-06-27T11:00,35.6,46,809.0,673.5,210.0,5.46
2024-06-27T12:00,36.1,46,906.0,704.2,222.0,6.13
2024-06-27T13:00,36.6,39,938.0,714.2,226.0,6.24
2024-06-27T14:00,36.8,38,901.0,705.0,221.0,6.19
2024-06-27T15:00,36.8,36,799.0,673.3,209.0,6.59
2024-06-27T16:00,35.9,42,639.0,609.6,189.0,6.64
2024-06-27T17:00,34.9,47,441.0,502.1,160.0,5.64
2024-06-27T18:00,33.8,49,233.0,334.5,115.0,4.70
2024-06-27T19:00,32.7,59,62.0,118.2,45.0,3.61
2024-06-27T20:00,31.9,62,0.0,0.0,0.0,2.56
2024-06-27T21:00,31.1,70,0.0,0.0,0.0,2.78
2024-06-27T22:00,30.7,70,0.0,0.0,0.0,2.64
2024-06-27T23:00,29.6,74,0.0,0.0,0.0,1.79
2024-06-28T00:00,29.1,75,0.0,0.0,0.0,2.38
2024-06-28T01:00,28.5,71,0.0,0.0,0.0,2.72
2024-06-28T02:00,28.0,62,0.0,0.0,0.0,2.65
2024-06-28T03:00,27.4,59,0.0,0.0,0.0,2.84
2024-06-28T04:00,27.6,64,0.0,0.0,0.0,2.42
2024-06-28T05:00,27.6,61,0.0,0.0,0.0,3.21
2024-06-28T06:00,27.5,58,2.0,0.0,2.0,3.57
2024-06-28T07:00,29.3,51,78.0,146.5,55.0,3.49
2024-06-28T08:00,32.2,42,257.0,360.5,121.0,3.52
2024-06-28T09:00,35.4,34,468.0,522.8,164.0,4.83
2024-06-28T10:00,37.7,27,663.0,621.6,193.0,5.29
2024-06-28T11:00,39.2,26,816.0,679.4,212.0,5.16
2024-06-28T12:00,39.1,32,913.0,710.5,223.0,5.66
2024-06-28T13:00,39.0,35,943.0,719.2,226.0,6.23
2024-06-28T14:00,39.2,29,904.0,706.9,222.0,6.67
2024-06-28T15:00,39.0,26,800.0,669.6,213.0,6.64
2024-06-28T16:00,38.9,23,645.0,617.4,189.0,6.38
2024-06-28T17:00,37.7,28,446.0,510.6,160.0,5.60
2024-06-28T18:00,36.3,33,235.0,331.2,118.0,3.91
2024-06-28T19:00,34.5,43,63.0,118.0,46.0,3.33
2024-06-28T20:00,32.8,55,0.0,0.0,0.0,3.26
2024-06-28T21:00,31.8,67,0.0,0.0,0.0,3.00
2024-06-28T22:00,31.0,73,0.0,0.0,0.0,2.42
2024-06-28T23:00,29.8,79,0.0,0.0,0.0,1.21
2024-06-29T00:00,28.9,83,0.0,0.0,0.0,1.79
2024-06-29T01:00,29.0,80,0.0,0.0,0.0,1.14
2024-06-29T02:00,27.8,77,0.0,0.0,0.0,1.41
2024-06-29T03:00,26.5,81,0.0,0.0,0.0,2.16
2024-06-29T04:00,28.0,50,0.0,0.0,0.0,1.75
2024-06-29T05:00,29.4,41,0.0,0.0,0.0,0.61
2024-06-29T06:00,27.4,50,2.0,0.0,2.0,3.21
2024-06-29T07:00,29.4,47,77.0,141.0,55.0,3.75
2024-06-29T08:00,31.9,47,256.0,358.8,121.0,3.61
2024-06-29T09:00,34.9,39,467.0,521.8,164.0,3.75
2024-06-29T10:00,36.9,31,662.0,620.8,193.0,3.12
2024-06-29T11:00,37.1,36,817.0,682.0,211.0,4.03
2024-06-29T12:00,37.1,38,915.0,711.7,224.0,4.80
2024-06-29T13:00,37.5,31,944.0,719.1,227.0,5.38
2024-06-29T14:00,37.7,27,904.0,698.4,230.0,4.74
2024-06-29T15:00,37.4,29,799.0,660.2,220.0,4.63
2024-06-29T16:00,36.7,37,641.0,598.0,199.0,4.84
2024-06-29T17:00,35.5,45,446.0,504.8,163.0,3.48
2024-06-29T18:00,34.6,48,236.0,339.2,116.0,1.61
2024-06-29T19:00,34.0,46,58.0,55.4,50.0,1.60
2024-06-29T20:00,33.4,51,0.0,0.0,0.0,0.10
2024-06-29T21:00,32.2,63,0.0,0.0,0.0,2.28
2024-06-29T22:00,31.0,77,0.0,0.0,0.0,1.22
2024-06-29T23:00,30.4,81,0.0,0.0,0.0,0.50
2024-06-30T00:00,29.4,82,0.0,0.0,0.0,1.99
2024-06-30T01:00,28.8,78,0.0,0.0,0.0,2.33
2024-06-30T02:00,29.3,50,0.0,0.0,0.0,3.11
2024-06-30T03:00,30.5,30,0.0,0.0,0.0,3.92
2024-06-30T04:00,30.9,30,0.0,0.0,0.0,3.75
2024-06-30T05:00,31.0,30,0.0,0.0,0.0,4.56
2024-06-30T06:00,30.9,32,1.0,0.0,1.0,4.53
2024-06-30T07:00,32.4,32,76.0,141.5,54.0,3.97
2024-06-30T08:00,35.3,30,252.0,354.5,119.0,3.49
2024-06-30T09:00,37.1,38,458.0,512.2,161.0,6.72
2024-06-30T10:00,38.0,41,649.0,609.4,189.0,6.11
2024-06-30T11:00,36.3,53,802.0,667.7,209.0,6.70
2024-06-30T12:00,35.5,57,893.0,694.3,219.0,5.83
2024-06-30T13:00,35.8,53,924.0,703.1,223.0,5.16
2024-06-30T14:00,36.1,49,888.0,692.1,220.0,4.30
2024-06-30T15:00,36.5,44,790.0,663.3,208.0,3.56
2024-06-30T16:00,37.2,39,639.0,608.5,189.0,4.00
2024-06-30T17:00,36.9,40,444.0,507.9,159.0,4.08
2024-06-30T18:00,35.9,45,235.0,338.7,115.0,4.10
2024-06-30T19:00,34.6,54,63.0,117.6,46.0,3.05
2024-06-30T20:00,34.1,56,0.0,0.0,0.0,2.00
2024-06-30T21:00,33.7,56,0.0,0.0,0.0,2.61
2024-06-30T22:00,32.5,62,0.0,0.0,0.0,2.06
2024-06-30T23:00,31.7,65,0.0,0.0,0.0,2.04
2024-07-01T00:00,30.7,64,0.0,0.0,0.0,1.60
2024-07-01T01:00,30.3,60,0.0,0.0,0.0,1.50
2024-07-01T02:00,30.6,61,0.0,0.0,0.0,1.00
2024-07-01T03:00,28.8,65,0.0,0.0,0.0,2.51
2024-07-01T04:00,29.0,84,0.0,0.0,0.0,2.46
2024-07-01T05:00,28.8,74,0.0,0.0,0.0,3.04
2024-07-01T06:00,28.1,69,1.0,0.0,1.0,1.98
2024-07-01T07:00,30.0,75,74.0,129.1,54.0,3.20
2024-07-01T08:00,31.8,66,248.0,344.7,119.0,3.80
2024-07-01T09:00,33.8,54,453.0,506.0,160.0,3.95
2024-07-01T10:00,35.8,43,645.0,603.3,190.0,3.49
2024-07-01T11:00,37.5,36,798.0,660.1,212.0,2.97
2024-07-01T12:00,38.2,33,892.0,680.0,232.0,3.98
2024-07-01T13:00,38.2,33,935.0,711.0,226.0,4.85
2024-07-01T14:00,38.3,30,902.0,705.4,221.0,5.56
2024-07-01T15:00,37.4,33,799.0,673.3,208.0,6.34
2024-07-01T16:00,36.9,34,642.0,613.5,188.0,7.47
2024-07-01T17:00,35.6,42,445.0,509.2,159.0,6.80
2024-07-01T18:00,34.6,46,236.0,341.1,115.0,6.08
2024-07-01T19:00,33.3,55,63.0,117.4,46.0,4.74
2024-07-01T20:00,33.1,58,0.0,0.0,0.0,2.65
2024-07-01T21:00,34.2,38,0.0,0.0,0.0,3.11
2024-07-01T22:00,34.2,27,0.0,0.0,0.0,3.76
2024-07-01T23:00,32.5,27,0.0,0.0,0.0,2.12
2024-07-02T00:00,31.5,33,0.0,0.0,0.0,2.10
2024-07-02T01:00,30.4,72,0.0,0.0,0.0,4.10
2024-07-02T02:00,29.9,85,0.0,0.0,0.0,4.68
2024-07-02T03:00,29.6,86,0.0,0.0,0.0,4.33
2024-07-02T04:00,29.5,87,0.0,0.0,0.0,3.45
2024-07-02T05:00,28.7,91,0.0,0.0,0.0,2.62
2024-07-02T06:00,28.0,92,1.0,0.0,1.0,2.38
2024-07-02T07:00,29.3,78,73.0,136.0,52.0,2.15
2024-07-02T08:00,31.3,62,248.0,345.7,119.0,1.90
2024-07-02T09:00,33.8,48,456.0,510.2,161.0,1.70
2024-07-02T10:00,35.6,42,651.0,611.7,190.0,2.82
2024-07-02T11:00,35.3,50,804.0,670.5,209.0,5.70
2024-07-02T12:00,35.3,48,900.0,700.7,220.0,6.81
2024-07-02T13:00,35.6,49,927.0,705.0,224.0,6.30
2024-07-02T14:00,35.7,47,893.0,696.9,220.0,6.12
2024-07-02T15:00,35.7,45,792.0,665.1,208.0,5.71
2024-07-02T16:00,36.6,38,638.0,606.4,189.0,5.31
2024-07-02T17:00,36.1,40,441.0,501.7,159.0,4.92
2024-07-02T18:00,35.0,45,234.0,335.1,115.0,3.50
2024-07-02T19:00,34.0,50,63.0,117.2,46.0,1.84
2024-07-02T20:00,33.1,59,0.0,0.0,0.0,2.41
2024-07-02T21:00,32.7,57,0.0,0.0,0.0,2.70
2024-07-02T22:00,32.3,49,0.0,0.0,0.0,2.18
2024-07-02T23:00,31.7,48,0.0,0.0,0.0,2.66
2024-07-03T00:00,31.5,47,0.0,0.0,0.0,1.10
2024-07-03T01:00,29.6,57,0.0,0.0,0.0,1.77
2024-07-03T02:00,29.1,53,0.0,0.0,0.0,2.59
2024-07-03T03:00,29.1,55,0.0,0.0,0.0,3.80
2024-07-03T04:00,30.0,53,0.0,0.0,0.0,4.68
2024-07-03T05:00,30.1,54,0.0,0.0,0.0,4.98
2024-07-03T06:00,30.1,49,1.0,0.0,1.0,4.90
2024-07-03T07:00,31.8,41,72.0,117.0,54.0,4.40
2024-07-03T08:00,34.4,32,237.0,298.3,126.0,2.35
2024-07-03T09:00,36.9,24,454.0,500.5,165.0,2.18
2024-07-03T10:00,37.8,26,648.0,604.3,193.0,3.77
2024-07-03T11:00,34.7,55,800.0,657.3,217.0,9.80
2024-07-03T12:00,35.8,50,879.0,659.6,239.0,7.22
2024-07-03T13:00,35.5,48,898.0,655.8,244.0,7.16
2024-07-03T14:00,35.9,47,892.0,691.6,224.0,6.79
2024-07-03T15:00,36.5,38,800.0,673.9,208.0,5.64
2024-07-03T16:00,37.8,25,639.0,608.8,188.0,4.44
2024-07-03T17:00,37.4,25,443.0,504.9,159.0,4.39
2024-07-03T18:00,37.0,25,234.0,334.8,115.0,3.70
2024-07-03T19:00,35.4,38,63.0,117.1,46.0,2.83
2024-07-03T20:00,34.6,44,0.0,0.0,0.0,2.53
2024-07-03T21:00,34.3,41,0.0,0.0,0.0,2.65
2024-07-03T22:00,33.9,34,0.0,0.0,0.0,2.86
2024-07-03T23:00,32.4,34,0.0,0.0,0.0,1.78
2024-07-04T00:00,32.6,33,0.0,0.0,0.0,1.22
2024-07-04T01:00,32.5,35,0.0,0.0,0.0,0.00
2024-07-04T02:00,30.9,39,0.0,0.0,0.0,1.30
2024-07-04T03:00,29.0,45,0.0,0.0,0.0,2.92
2024-07-04T04:00,29.8,34,0.0,0.0,0.0,2.19
2024-07-04T05:00,29.4,37,0.0,0.0,0.0,2.64
2024-07-04T06:00,29.2,36,1.0,0.0,1.0,3.00
2024-07-04T07:00,31.5,28,73.0,137.0,52.0,2.20
2024-07-04T08:00,33.2,34,250.0,353.0,119.0,2.64
2024-07-04T09:00,34.1,38,459.0,515.2,162.0,1.91
2024-07-04T10:00,35.5,35,655.0,616.7,191.0,3.51
2024-07-04T11:00,35.0,51,809.0,674.5,211.0,5.77
2024-07-04T12:00,34.8,56,903.0,703.0,221.0,6.61
2024-07-04T13:00,35.3,53,928.0,705.9,224.0,7.28
2024-07-04T14:00,35.6,53,892.0,696.6,219.0,8.20
2024-07-04T15:00,35.5,49,779.0,641.8,215.0,7.65
2024-07-04T16:00,36.0,45,640.0,607.1,190.0,6.63
2024-07-04T17:00,35.2,51,447.0,510.0,160.0,6.08
2024-07-04T18:00,33.9,59,238.0,343.0,116.0,5.81
2024-07-04T19:00,32.9,61,64.0,123.9,46.0,4.22
2024-07-04T20:00,32.6,61,0.0,0.0,0.0,3.65
2024-07-04T21:00,33.0,48,0.0,0.0,0.0,3.74
2024-07-04T22:00,32.6,37,0.0,0.0,0.0,3.38
2024-07-04T23:00,31.7,33,0.0,0.0,0.0,3.56
2024-07-05T00:00,30.5,32,0.0,0.0,0.0,3.26
2024-07-05T01:00,29.1,32,0.0,0.0,0.0,2.16
2024-07-05T02:00,28.4,56,0.0,0.0,0.0,3.42
2024-07-05T03:00,27.2,70,0.0,0.0,0.0,2.98
2024-07-05T04:00,28.4,42,0.0,0.0,0.0,3.10
2024-07-05T05:00,27.6,50,0.0,0.0,0.0,2.91
2024-07-05T06:00,27.0,47,1.0,0.0,1.0,2.91
2024-07-05T07:00,29.1,35,73.0,137.5,52.0,2.77
2024-07-05T08:00,32.4,27,251.0,356.7,119.0,2.75
2024-07-05T09:00,35.8,21,462.0,521.1,162.0,3.01
2024-07-05T10:00,37.7,18,659.0,621.2,192.0,3.48
2024-07-05T11:00,38.9,18,815.0,680.4,212.0,3.98
2024-07-05T12:00,39.3,20,915.0,712.4,224.0,5.06
2024-07-05T13:00,39.4,22,947.0,722.0,227.0,5.88
2024-07-05T14:00,39.0,25,909.0,711.0,222.0,6.30
2024-07-05T15:00,38.5,22,806.0,676.9,211.0,6.97
2024-07-05T16:00,38.0,22,647.0,616.3,190.0,6.94
2024-07-05T17:00,36.7,28,449.0,513.2,160.0,6.44
2024-07-05T18:00,35.0,38,237.0,342.8,115.0,5.73
2024-07-05T19:00,33.2,52,64.0,123.8,46.0,5.19
2024-07-05T20:00,32.3,60,0.0,0.0,0.0,3.94
2024-07-05T21:00,32.3,55,0.0,0.0,0.0,3.52
2024-07-05T22:00,32.1,48,0.0,0.0,0.0,2.47
2024-07-05T23:00,31.0,42,0.0,0.0,0.0,1.84
2024-07-06T00:00,31.5,36,0.0,0.0,0.0,1.30
2024-07-06T01:00,29.3,36,0.0,0.0,0.0,1.77
2024-07-06T02:00,30.3,34,0.0,0.0,0.0,1.20
2024-07-06T03:00,27.9,46,0.0,0.0,0.0,1.81
2024-07-06T04:00,27.8,69,0.0,0.0,0.0,2.45
2024-07-06T05:00,27.1,69,0.0,0.0,0.0,2.47
2024-07-06T06:00,26.6,59,1.0,0.0,1.0,2.34
2024-07-06T07:00,29.1,42,72.0,131.4,52.0,2.16
2024-07-06T08:00,31.7,36,247.0,341.5,121.0,1.06
2024-07-06T09:00,33.2,45,458.0,513.2,163.0,1.53
2024-07-06T10:00,35.2,38,656.0,616.4,193.0,2.47
2024-07-06T11:00,37.0,28,815.0,679.5,213.0,3.40
2024-07-06T12:00,36.5,36,915.0,710.4,226.0,5.47
2024-07-06T13:00,36.0,43,944.0,716.9,229.0,6.36
2024-07-06T14:00,36.6,36,900.0,696.4,227.0,5.44
2024-07-06T15:00,36.7,34,800.0,665.3,215.0,6.44
2024-07-06T16:00,35.7,43,643.0,609.3,191.0,6.46
2024-07-06T17:00,35.2,44,445.0,505.9,160.0,5.42
2024-07-06T18:00,35.0,41,235.0,337.0,115.0,4.90
2024-07-06T19:00,34.9,42,63.0,116.9,46.0,4.93
2024-07-06T20:00,34.7,41,0.0,0.0,0.0,4.20
2024-07-06T21:00,34.2,38,0.0,0.0,0.0,3.30
2024-07-06T22:00,32.5,43,0.0,0.0,0.0,1.92
2024-07-06T23:00,32.0,49,0.0,0.0,0.0,1.06
2024-07-07T00:00,30.2,66,0.0,0.0,0.0,2.56
2024-07-07T01:00,29.7,79,0.0,0.0,0.0,3.05
2024-07-07T02:00,29.2,84,0.0,0.0,0.0,3.01
2024-07-07T03:00,28.6,87,0.0,0.0,0.0,2.73
2024-07-07T04:00,29.2,85,0.0,0.0,0.0,2.87
2024-07-07T05:00,28.3,90,0.0,0.0,0.0,2.26
2024-07-07T06:00,28.1,91,1.0,0.0,1.0,2.12
2024-07-07T07:00,30.6,83,69.0,125.3,50.0,2.28
2024-07-07T08:00,32.2,72,240.0,334.3,117.0,2.91
2024-07-07T09:00,33.9,61,446.0,496.5,161.0,3.58
2024-07-07T10:00,35.6,49,644.0,607.5,188.0,3.26
2024-07-07T11:00,36.2,46,793.0,658.4,210.0,4.40
2024-07-07T12:00,35.2,54,889.0,687.8,222.0,5.59
2024-07-07T13:00,35.9,48,919.0,694.8,226.0,4.30
2024-07-07T14:00,36.4,44,889.0,690.0,222.0,3.71
2024-07-07T15:00,36.8,39,789.0,659.4,209.0,3.28
2024-07-07T16:00,36.5,46,631.0,597.0,188.0,4.61
2024-07-07T17:00,35.6,46,436.0,491.5,159.0,4.24
2024-07-07T18:00,34.3,54,229.0,322.8,114.0,3.28
2024-07-07T19:00,33.6,57,61.0,110.0,45.0,2.85
2024-07-07T20:00,33.1,60,0.0,0.0,0.0,2.64
2024-07-07T21:00,32.5,69,0.0,0.0,0.0,1.36
2024-07-07T22:00,32.0,75,0.0,0.0,0.0,0.95
2024-07-07T23:00,31.3,81,0.0,0.0,0.0,0.51
2024-07-08T00:00,30.9,82,0.0,0.0,0.0,1.89
2024-07-08T01:00,30.6,78,0.0,0.0,0.0,2.59
2024-07-08T02:00,30.1,77,0.0,0.0,0.0,2.34
2024-07-08T03:00,29.7,76,0.0,0.0,0.0,2.61
2024-07-08T04:00,30.7,63,0.0,0.0,0.0,2.02
2024-07-08T05:00,30.4,61,0.0,0.0,0.0,1.91
2024-07-08T06:00,30.5,64,1.0,0.0,1.0,3.01
2024-07-08T07:00,31.4,59,67.0,112.5,50.0,3.35
2024-07-08T08:00,33.4,48,235.0,327.1,115.0,2.90
2024-07-08T09:00,35.7,43,436.0,485.0,158.0,2.60
2024-07-08T10:00,36.6,47,624.0,582.7,187.0,3.47
2024-07-08T11:00,36.5,53,772.0,636.0,209.0,4.33
2024-07-08T12:00,35.7,59,867.0,667.3,220.0,5.48
2024-07-08T13:00,35.9,57,866.0,633.6,234.0,5.90
2024-07-08T14:00,35.6,54,793.0,562.7,249.0,5.63
2024-07-08T15:00,36.4,44,738.0,575.1,232.0,5.87
2024-07-08T16:00,37.4,35,623.0,582.0,191.0,5.55
2024-07-08T17:00,36.4,39,424.0,455.9,167.0,5.32
2024-07-08T18:00,35.8,41,228.0,322.8,113.0,4.08
2024-07-08T19:00,35.4,46,59.0,103.1,44.0,3.14
2024-07-08T20:00,34.3,55,0.0,0.0,0.0,2.83
2024-07-08T21:00,33.7,56,0.0,0.0,0.0,2.56
2024-07-08T22:00,33.4,52,0.0,0.0,0.0,2.37
2024-07-08T23:00,32.8,55,0.0,0.0,0.0,3.05
2024-07-09T00:00,31.5,73,0.0,0.0,0.0,4.53
2024-07-09T01:00,31.0,77,0.0,0.0,0.0,4.06
2024-07-09T02:00,30.4,81,0.0,0.0,0.0,3.62
2024-07-09T03:00,29.8,83,0.0,0.0,0.0,3.38
2024-07-09T04:00,30.0,81,0.0,0.0,0.0,3.26
2024-07-09T05:00,29.6,80,0.0,0.0,0.0,3.31
2024-07-09T06:00,29.2,76,1.0,0.0,1.0,3.04
2024-07-09T07:00,30.2,72,67.0,126.2,48.0,3.20
2024-07-09T08:00,31.9,67,239.0,336.2,116.0,4.49
2024-07-09T09:00,34.2,53,443.0,489.1,163.0,5.16
2024-07-09T10:00,36.9,39,639.0,597.8,191.0,5.07
2024-07-09T11:00,38.5,36,796.0,663.4,209.0,5.92
2024-07-09T12:00,38.8,38,894.0,694.2,221.0,6.86
2024-07-09T13:00,38.7,39,920.0,684.8,237.0,6.95
2024-07-09T14:00,38.4,38,887.0,679.5,230.0,6.78
2024-07-09T15:00,37.9,39,792.0,662.5,209.0,7.00
2024-07-09T16:00,38.3,39,631.0,596.6,188.0,6.55
2024-07-09T17:00,37.8,38,435.0,489.5,159.0,5.52
2024-07-09T18:00,37.1,43,230.0,328.4,113.0,4.83
2024-07-09T19:00,35.6,47,61.0,116.8,44.0,5.89
2024-07-09T20:00,34.5,51,0.0,0.0,0.0,5.44
2024-07-09T21:00,35.3,38,0.0,0.0,0.0,4.60
2024-07-09T22:00,34.7,38,0.0,0.0,0.0,5.41
2024-07-09T23:00,33.5,46,0.0,0.0,0.0,5.02
2024-07-10T00:00,33.0,45,0.0,0.0,0.0,4.70
2024-07-10T01:00,32.6,41,0.0,0.0,0.0,4.60
2024-07-10T02:00,32.2,43,0.0,0.0,0.0,4.79
2024-07-10T03:00,31.7,45,0.0,0.0,0.0,4.65
2024-07-10T04:00,31.9,45,0.0,0.0,0.0,4.31
2024-07-10T05:00,31.5,43,0.0,0.0,0.0,4.30
2024-07-10T06:00,31.1,46,1.0,0.0,1.0,4.12
2024-07-10T07:00,31.9,45,67.0,126.7,48.0,4.13
2024-07-10T08:00,33.6,42,239.0,337.1,116.0,4.44
2024-07-10T09:00,35.4,40,445.0,500.3,159.0,5.04
2024-07-10T10:00,37.1,38,639.0,599.5,190.0,5.50
2024-07-10T11:00,38.3,35,792.0,658.0,210.0,6.36
2024-07-10T12:00,38.3,40,890.0,691.2,220.0,7.86
2024-07-10T13:00,37.9,40,924.0,700.8,225.0,8.54
2024-07-10T14:00,37.4,42,888.0,686.6,224.0,8.87
2024-07-10T15:00,36.9,44,762.0,581.7,250.0,8.44
2024-07-10T16:00,37.6,40,631.0,592.5,191.0,7.36
2024-07-10T17:00,37.3,40,437.0,493.0,159.0,7.62
2024-07-10T18:00,36.8,39,231.0,328.5,114.0,6.71
2024-07-10T19:00,35.5,44,61.0,110.0,45.0,5.37
2024-07-10T20:00,35.9,35,0.0,0.0,0.0,5.36
2024-07-10T21:00,35.8,28,0.0,0.0,0.0,4.30
2024-07-10T22:00,34.9,29,0.0,0.0,0.0,3.93
2024-07-10T23:00,34.3,33,0.0,0.0,0.0,3.96
2024-07-11T00:00,34.1,32,0.0,0.0,0.0,2.61
2024-07-11T01:00,32.9,35,0.0,0.0,0.0,2.69
2024-07-11T02:00,32.7,42,0.0,0.0,0.0,2.92
2024-07-11T03:00,31.9,55,0.0,0.0,0.0,5.10
2024-07-11T04:00,31.9,70,0.0,0.0,0.0,5.87
2024-07-11T05:00,31.6,70,0.0,0.0,0.0,4.62
2024-07-11T06:00,31.0,73,1.0,0.0,1.0,4.14
2024-07-11T07:00,31.8,70,66.0,120.4,48.0,3.79
2024-07-11T08:00,33.6,59,237.0,335.3,115.0,5.16
2024-07-11T09:00,35.4,48,436.0,476.4,164.0,6.44
2024-07-11T10:00,36.8,43,629.0,579.9,195.0,7.07
2024-07-11T11:00,37.1,44,785.0,648.0,212.0,8.08
2024-07-11T12:00,36.7,47,884.0,679.9,225.0,8.99
2024-07-11T13:00,36.6,49,917.0,689.7,229.0,9.37
2024-07-11T14:00,36.6,49,868.0,643.1,246.0,9.90
2024-07-11T15:00,36.6,49,721.0,480.5,298.0,9.69
2024-07-11T16:00,36.5,48,619.0,549.3,211.0,9.71
2024-07-11T17:00,36.2,46,438.0,498.3,157.0,9.82
2024-07-11T18:00,35.5,45,230.0,317.4,117.0,9.50
2024-07-11T19:00,34.7,49,60.0,89.5,47.0,8.49
2024-07-11T20:00,34.2,51,0.0,0.0,0.0,7.79
2024-07-11T21:00,34.2,47,0.0,0.0,0.0,7.09
2024-07-11T22:00,34.2,44,0.0,0.0,0.0,6.52
2024-07-11T23:00,34.0,43,0.0,0.0,0.0,5.62
2024-07-12T00:00,33.8,43,0.0,0.0,0.0,5.62
2024-07-12T01:00,33.5,44,0.0,0.0,0.0,6.15
2024-07-12T02:00,33.2,47,0.0,0.0,0.0,6.48
2024-07-12T03:00,33.0,50,0.0,0.0,0.0,5.90
2024-07-12T04:00,33.2,48,0.0,0.0,0.0,5.81
2024-07-12T05:00,33.5,50,0.0,0.0,0.0,7.56
2024-07-12T06:00,33.8,50,0.0,0.0,0.0,8.57
2024-07-12T07:00,33.8,50,14.0,0.0,14.0,9.68
2024-07-12T08:00,34.4,48,84.0,33.1,72.0,4.41
2024-07-12T09:00,35.6,42,208.0,94.7,154.0,4.78
2024-07-12T10:00,37.2,39,535.0,351.7,272.0,6.74
2024-07-12T11:00,37.6,40,788.0,657.3,207.0,8.88
2024-07-12T12:00,36.9,43,866.0,643.9,242.0,9.57
2024-07-12T13:00,36.6,43,731.0,322.8,409.0,9.09
2024-07-12T14:00,36.7,43,693.0,294.7,408.0,9.32
2024-07-12T15:00,36.4,46,721.0,491.8,288.0,9.83
2024-07-12T16:00,36.0,47,617.0,556.0,204.0,10.68
2024-07-12T17:00,35.9,46,425.0,450.5,171.0,9.97
2024-07-12T18:00,35.2,48,217.0,267.0,122.0,8.91
2024-07-12T19:00,34.3,50,60.0,110.2,44.0,7.83
2024-07-12T20:00,33.8,52,0.0,0.0,0.0,7.15
2024-07-12T21:00,33.5,53,0.0,0.0,0.0,6.72
2024-07-12T22:00,33.3,53,0.0,0.0,0.0,6.41
2024-07-12T23:00,33.1,53,0.0,0.0,0.0,6.14
2024-07-13T00:00,32.8,53,0.0,0.0,0.0,6.23
2024-07-13T01:00,32.8,51,0.0,0.0,0.0,5.45
2024-07-13T02:00,32.0,53,0.0,0.0,0.0,3.41
2024-07-13T03:00,31.1,60,0.0,0.0,0.0,3.18
2024-07-13T04:00,31.5,64,0.0,0.0,0.0,3.23
2024-07-13T05:00,30.8,69,0.0,0.0,0.0,1.39
2024-07-13T06:00,30.5,74,0.0,0.0,0.0,2.87
2024-07-13T07:00,32.3,71,63.0,107.8,47.0,4.14
2024-07-13T08:00,33.9,60,228.0,306.7,117.0,5.10
2024-07-13T09:00,34.8,57,429.0,463.7,165.0,6.73
2024-07-13T10:00,35.4,53,627.0,586.1,189.0,7.23
2024-07-13T11:00,36.0,51,778.0,641.7,211.0,5.28
2024-07-13T12:00,36.3,50,877.0,680.1,218.0,5.25
2024-07-13T13:00,36.7,48,909.0,688.7,222.0,5.57
2024-07-13T14:00,36.6,48,876.0,679.2,219.0,6.24
2024-07-13T15:00,36.7,48,777.0,646.3,208.0,6.64
2024-07-13T16:00,36.7,47,626.0,591.0,187.0,7.00
2024-07-13T17:00,36.5,47,432.0,487.8,157.0,6.76
2024-07-13T18:00,36.1,47,228.0,326.3,112.0,6.07
2024-07-13T19:00,34.7,55,60.0,110.3,44.0,6.20
2024-07-13T20:00,34.0,59,0.0,0.0,0.0,5.90
2024-07-13T21:00,33.7,60,0.0,0.0,0.0,5.86
2024-07-13T22:00,33.5,58,0.0,0.0,0.0,5.72
2024-07-13T23:00,33.4,56,0.0,0.0,0.0,5.89
2024-07-14T00:00,33.4,51,0.0,0.0,0.0,5.76
2024-07-14T01:00,33.6,47,0.0,0.0,0.0,5.31
2024-07-14T02:00,33.7,44,0.0,0.0,0.0,5.30
2024-07-14T03:00,33.8,46,0.0,0.0,0.0,5.34
2024-07-14T04:00,32.1,58,0.0,0.0,0.0,2.96
2024-07-14T05:00,31.4,59,0.0,0.0,0.0,2.77
2024-07-14T06:00,30.8,59,0.0,0.0,0.0,1.90
2024-07-14T07:00,32.9,51,63.0,115.0,46.0,0.36
2024-07-14T08:00,34.6,48,233.0,324.2,116.0,2.40
2024-07-14T09:00,36.0,45,437.0,485.4,161.0,4.22
2024-07-14T10:00,36.8,45,632.0,589.2,192.0,5.87
2024-07-14T11:00,37.1,46,785.0,646.4,214.0,7.48
2024-07-14T12:00,37.3,45,885.0,685.3,221.0,8.56
2024-07-14T13:00,37.5,45,919.0,696.7,224.0,9.51
2024-07-14T14:00,37.5,44,885.0,687.4,220.0,10.15
2024-07-14T15:00,37.2,44,788.0,661.0,206.0,10.40
2024-07-14T16:00,36.2,48,616.0,568.1,194.0,10.61
2024-07-14T17:00,35.6,49,431.0,479.0,161.0,10.27
2024-07-14T18:00,35.1,49,227.0,315.3,115.0,9.27
2024-07-14T19:00,34.4,48,60.0,110.5,44.0,8.10
2024-07-14T20:00,33.9,49,0.0,0.0,0.0,6.99
2024-07-14T21:00,33.9,45,0.0,0.0,0.0,4.90
2024-07-14T22:00,33.8,43,0.0,0.0,0.0,4.15
2024-07-14T23:00,33.5,41,0.0,0.0,0.0,3.72
2024-07-15T00:00,32.8,41,0.0,0.0,0.0,3.16
2024-07-15T01:00,31.9,45,0.0,0.0,0.0,3.05
2024-07-15T02:00,31.2,56,0.0,0.0,0.0,3.32
2024-07-15T03:00,30.8,65,0.0,0.0,0.0,3.58
2024-07-15T04:00,31.7,65,0.0,0.0,0.0,4.00
2024-07-15T05:00,31.2,69,0.0,0.0,0.0,4.03
2024-07-15T06:00,30.9,70,0.0,0.0,0.0,4.39
2024-07-15T07:00,31.9,66,63.0,115.4,46.0,4.33
2024-07-15T08:00,33.6,56,232.0,327.9,114.0,4.78
2024-07-15T09:00,35.2,46,438.0,491.3,159.0,5.55
2024-07-15T10:00,36.4,41,631.0,590.9,190.0,6.30
2024-07-15T11:00,37.0,38,785.0,647.8,213.0,6.79
2024-07-15T12:00,37.3,38,886.0,684.4,223.0,7.23
2024-07-15T13:00,37.1,38,919.0,688.7,232.0,7.82
2024-07-15T14:00,37.1,38,886.0,686.3,222.0,7.72
2024-07-15T15:00,37.1,36,788.0,658.7,208.0,7.21
2024-07-15T16:00,36.8,41,631.0,597.8,187.0,6.86
2024-07-15T17:00,36.5,40,437.0,496.9,157.0,6.41
2024-07-15T18:00,36.3,41,231.0,332.6,113.0,6.04
2024-07-15T19:00,34.8,49,61.0,110.6,45.0,5.63
2024-07-15T20:00,34.3,46,0.0,0.0,0.0,5.03
2024-07-15T21:00,33.4,46,0.0,0.0,0.0,3.72
2024-07-15T22:00,33.0,42,0.0,0.0,0.0,3.14
2024-07-15T23:00,32.1,41,0.0,0.0,0.0,2.81
2024-07-16T00:00,31.0,47,0.0,0.0,0.0,2.75
2024-07-16T01:00,30.1,56,0.0,0.0,0.0,2.82
2024-07-16T02:00,29.2,70,0.0,0.0,0.0,3.12
2024-07-16T03:00,28.7,76,0.0,0.0,0.0,3.31
2024-07-16T04:00,29.5,80,0.0,0.0,0.0,3.64
2024-07-16T05:00,29.1,85,0.0,0.0,0.0,3.08
2024-07-16T06:00,28.7,89,0.0,0.0,0.0,2.84
2024-07-16T07:00,30.1,83,63.0,115.9,46.0,2.42
2024-07-16T08:00,31.6,73,233.0,331.7,114.0,2.61
2024-07-16T09:00,33.4,58,440.0,497.3,158.0,3.18
2024-07-16T10:00,35.5,42,635.0,598.0,189.0,4.24
2024-07-16T11:00,36.6,36,792.0,661.6,208.0,5.23
2024-07-16T12:00,37.0,34,891.0,694.8,218.0,6.00
2024-07-16T13:00,36.9,34,926.0,705.8,222.0,6.60
2024-07-16T14:00,36.8,34,891.0,695.6,218.0,7.11
2024-07-16T15:00,36.4,35,791.0,664.3,206.0,7.12
2024-07-16T16:00,35.9,42,636.0,604.5,187.0,6.26
2024-07-16T17:00,35.4,42,440.0,500.7,158.0,5.39
2024-07-16T18:00,34.7,46,231.0,333.0,113.0,4.66
2024-07-16T19:00,34.5,40,61.0,110.8,45.0,3.92
2024-07-16T20:00,33.3,52,0.0,0.0,0.0,3.64
2024-07-16T21:00,32.4,57,0.0,0.0,0.0,3.09
2024-07-16T22:00,32.1,55,0.0,0.0,0.0,2.45
2024-07-16T23:00,31.4,53,0.0,0.0,0.0,2.25
2024-07-17T00:00,30.5,54,0.0,0.0,0.0,2.65
2024-07-17T01:00,29.2,56,0.0,0.0,0.0,2.32
2024-07-17T02:00,28.1,59,0.0,0.0,0.0,2.10
2024-07-17T03:00,27.7,61,0.0,0.0,0.0,2.61
2024-07-17T04:00,28.8,73,0.0,0.0,0.0,3.20
2024-07-17T05:00,28.3,78,0.0,0.0,0.0,3.24
2024-07-17T06:00,27.8,79,0.0,0.0,0.0,3.42
2024-07-17T07:00,29.0,70,63.0,116.3,46.0,3.59
2024-07-17T08:00,31.3,58,235.0,335.5,115.0,3.79
2024-07-17T09:00,34.2,40,445.0,503.3,160.0,4.10
2024-07-17T10:00,36.2,30,640.0,597.1,195.0,3.94
2024-07-17T11:00,37.0,31,788.0,635.7,227.0,4.60
2024-07-17T12:00,36.9,35,846.0,545.2,318.0,5.41
2024-07-17T13:00,37.1,33,899.0,617.5,283.0,5.98
2024-07-17T14:00,37.5,28,887.0,665.6,243.0,6.09
2024-07-17T15:00,37.0,30,714.0,455.4,313.0,6.26
2024-07-17T16:00,36.8,32,596.0,459.2,255.0,6.44
2024-07-17T17:00,35.6,40,410.0,369.5,202.0,6.38
2024-07-17T18:00,34.5,46,233.0,325.0,118.0,5.66
2024-07-17T19:00,33.4,52,59.0,90.2,46.0,4.74
2024-07-17T20:00,32.4,62,0.0,0.0,0.0,3.72
2024-07-17T21:00,31.9,62,0.0,0.0,0.0,3.89
2024-07-17T22:00,31.5,61,0.0,0.0,0.0,3.22
2024-07-17T23:00,30.6,64,0.0,0.0,0.0,3.49
2024-07-18T00:00,29.8,67,0.0,0.0,0.0,3.57
2024-07-18T01:00,29.2,69,0.0,0.0,0.0,3.73
2024-07-18T02:00,28.6,75,0.0,0.0,0.0,4.16
2024-07-18T03:00,28.1,84,0.0,0.0,0.0,3.42
2024-07-18T04:00,28.6,87,0.0,0.0,0.0,2.21
2024-07-18T05:00,28.1,87,0.0,0.0,0.0,2.25
2024-07-18T06:00,27.7,86,0.0,0.0,0.0,2.36
2024-07-18T07:00,29.0,78,61.0,109.9,45.0,2.22
2024-07-18T08:00,30.8,71,229.0,319.6,115.0,2.15
2024-07-18T09:00,32.7,61,433.0,472.2,166.0,3.05
2024-07-18T10:00,34.0,55,631.0,588.1,193.0,4.22
2024-07-18T11:00,34.1,58,790.0,657.5,210.0,5.18
2024-07-18T12:00,34.8,52,890.0,688.8,223.0,5.85
2024-07-18T13:00,35.3,50,922.0,692.8,231.0,6.55
2024-07-18T14:00,35.6,49,882.0,663.5,240.0,6.58
2024-07-18T15:00,35.6,50,788.0,645.0,220.0,7.05
2024-07-18T16:00,35.5,45,628.0,569.7,205.0,6.55
2024-07-18T17:00,34.7,50,427.0,447.9,175.0,5.82
2024-07-18T18:00,33.6,58,204.0,200.9,133.0,5.52
2024-07-18T19:00,33.2,56,60.0,111.2,44.0,4.74
2024-07-18T20:00,32.9,59,0.0,0.0,0.0,4.06
2024-07-18T21:00,32.9,53,0.0,0.0,0.0,4.03
2024-07-18T22:00,32.6,51,0.0,0.0,0.0,4.10
2024-07-18T23:00,31.8,50,0.0,0.0,0.0,3.75
2024-07-19T00:00,30.9,55,0.0,0.0,0.0,3.23
2024-07-19T01:00,30.2,65,0.0,0.0,0.0,3.97
2024-07-19T02:00,29.6,75,0.0,0.0,0.0,3.61
2024-07-19T03:00,29.0,81,0.0,0.0,0.0,2.97
2024-07-19T04:00,30.1,81,0.0,0.0,0.0,3.27
2024-07-19T05:00,30.1,82,0.0,0.0,0.0,2.06
2024-07-19T06:00,29.2,87,0.0,0.0,0.0,1.55
2024-07-19T07:00,30.4,82,50.0,41.4,44.0,1.36
2024-07-19T08:00,31.8,76,220.0,267.2,125.0,2.20
2024-07-19T09:00,33.5,64,425.0,444.5,174.0,3.36
2024-07-19T10:00,34.7,56,627.0,579.2,196.0,4.62
2024-07-19T11:00,35.1,55,782.0,644.1,214.0,5.81
2024-07-19T12:00,35.4,53,880.0,674.5,227.0,5.89
2024-07-19T13:00,35.8,48,841.0,506.3,336.0,5.10
2024-07-19T14:00,35.7,46,634.0,234.6,407.0,4.39
2024-07-19T15:00,35.8,47,687.0,403.2,332.0,5.00
2024-07-19T16:00,35.3,52,540.0,354.3,277.0,5.82
2024-07-19T17:00,34.5,57,390.0,330.8,204.0,5.92
2024-07-19T18:00,34.2,55,224.0,303.3,117.0,4.79
2024-07-19T19:00,33.4,58,57.0,90.6,44.0,3.08
2024-07-19T20:00,32.8,62,0.0,0.0,0.0,2.97
2024-07-19T21:00,32.1,67,0.0,0.0,0.0,1.70
2024-07-19T22:00,31.5,69,0.0,0.0,0.0,2.16
2024-07-19T23:00,30.9,70,0.0,0.0,0.0,2.52
2024-07-20T00:00,30.1,74,0.0,0.0,0.0,2.31
2024-07-20T01:00,29.2,78,0.0,0.0,0.0,2.25
2024-07-20T02:00,28.7,78,0.0,0.0,0.0,1.40
2024-07-20T03:00,29.9,72,0.0,0.0,0.0,0.61
2024-07-20T04:00,29.7,80,0.0,0.0,0.0,1.14
2024-07-20T05:00,29.2,86,0.0,0.0,0.0,1.50
2024-07-20T06:00,29.1,89,0.0,0.0,0.0,1.60
2024-07-20T07:00,30.7,84,58.0,96.9,44.0,1.61
2024-07-20T08:00,32.3,74,226.0,315.9,114.0,2.24
2024-07-20T09:00,33.7,63,424.0,450.4,170.0,2.82
2024-07-20T10:00,35.2,52,628.0,587.6,191.0,3.80
2024-07-20T11:00,36.3,46,786.0,654.6,209.0,4.34
2024-07-20T12:00,37.0,40,888.0,689.0,221.0,5.16
2024-07-20T13:00,37.1,39,923.0,700.8,224.0,5.80
2024-07-20T14:00,37.3,37,888.0,690.5,220.0,6.31
2024-07-20T15:00,37.1,39,788.0,657.7,209.0,6.33
2024-07-20T16:00,37.0,38,565.0,425.8,249.0,6.33
2024-07-20T17:00,36.4,39,430.0,469.9,166.0,6.16
2024-07-20T18:00,35.3,45,226.0,318.1,114.0,5.46
2024-07-20T19:00,34.1,53,57.0,90.8,44.0,4.44
2024-07-20T20:00,33.7,54,0.0,0.0,0.0,3.62
2024-07-20T21:00,33.7,48,0.0,0.0,0.0,2.94
2024-07-20T22:00,33.3,43,0.0,0.0,0.0,2.62
2024-07-20T23:00,32.9,41,0.0,0.0,0.0,2.90
2024-07-21T00:00,32.4,40,0.0,0.0,0.0,3.21
2024-07-21T01:00,32.2,43,0.0,0.0,0.0,3.44
2024-07-21T02:00,31.5,48,0.0,0.0,0.0,3.55
2024-07-21T03:00,30.9,51,0.0,0.0,0.0,3.34
2024-07-21T04:00,30.2,57,0.0,0.0,0.0,3.30
2024-07-21T05:00,29.3,67,0.0,0.0,0.0,2.51
2024-07-21T06:00,28.6,69,0.0,0.0,0.0,2.31
2024-07-21T07:00,30.5,62,56.0,69.5,46.0,2.31
2024-07-21T08:00,32.2,58,187.0,161.3,130.0,2.31
2024-07-21T09:00,33.8,52,332.0,269.9,180.0,3.14
2024-07-21T10:00,35.3,46,540.0,370.1,265.0,3.67
2024-07-21T11:00,36.0,44,789.0,657.1,210.0,4.36
2024-07-21T12:00,36.6,41,890.0,689.1,223.0,5.15
2024-07-21T13:00,37.0,39,924.0,699.9,226.0,5.71
2024-07-21T14:00,37.3,37,890.0,689.5,223.0,5.76
2024-07-21T15:00,37.2,38,791.0,662.3,208.0,6.04
2024-07-21T16:00,37.0,41,632.0,598.6,188.0,6.91
2024-07-21T17:00,36.2,46,435.0,495.2,157.0,6.39
2024-07-21T18:00,35.3,49,227.0,324.4,113.0,5.47
2024-07-21T19:00,34.2,53,58.0,105.1,43.0,4.50
2024-07-21T20:00,33.1,60,0.0,0.0,0.0,3.26
2024-07-21T21:00,32.9,58,0.0,0.0,0.0,3.01
2024-07-21T22:00,32.7,50,0.0,0.0,0.0,2.73
2024-07-21T23:00,31.7,47,0.0,0.0,0.0,2.16
2024-07-22T00:00,31.0,44,0.0,0.0,0.0,2.47
2024-07-22T01:00,30.1,44,0.0,0.0,0.0,2.28
2024-07-22T02:00,30.0,47,0.0,0.0,0.0,2.42
2024-07-22T03:00,29.5,52,0.0,0.0,0.0,2.61
2024-07-22T04:00,30.7,70,0.0,0.0,0.0,3.16
2024-07-22T05:00,30.8,69,0.0,0.0,0.0,3.49
2024-07-22T06:00,30.3,71,0.0,0.0,0.0,4.14
2024-07-22T07:00,31.1,69,53.0,69.8,43.0,4.22
2024-07-22T08:00,33.0,58,225.0,306.5,117.0,4.73
2024-07-22T09:00,35.5,40,436.0,494.4,158.0,5.87
2024-07-22T10:00,37.5,30,633.0,596.5,190.0,6.56
2024-07-22T11:00,38.6,27,792.0,661.8,209.0,6.77
2024-07-22T12:00,38.7,28,895.0,696.5,221.0,6.86
2024-07-22T13:00,38.1,33,931.0,708.0,225.0,7.00
2024-07-22T14:00,37.7,33,896.0,697.8,221.0,7.39
2024-07-22T15:00,37.4,32,794.0,665.8,208.0,6.27
2024-07-22T16:00,37.5,31,636.0,602.8,189.0,6.46
2024-07-22T17:00,36.5,35,435.0,488.5,161.0,5.64
2024-07-22T18:00,35.3,44,227.0,325.2,113.0,4.48
2024-07-22T19:00,34.2,48,57.0,105.4,42.0,3.58
2024-07-22T20:00,33.4,52,0.0,0.0,0.0,2.28
2024-07-22T21:00,32.8,54,0.0,0.0,0.0,1.66
2024-07-22T22:00,31.6,61,0.0,0.0,0.0,1.20
2024-07-22T23:00,30.9,66,0.0,0.0,0.0,1.56
2024-07-23T00:00,30.4,74,0.0,0.0,0.0,2.38
2024-07-23T01:00,30.4,74,0.0,0.0,0.0,3.27
2024-07-23T02:00,30.0,78,0.0,0.0,0.0,2.97
2024-07-23T03:00,29.2,82,0.0,0.0,0.0,2.36
2024-07-23T04:00,30.4,85,0.0,0.0,0.0,2.75
2024-07-23T05:00,29.9,88,0.0,0.0,0.0,2.50
2024-07-23T06:00,29.4,91,0.0,0.0,0.0,2.30
2024-07-23T07:00,30.9,83,54.0,63.1,45.0,2.42
2024-07-23T08:00,32.5,69,179.0,125.2,135.0,3.57
2024-07-23T09:00,35.3,46,427.0,464.8,166.0,3.54
2024-07-23T10:00,37.7,31,628.0,591.6,189.0,3.54
2024-07-23T11:00,39.1,25,787.0,656.4,209.0,4.53
2024-07-23T12:00,38.9,28,888.0,688.3,222.0,4.98
2024-07-23T13:00,38.3,30,919.0,692.0,229.0,5.26
2024-07-23T14:00,37.9,30,883.0,683.4,222.0,5.12
2024-07-23T15:00,38.1,30,785.0,654.6,209.0,4.46
2024-07-23T16:00,37.1,37,627.0,586.9,192.0,6.54
2024-07-23T17:00,36.1,42,376.0,285.6,216.0,5.52
2024-07-23T18:00,35.3,47,211.0,245.9,125.0,4.76
2024-07-23T19:00,34.6,49,55.0,77.5,44.0,4.28
2024-07-23T20:00,34.7,46,0.0,0.0,0.0,4.04
2024-07-23T21:00,35.0,36,0.0,0.0,0.0,3.30
2024-07-23T22:00,34.0,34,0.0,0.0,0.0,1.48
2024-07-23T23:00,34.9,30,0.0,0.0,0.0,0.72
2024-07-24T00:00,32.5,40,0.0,0.0,0.0,1.41
2024-07-24T01:00,30.9,62,0.0,0.0,0.0,2.01
2024-07-24T02:00,30.5,77,0.0,0.0,0.0,2.59
2024-07-24T03:00,29.8,84,0.0,0.0,0.0,2.77
2024-07-24T04:00,30.8,87,0.0,0.0,0.0,2.98
2024-07-24T05:00,30.0,91,0.0,0.0,0.0,2.31
2024-07-24T06:00,29.1,94,0.0,0.0,0.0,1.75
2024-07-24T07:00,30.3,87,56.0,105.5,41.0,0.36
2024-07-24T08:00,31.9,75,221.0,302.6,115.0,1.14
2024-07-24T09:00,33.6,65,429.0,485.0,157.0,1.60
2024-07-24T10:00,36.0,46,623.0,578.5,194.0,1.70
2024-07-24T11:00,37.4,38,782.0,649.8,210.0,3.58
2024-07-24T12:00,37.9,34,883.0,684.3,221.0,4.37
2024-07-24T13:00,37.8,32,917.0,695.1,224.0,5.04
2024-07-24T14:00,38.0,30,881.0,683.5,220.0,4.37
2024-07-24T15:00,38.6,29,782.0,650.2,210.0,4.70
2024-07-24T16:00,38.0,29,598.0,522.5,211.0,6.23
2024-07-24T17:00,37.6,31,428.0,478.9,160.0,5.69
2024-07-24T18:00,37.6,32,208.0,232.2,127.0,4.70
2024-07-24T19:00,37.1,33,54.0,77.8,43.0,3.83
2024-07-24T20:00,37.2,28,0.0,0.0,0.0,2.60
2024-07-24T21:00,35.9,35,0.0,0.0,0.0,3.20
2024-07-24T22:00,34.1,51,0.0,0.0,0.0,2.42
2024-07-24T23:00,32.6,69,0.0,0.0,0.0,3.10
2024-07-25T00:00,32.0,77,0.0,0.0,0.0,3.60
2024-07-25T01:00,31.6,79,0.0,0.0,0.0,2.20
2024-07-25T02:00,30.9,83,0.0,0.0,0.0,1.34
2024-07-25T03:00,31.4,80,0.0,0.0,0.0,0.42
2024-07-25T04:00,32.9,65,0.0,0.0,0.0,0.85
2024-07-25T05:00,32.5,67,0.0,0.0,0.0,2.40
2024-07-25T06:00,32.1,64,0.0,0.0,0.0,3.94
2024-07-25T07:00,33.2,56,53.0,70.6,43.0,4.39
2024-07-25T08:00,35.0,53,194.0,180.4,131.0,4.55
2024-07-25T09:00,36.1,50,420.0,467.8,158.0,3.83
2024-07-25T10:00,36.5,47,571.0,449.3,238.0,4.70
2024-07-25T11:00,36.3,50,604.0,308.0,333.0,5.50
2024-07-25T12:00,37.1,47,835.0,579.0,275.0,6.50
2024-07-25T13:00,37.5,46,905.0,681.1,226.0,6.36
2024-07-25T14:00,37.3,47,801.0,587.4,233.0,6.26
2024-07-25T15:00,37.0,49,729.0,585.6,214.0,5.98
2024-07-25T16:00,37.6,39,617.0,580.9,187.0,3.81
2024-07-25T17:00,36.9,43,412.0,422.2,176.0,3.45
2024-07-25T18:00,36.0,48,219.0,304.7,113.0,3.04
2024-07-25T19:00,35.2,52,54.0,99.4,40.0,1.77
2024-07-25T20:00,34.8,55,0.0,0.0,0.0,1.72
2024-07-25T21:00,34.4,57,0.0,0.0,0.0,1.98
2024-07-25T22:00,33.7,62,0.0,0.0,0.0,2.30
2024-07-25T23:00,32.8,71,0.0,0.0,0.0,3.11
2024-07-26T00:00,32.3,76,0.0,0.0,0.0,3.00
2024-07-26T01:00,32.0,75,0.0,0.0,0.0,2.83
2024-07-26T02:00,31.2,77,0.0,0.0,0.0,1.84
2024-07-26T03:00,30.7,81,0.0,0.0,0.0,1.94
2024-07-26T04:00,32.4,74,0.0,0.0,0.0,4.44
2024-07-26T05:00,32.9,65,0.0,0.0,0.0,4.82
2024-07-26T06:00,32.0,72,0.0,0.0,0.0,3.40
2024-07-26T07:00,32.7,73,55.0,99.3,41.0,2.52
2024-07-26T08:00,33.6,69,222.0,318.8,111.0,2.24
2024-07-26T09:00,35.1,58,428.0,484.5,157.0,2.28
2024-07-26T10:00,36.0,52,621.0,582.0,190.0,2.34
2024-07-26T11:00,36.5,51,767.0,621.8,220.0,3.28
2024-07-26T12:00,37.0,47,857.0,606.0,271.0,5.25
2024-07-26T13:00,37.5,43,878.0,585.9,294.0,6.20
2024-07-26T14:00,37.7,42,856.0,605.1,271.0,6.00
2024-07-26T15:00,36.9,49,732.0,513.0,281.0,5.60
2024-07-26T16:00,36.7,48,607.0,532.6,213.0,4.70
2024-07-26T17:00,35.8,52,370.0,281.2,213.0,4.14
2024-07-26T18:00,34.9,59,153.0,60.5,132.0,4.31
2024-07-26T19:00,33.7,69,40.0,14.3,38.0,3.83
2024-07-26T20:00,33.2,73,0.0,0.0,0.0,3.72
2024-07-26T21:00,33.1,70,0.0,0.0,0.0,3.40
2024-07-26T22:00,33.0,69,0.0,0.0,0.0,2.52
2024-07-26T23:00,32.6,70,0.0,0.0,0.0,2.79
2024-07-27T00:00,32.0,73,0.0,0.0,0.0,3.41
2024-07-27T01:00,31.6,72,0.0,0.0,0.0,4.19
2024-07-27T02:00,31.1,74,0.0,0.0,0.0,4.27
2024-07-27T03:00,30.7,77,0.0,0.0,0.0,4.79
2024-07-27T04:00,30.9,76,0.0,0.0,0.0,3.76
2024-07-27T05:00,30.5,78,0.0,0.0,0.0,4.27
2024-07-27T06:00,30.2,79,0.0,0.0,0.0,4.03
2024-07-27T07:00,30.9,75,55.0,99.7,41.0,3.11
2024-07-27T08:00,32.8,69,222.0,319.8,111.0,3.02
2024-07-27T09:00,34.6,62,430.0,488.8,157.0,2.70
2024-07-27T10:00,36.0,55,625.0,593.2,186.0,3.09
2024-07-27T11:00,36.5,54,780.0,651.6,207.0,4.75
2024-07-27T12:00,36.4,55,880.0,683.7,219.0,4.88
2024-07-27T13:00,36.9,49,870.0,648.2,224.0,4.47
2024-07-27T14:00,37.6,38,839.0,625.9,234.0,4.31
2024-07-27T15:00,37.4,40,752.0,615.6,211.0,3.83
2024-07-27T16:00,37.7,40,592.0,539.7,193.0,3.41
2024-07-27T17:00,36.9,43,409.0,446.7,160.0,3.35
2024-07-27T18:00,35.5,49,212.0,297.9,109.0,3.89
2024-07-27T19:00,34.1,62,52.0,100.2,38.0,4.30
2024-07-27T20:00,33.3,72,0.0,0.0,0.0,4.27
2024-07-27T21:00,32.9,77,0.0,0.0,0.0,4.34
2024-07-27T22:00,32.6,77,0.0,0.0,0.0,3.80
2024-07-27T23:00,32.4,77,0.0,0.0,0.0,2.58
2024-07-28T00:00,32.2,74,0.0,0.0,0.0,2.50
2024-07-28T01:00,31.9,71,0.0,0.0,0.0,2.91
2024-07-28T02:00,31.6,69,0.0,0.0,0.0,4.28
2024-07-28T03:00,31.4,67,0.0,0.0,0.0,4.47
2024-07-28T04:00,31.5,71,0.0,0.0,0.0,4.74
2024-07-28T05:00,31.2,73,0.0,0.0,0.0,5.30
2024-07-28T06:00,30.9,73,0.0,0.0,0.0,4.84
2024-07-28T07:00,31.5,69,52.0,92.9,39.0,4.34
2024-07-28T08:00,32.9,65,211.0,274.5,116.0,4.96
2024-07-28T09:00,34.4,60,407.0,423.1,171.0,4.47
2024-07-28T10:00,35.6,55,580.0,466.5,235.0,3.85
2024-07-28T11:00,36.6,49,756.0,600.7,228.0,4.38
2024-07-28T12:00,36.4,50,866.0,667.3,221.0,5.42
2024-07-28T13:00,36.5,51,823.0,583.1,242.0,4.53
2024-07-28T14:00,37.2,45,817.0,609.5,228.0,4.18
2024-07-28T15:00,37.7,38,749.0,609.1,214.0,4.50
2024-07-28T16:00,36.7,50,578.0,528.0,188.0,5.56
2024-07-28T17:00,35.1,60,390.0,427.6,152.0,6.04
2024-07-28T18:00,34.4,63,193.0,249.6,107.0,5.06
2024-07-28T19:00,33.8,66,48.0,57.5,40.0,3.83
2024-07-28T20:00,33.2,72,0.0,0.0,0.0,4.11
2024-07-28T21:00,32.7,77,0.0,0.0,0.0,3.71
2024-07-28T22:00,32.5,79,0.0,0.0,0.0,3.32
2024-07-28T23:00,32.2,79,0.0,0.0,0.0,2.85
2024-07-29T00:00,31.9,82,0.0,0.0,0.0,2.12
2024-07-29T01:00,31.3,85,0.0,0.0,0.0,1.84
2024-07-29T02:00,30.8,87,0.0,0.0,0.0,1.49
2024-07-29T03:00,30.3,89,0.0,0.0,0.0,1.48
2024-07-29T04:00,30.8,89,0.0,0.0,0.0,1.41
2024-07-29T05:00,30.6,90,0.0,0.0,0.0,1.90
2024-07-29T06:00,30.3,91,0.0,0.0,0.0,2.25
2024-07-29T07:00,31.2,84,52.0,93.3,39.0,2.10
2024-07-29T08:00,32.8,70,214.0,298.5,111.0,1.50
2024-07-29T09:00,34.4,58,417.0,466.7,157.0,1.00
2024-07-29T10:00,35.9,49,583.0,472.2,234.0,1.92
2024-07-29T11:00,36.4,47,684.0,422.2,313.0,3.59
2024-07-29T12:00,36.4,51,835.0,579.5,275.0,5.14
2024-07-29T13:00,36.1,55,811.0,497.9,315.0,5.60
2024-07-29T14:00,36.2,54,792.0,561.1,250.0,5.18
2024-07-29T15:00,36.5,50,721.0,551.3,237.0,4.98
2024-07-29T16:00,37.0,42,583.0,502.7,212.0,5.77
2024-07-29T17:00,36.1,47,405.0,412.1,176.0,6.02
2024-07-29T18:00,34.9,55,191.0,163.1,135.0,4.97
2024-07-29T19:00,34.0,61,44.0,36.1,39.0,4.25
2024-07-29T20:00,33.5,63,0.0,0.0,0.0,3.55
2024-07-29T21:00,32.9,69,0.0,0.0,0.0,3.08
2024-07-29T22:00,32.3,73,0.0,0.0,0.0,3.22
2024-07-29T23:00,32.2,74,0.0,0.0,0.0,3.13
2024-07-30T00:00,31.9,76,0.0,0.0,0.0,2.92
2024-07-30T01:00,31.5,78,0.0,0.0,0.0,2.73
2024-07-30T02:00,30.5,83,0.0,0.0,0.0,1.52
2024-07-30T03:00,30.4,84,0.0,0.0,0.0,2.15
2024-07-30T04:00,32.1,79,0.0,0.0,0.0,0.60
2024-07-30T05:00,31.2,83,0.0,0.0,0.0,0.98
2024-07-30T06:00,30.6,86,0.0,0.0,0.0,1.84
2024-07-30T07:00,31.7,80,50.0,93.6,37.0,2.12
2024-07-30T08:00,33.3,70,201.0,249.9,115.0,2.91
2024-07-30T09:00,34.7,61,409.0,440.3,164.0,3.10
2024-07-30T10:00,35.9,52,602.0,549.7,196.0,3.40
2024-07-30T11:00,36.4,47,763.0,629.5,210.0,3.68
2024-07-30T12:00,36.4,48,791.0,595.1,216.0,3.88
2024-07-30T13:00,36.2,49,669.0,408.6,262.0,4.58
2024-07-30T14:00,36.6,48,853.0,638.9,236.0,5.37
2024-07-30T15:00,36.3,49,755.0,617.7,213.0,4.98
2024-07-30T16:00,36.4,47,607.0,564.2,191.0,4.96
2024-07-30T17:00,35.6,52,412.0,456.1,159.0,4.33
2024-07-30T18:00,35.0,54,215.0,307.0,110.0,4.07
2024-07-30T19:00,34.3,57,49.0,87.1,37.0,2.91
2024-07-30T20:00,33.9,59,0.0,0.0,0.0,1.32
2024-07-30T21:00,33.5,63,0.0,0.0,0.0,1.43
2024-07-30T22:00,33.1,66,0.0,0.0,0.0,1.17
2024-07-30T23:00,32.4,73,0.0,0.0,0.0,2.33
2024-07-31T00:00,32.0,77,0.0,0.0,0.0,2.42
2024-07-31T01:00,31.9,78,0.0,0.0,0.0,2.50
2024-07-31T02:00,31.6,80,0.0,0.0,0.0,2.83
2024-07-31T03:00,31.1,82,0.0,0.0,0.0,2.82
2024-07-31T04:00,32.0,80,0.0,0.0,0.0,2.51
2024-07-31T05:00,32.0,80,0.0,0.0,0.0,0.89
2024-07-31T06:00,30.6,87,0.0,0.0,0.0,1.58
2024-07-31T07:00,31.9,80,51.0,94.0,38.0,1.97
2024-07-31T08:00,33.6,69,214.0,303.1,110.0,2.31
2024-07-31T09:00,35.6,54,418.0,469.7,157.0,3.57
2024-07-31T10:00,36.5,51,609.0,570.3,188.0,4.53
2024-07-31T11:00,36.3,55,761.0,628.6,209.0,4.88
2024-07-31T12:00,36.8,51,855.0,656.3,221.0,3.91
2024-07-31T13:00,36.3,46,662.0,415.8,248.0,2.51
2024-07-31T14:00,37.4,41,772.0,524.1,266.0,4.49
2024-07-31T15:00,36.7,46,754.0,614.6,215.0,4.02
2024-07-31T16:00,38.2,39,600.0,560.7,187.0,4.00
2024-07-31T17:00,37.3,44,410.0,451.6,160.0,3.71
2024-07-31T18:00,36.3,50,209.0,293.5,109.0,4.30
2024-07-31T19:00,34.6,65,48.0,87.6,36.0,5.66
2024-07-31T20:00,34.0,70,0.0,0.0,0.0,5.19
2024-07-31T21:00,34.1,65,0.0,0.0,0.0,3.98
2024-07-31T22:00,33.6,69,0.0,0.0,0.0,3.37
2024-07-31T23:00,33.1,76,0.0,0.0,0.0,3.57
2024-08-01T00:00,33.0,73,0.0,0.0,0.0,3.04
2024-08-01T01:00,32.8,74,0.0,0.0,0.0,2.52
2024-08-01T02:00,32.1,79,0.0,0.0,0.0,2.32
2024-08-01T03:00,31.4,82,0.0,0.0,0.0,1.84
2024-08-01T04:00,32.4,81,0.0,0.0,0.0,1.71
2024-08-01T05:00,32.2,83,0.0,0.0,0.0,2.00
2024-08-01T06:00,31.9,83,0.0,0.0,0.0,2.16
2024-08-01T07:00,32.7,78,48.0,87.1,36.0,1.87
2024-08-01T08:00,34.1,68,206.0,280.5,110.0,2.64
2024-08-01T09:00,34.9,63,407.0,448.6,158.0,3.70
2024-08-01T10:00,35.9,53,599.0,554.4,190.0,3.91
2024-08-01T11:00,35.9,52,742.0,600.4,215.0,5.81
2024-08-01T12:00,35.7,54,671.0,463.9,223.0,6.20
2024-08-01T13:00,36.3,51,857.0,571.6,288.0,7.58
2024-08-01T14:00,35.4,54,528.0,281.9,256.0,4.90
2024-08-01T15:00,35.5,53,365.0,135.8,246.0,5.81
2024-08-01T16:00,37.0,48,579.0,527.4,191.0,6.09
2024-08-01T17:00,36.1,53,363.0,398.2,143.0,5.51
2024-08-01T18:00,34.7,63,200.0,271.2,108.0,4.34
2024-08-01T19:00,34.1,66,45.0,73.4,35.0,3.55
2024-08-01T20:00,33.9,67,0.0,0.0,0.0,3.26
2024-08-01T21:00,33.8,66,0.0,0.0,0.0,3.71
2024-08-01T22:00,33.7,66,0.0,0.0,0.0,3.61
2024-08-01T23:00,33.4,69,0.0,0.0,0.0,3.29
2024-08-02T00:00,32.9,73,0.0,0.0,0.0,3.10
2024-08-02T01:00,32.4,77,0.0,0.0,0.0,3.67
2024-08-02T02:00,32.1,80,0.0,0.0,0.0,3.11
2024-08-02T03:00,31.6,82,0.0,0.0,0.0,1.90
2024-08-02T04:00,32.6,82,0.0,0.0,0.0,2.06
2024-08-02T05:00,32.5,79,0.0,0.0,0.0,3.33
2024-08-02T06:00,32.4,78,0.0,0.0,0.0,3.23
2024-08-02T07:00,32.9,75,47.0,72.8,37.0,2.75
2024-08-02T08:00,33.9,61,185.0,222.7,109.0,4.60
2024-08-02T09:00,34.2,59,329.0,230.9,201.0,4.90
2024-08-02T10:00,34.4,61,453.0,259.1,262.0,4.82
2024-08-02T11:00,35.1,57,618.0,363.5,299.0,5.54
2024-08-02T12:00,35.9,53,816.0,585.2,251.0,7.20
2024-08-02T13:00,35.7,54,785.0,482.3,305.0,6.75
2024-08-02T14:00,35.5,55,714.0,412.6,316.0,6.80
2024-08-02T15:00,34.8,59,610.0,359.7,295.0,5.61
2024-08-02T16:00,35.6,52,539.0,454.5,205.0,5.69
2024-08-02T17:00,34.9,57,382.0,393.6,165.0,5.02
2024-08-02T18:00,34.2,61,201.0,272.4,109.0,4.43
2024-08-02T19:00,33.4,65,45.0,73.9,35.0,4.05
2024-08-02T20:00,33.2,67,0.0,0.0,0.0,3.61
2024-08-02T21:00,33.0,68,0.0,0.0,0.0,3.36
2024-08-02T22:00,33.0,67,0.0,0.0,0.0,3.45
2024-08-02T23:00,32.8,67,0.0,0.0,0.0,3.10
2024-08-03T00:00,32.5,69,0.0,0.0,0.0,2.93
2024-08-03T01:00,32.2,70,0.0,0.0,0.0,2.90
2024-08-03T02:00,31.9,70,0.0,0.0,0.0,2.42
2024-08-03T03:00,31.4,72,0.0,0.0,0.0,2.28
2024-08-03T04:00,30.9,69,0.0,0.0,0.0,3.28
2024-08-03T05:00,30.6,70,0.0,0.0,0.0,3.00
2024-08-03T06:00,30.5,69,0.0,0.0,0.0,3.26
2024-08-03T07:00,31.3,65,41.0,51.2,34.0,2.97
2024-08-03T08:00,32.6,60,179.0,191.0,114.0,2.88
2024-08-03T09:00,33.7,61,399.0,411.8,171.0,2.32
2024-08-03T10:00,34.5,59,578.0,507.6,204.0,3.22
2024-08-03T11:00,35.1,58,735.0,580.3,226.0,4.34
2024-08-03T12:00,35.4,58,811.0,581.2,250.0,5.13
2024-08-03T13:00,35.4,57,807.0,570.9,239.0,5.33
2024-08-03T14:00,35.7,54,740.0,448.1,308.0,4.92
2024-08-03T15:00,35.7,51,535.0,305.1,268.0,5.20
2024-08-03T16:00,35.9,53,503.0,388.3,218.0,4.73
2024-08-03T17:00,35.2,58,315.0,269.1,167.0,4.44
2024-08-03T18:00,34.7,61,178.0,220.2,104.0,3.89
2024-08-03T19:00,34.0,64,43.0,74.3,33.0,3.36
2024-08-03T20:00,33.9,63,0.0,0.0,0.0,2.28
2024-08-03T21:00,33.7,63,0.0,0.0,0.0,1.90
2024-08-03T22:00,33.0,69,0.0,0.0,0.0,3.01
2024-08-03T23:00,32.5,74,0.0,0.0,0.0,3.14
2024-08-04T00:00,32.2,76,0.0,0.0,0.0,3.03
2024-08-04T01:00,31.9,78,0.0,0.0,0.0,3.10
2024-08-04T02:00,31.7,78,0.0,0.0,0.0,3.44
2024-08-04T03:00,31.7,77,0.0,0.0,0.0,2.69
2024-08-04T04:00,32.3,74,0.0,0.0,0.0,1.91
2024-08-04T05:00,31.8,76,0.0,0.0,0.0,1.57
2024-08-04T06:00,31.3,79,0.0,0.0,0.0,1.87
2024-08-04T07:00,32.0,74,47.0,73.4,37.0,2.30
2024-08-04T08:00,32.9,68,206.0,285.8,109.0,2.52
2024-08-04T09:00,34.1,60,410.0,452.0,160.0,2.43
2024-08-04T10:00,35.3,53,597.0,543.2,197.0,2.92
2024-08-04T11:00,36.2,49,750.0,596.5,227.0,3.86
2024-08-04T12:00,36.6,45,864.0,654.0,233.0,4.67
2024-08-04T13:00,36.7,44,901.0,684.8,220.0,5.10
2024-08-04T14:00,35.9,51,859.0,660.0,223.0,6.22
2024-08-04T15:00,35.6,54,717.0,535.2,249.0,6.24
2024-08-04T16:00,35.8,55,512.0,369.8,241.0,5.22
2024-08-04T17:00,35.3,58,402.0,446.5,157.0,5.30
2024-08-04T18:00,34.4,62,201.0,269.1,111.0,4.82
2024-08-04T19:00,33.5,69,44.0,74.8,34.0,4.20
2024-08-04T20:00,33.2,71,0.0,0.0,0.0,3.80
2024-08-04T21:00,33.1,71,0.0,0.0,0.0,3.11
2024-08-04T22:00,32.9,72,0.0,0.0,0.0,2.82
2024-08-04T23:00,32.6,75,0.0,0.0,0.0,3.04
2024-08-05T00:00,32.3,78,0.0,0.0,0.0,3.00
2024-08-05T01:00,32.1,79,0.0,0.0,0.0,3.41
2024-08-05T02:00,32.0,79,0.0,0.0,0.0,3.49
2024-08-05T03:00,31.8,79,0.0,0.0,0.0,2.88
2024-08-05T04:00,31.8,87,0.0,0.0,0.0,2.47
2024-08-05T05:00,31.7,85,0.0,0.0,0.0,2.02
2024-08-05T06:00,31.2,88,0.0,0.0,0.0,0.92
2024-08-05T07:00,32.0,83,46.0,81.0,35.0,1.00
2024-08-05T08:00,33.0,74,204.0,280.7,109.0,1.12
2024-08-05T09:00,34.2,65,405.0,450.8,156.0,0.14
2024-08-05T10:00,35.5,59,596.0,550.4,191.0,2.45
2024-08-05T11:00,35.9,59,739.0,602.4,211.0,4.41
2024-08-05T12:00,35.8,59,820.0,608.6,233.0,5.51
2024-08-05T13:00,36.6,53,860.0,618.6,245.0,5.26
2024-08-05T14:00,37.0,51,769.0,529.5,259.0,4.20
2024-08-05T15:00,36.7,49,662.0,487.6,236.0,4.53
2024-08-05T16:00,37.7,43,583.0,530.2,195.0,7.07
2024-08-05T17:00,36.9,48,370.0,389.2,157.0,7.36
2024-08-05T18:00,36.2,50,192.0,243.5,111.0,7.22
2024-08-05T19:00,35.1,54,43.0,75.3,33.0,6.59
2024-08-05T20:00,34.4,59,0.0,0.0,0.0,5.86
2024-08-05T21:00,34.1,60,0.0,0.0,0.0,4.16
2024-08-05T22:00,33.6,65,0.0,0.0,0.0,3.33
2024-08-05T23:00,33.1,71,0.0,0.0,0.0,3.72
2024-08-06T00:00,32.7,76,0.0,0.0,0.0,3.96
2024-08-06T01:00,32.3,79,0.0,0.0,0.0,3.60
2024-08-06T02:00,32.2,81,0.0,0.0,0.0,3.45
2024-08-06T03:00,32.1,82,0.0,0.0,0.0,3.34
2024-08-06T04:00,32.5,79,0.0,0.0,0.0,2.47
2024-08-06T05:00,32.3,80,0.0,0.0,0.0,1.96
2024-08-06T06:00,32.2,80,0.0,0.0,0.0,2.20
2024-08-06T07:00,33.0,74,45.0,73.9,35.0,2.94
2024-08-06T08:00,34.0,68,203.0,278.5,109.0,3.20
2024-08-06T09:00,34.9,61,402.0,445.9,156.0,3.89
2024-08-06T10:00,35.4,60,593.0,545.3,192.0,5.30
2024-08-06T11:00,36.1,57,711.0,565.0,216.0,7.64
2024-08-06T12:00,35.4,59,648.0,325.7,334.0,7.13
2024-08-06T13:00,34.6,63,466.0,187.2,280.0,5.99
2024-08-06T14:00,35.6,58,681.0,410.4,286.0,6.93
2024-08-06T15:00,35.3,59,442.0,151.2,310.0,6.31
2024-08-06T16:00,35.6,58,314.0,142.3,210.0,5.59
2024-08-06T17:00,35.1,62,62.0,0.0,62.0,3.89
2024-08-06T18:00,35.3,56,88.0,15.1,83.0,3.61
2024-08-06T19:00,35.6,50,42.0,60.7,34.0,4.70
2024-08-06T20:00,34.7,56,0.0,0.0,0.0,5.28
2024-08-06T21:00,34.3,58,0.0,0.0,0.0,3.94
2024-08-06T22:00,33.9,62,0.0,0.0,0.0,3.28
2024-08-06T23:00,33.3,67,0.0,0.0,0.0,2.28
2024-08-07T00:00,32.7,71,0.0,0.0,0.0,1.61
2024-08-07T01:00,32.3,74,0.0,0.0,0.0,1.66
2024-08-07T02:00,31.7,77,0.0,0.0,0.0,1.26
2024-08-07T03:00,31.7,78,0.0,0.0,0.0,1.97
2024-08-07T04:00,30.4,80,0.0,0.0,0.0,3.80
2024-08-07T05:00,30.6,80,0.0,0.0,0.0,3.81
2024-08-07T06:00,31.0,81,0.0,0.0,0.0,3.01
2024-08-07T07:00,31.4,80,33.0,22.3,30.0,1.92
2024-08-07T08:00,31.8,76,132.0,59.4,112.0,3.42
2024-08-07T09:00,28.3,86,141.0,27.2,126.0,4.12
2024-08-07T10:00,29.6,80,216.0,81.6,156.0,3.20
2024-08-07T11:00,31.5,75,434.0,162.1,292.0,5.55
2024-08-07T12:00,32.9,67,741.0,446.1,311.0,5.51
2024-08-07T13:00,32.8,70,724.0,353.4,373.0,4.93
2024-08-07T14:00,32.5,75,846.0,616.5,253.0,4.66
2024-08-07T15:00,32.5,76,671.0,479.4,253.0,3.64
2024-08-07T16:00,34.9,54,397.0,153.5,285.0,3.96
2024-08-07T17:00,34.5,56,369.0,369.3,168.0,3.73
2024-08-07T18:00,33.9,58,194.0,264.5,107.0,3.01
2024-08-07T19:00,33.3,62,40.0,68.8,31.0,3.01
2024-08-07T20:00,33.0,63,0.0,0.0,0.0,2.30
2024-08-07T21:00,32.9,63,0.0,0.0,0.0,2.00
2024-08-07T22:00,32.7,64,0.0,0.0,0.0,1.75
2024-08-07T23:00,32.3,67,0.0,0.0,0.0,1.52
2024-08-08T00:00,31.8,71,0.0,0.0,0.0,2.01
2024-08-08T01:00,31.5,75,0.0,0.0,0.0,3.20
2024-08-08T02:00,31.3,77,0.0,0.0,0.0,3.57
2024-08-08T03:00,31.1,78,0.0,0.0,0.0,2.92
2024-08-08T04:00,30.8,78,0.0,0.0,0.0,3.26
2024-08-08T05:00,30.5,79,0.0,0.0,0.0,3.14
2024-08-08T06:00,30.0,82,0.0,0.0,0.0,3.61
2024-08-08T07:00,30.3,79,44.0,74.4,34.0,3.82
2024-08-08T08:00,31.7,73,199.0,268.1,109.0,3.76
2024-08-08T09:00,33.3,65,402.0,443.3,158.0,3.32
2024-08-08T10:00,34.6,58,590.0,531.0,200.0,3.27
2024-08-08T11:00,35.5,54,752.0,614.6,214.0,4.34
2024-08-08T12:00,35.7,53,829.0,609.3,242.0,5.78
2024-08-08T13:00,35.6,52,861.0,604.4,261.0,6.18
2024-08-08T14:00,35.6,51,808.0,541.0,288.0,5.72
2024-08-08T15:00,35.7,51,723.0,561.4,234.0,5.60
2024-08-08T16:00,35.1,56,583.0,527.3,199.0,5.71
2024-08-08T17:00,34.6,57,386.0,414.6,161.0,4.66
2024-08-08T18:00,34.1,58,188.0,235.5,111.0,4.14
2024-08-08T19:00,33.5,62,40.0,69.4,31.0,3.48
2024-08-08T20:00,33.2,65,0.0,0.0,0.0,3.22
2024-08-08T21:00,33.0,66,0.0,0.0,0.0,3.40
2024-08-08T22:00,32.8,67,0.0,0.0,0.0,2.61
2024-08-08T23:00,32.5,69,0.0,0.0,0.0,2.10
2024-08-09T00:00,32.4,69,0.0,0.0,0.0,1.39
2024-08-09T01:00,32.2,71,0.0,0.0,0.0,1.90
2024-08-09T02:00,31.8,73,0.0,0.0,0.0,0.95
2024-08-09T03:00,32.1,72,0.0,0.0,0.0,0.22
2024-08-09T04:00,32.7,71,0.0,0.0,0.0,2.60
2024-08-09T05:00,32.6,72,0.0,0.0,0.0,1.90
2024-08-09T06:00,32.4,73,0.0,0.0,0.0,0.80
2024-08-09T07:00,32.7,71,38.0,44.8,32.0,0.81
2024-08-09T08:00,33.5,66,195.0,244.9,113.0,2.20
2024-08-09T09:00,34.4,60,404.0,445.6,159.0,2.55
2024-08-09T10:00,35.4,55,600.0,557.2,191.0,3.26
2024-08-09T11:00,36.1,50,750.0,601.2,224.0,4.65
2024-08-09T12:00,36.0,51,804.0,525.4,298.0,5.51
2024-08-09T13:00,35.8,57,878.0,628.9,254.0,5.63
2024-08-09T14:00,35.4,59,845.0,631.9,238.0,5.91
2024-08-09T15:00,35.8,55,698.0,510.3,254.0,5.90
2024-08-09T16:00,34.4,65,253.0,42.6,222.0,5.10
2024-08-09T17:00,34.1,65,226.0,123.8,159.0,4.73
2024-08-09T18:00,33.7,67,121.0,80.0,95.0,4.07
2024-08-09T19:00,33.5,66,27.0,23.3,24.0,4.69
2024-08-09T20:00,33.1,65,0.0,0.0,0.0,4.48
2024-08-09T21:00,33.1,66,0.0,0.0,0.0,4.19
2024-08-09T22:00,32.9,66,0.0,0.0,0.0,3.85
2024-08-09T23:00,32.7,68,0.0,0.0,0.0,3.86
2024-08-10T00:00,32.2,69,0.0,0.0,0.0,3.20
2024-08-10T01:00,31.9,69,0.0,0.0,0.0,2.90
2024-08-10T02:00,31.9,68,0.0,0.0,0.0,2.60
2024-08-10T03:00,31.3,70,0.0,0.0,0.0,2.60
2024-08-10T04:00,31.9,78,0.0,0.0,0.0,3.14
2024-08-10T05:00,31.6,81,0.0,0.0,0.0,3.11
2024-08-10T06:00,31.2,83,0.0,0.0,0.0,3.11
2024-08-10T07:00,32.0,79,44.0,82.5,33.0,3.32
2024-08-10T08:00,33.2,71,206.0,293.5,108.0,4.34
2024-08-10T09:00,34.2,64,412.0,468.0,155.0,4.53
2024-08-10T10:00,35.3,57,609.0,575.3,187.0,4.97
2024-08-10T11:00,35.7,57,765.0,638.0,207.0,5.87
2024-08-10T12:00,35.8,59,865.0,671.1,219.0,6.84
2024-08-10T13:00,36.1,59,897.0,679.6,223.0,7.51
2024-08-10T14:00,36.1,59,863.0,671.0,219.0,8.08
2024-08-10T15:00,36.3,54,760.0,631.7,211.0,7.02
2024-08-10T16:00,35.7,61,581.0,520.9,203.0,7.96
2024-08-10T17:00,35.3,59,392.0,430.2,160.0,7.07
2024-08-10T18:00,34.3,64,185.0,232.3,110.0,6.04
2024-08-10T19:00,33.5,67,39.0,62.7,31.0,4.60
2024-08-10T20:00,33.5,69,0.0,0.0,0.0,5.39
2024-08-10T21:00,33.2,71,0.0,0.0,0.0,4.58
2024-08-10T22:00,33.1,71,0.0,0.0,0.0,3.93
2024-08-10T23:00,32.8,72,0.0,0.0,0.0,3.36
2024-08-11T00:00,32.4,74,0.0,0.0,0.0,2.25
2024-08-11T01:00,31.9,75,0.0,0.0,0.0,1.08
2024-08-11T02:00,31.3,75,0.0,0.0,0.0,1.50
2024-08-11T03:00,31.2,78,0.0,0.0,0.0,2.12
2024-08-11T04:00,32.1,82,0.0,0.0,0.0,3.92
2024-08-11T05:00,32.3,81,0.0,0.0,0.0,4.20
2024-08-11T06:00,32.1,83,0.0,0.0,0.0,4.22
2024-08-11T07:00,32.4,80,29.0,22.6,26.0,5.44
2024-08-11T08:00,33.1,73,167.0,150.1,117.0,7.99
2024-08-11T09:00,35.0,65,381.0,373.8,176.0,8.07
2024-08-11T10:00,36.2,59,580.0,503.4,211.0,7.82
2024-08-11T11:00,37.1,56,750.0,605.2,221.0,7.60
2024-08-11T12:00,36.7,60,852.0,649.6,227.0,8.10
2024-08-11T13:00,36.3,62,890.0,668.9,227.0,7.27
2024-08-11T14:00,36.2,65,853.0,659.0,221.0,6.61
2024-08-11T15:00,35.1,70,751.0,623.3,210.0,5.61
2024-08-11T16:00,36.4,59,585.0,539.9,194.0,4.88
2024-08-11T17:00,35.7,62,392.0,439.0,156.0,5.02
2024-08-11T18:00,35.1,65,190.0,261.9,106.0,5.00
2024-08-11T19:00,34.2,68,38.0,63.3,30.0,6.08
2024-08-11T20:00,34.0,67,0.0,0.0,0.0,4.25
2024-08-11T21:00,34.1,64,0.0,0.0,0.0,4.33
2024-08-11T22:00,33.7,66,0.0,0.0,0.0,3.42
2024-08-11T23:00,32.9,68,0.0,0.0,0.0,1.13
2024-08-12T00:00,32.4,69,0.0,0.0,0.0,1.71
2024-08-12T01:00,32.0,71,0.0,0.0,0.0,2.76
2024-08-12T02:00,32.0,74,0.0,0.0,0.0,4.48
2024-08-12T03:00,31.5,80,0.0,0.0,0.0,5.46
2024-08-12T04:00,31.6,87,0.0,0.0,0.0,4.93
2024-08-12T05:00,31.8,86,0.0,0.0,0.0,4.85
2024-08-12T06:00,31.9,84,0.0,0.0,0.0,3.13
2024-08-12T07:00,32.4,81,41.0,60.4,33.0,2.82
2024-08-12T08:00,33.9,68,197.0,265.0,109.0,3.05
2024-08-12T09:00,34.9,59,404.0,447.2,159.0,3.80
2024-08-12T10:00,35.5,58,604.0,569.3,187.0,5.28
2024-08-12T11:00,36.0,55,758.0,624.9,212.0,6.53
2024-08-12T12:00,36.3,53,860.0,663.4,222.0,6.80
2024-08-12T13:00,36.7,52,893.0,670.4,229.0,6.84
2024-08-12T14:00,36.3,53,861.0,670.0,219.0,6.81
2024-08-12T15:00,36.4,52,757.0,635.6,206.0,5.67
2024-08-12T16:00,35.8,59,596.0,564.5,188.0,5.99
2024-08-12T17:00,35.2,61,393.0,436.8,159.0,5.61
2024-08-12T18:00,34.2,65,186.0,244.9,108.0,5.10
2024-08-12T19:00,33.5,68,37.0,63.9,29.0,4.80
2024-08-12T20:00,33.1,70,0.0,0.0,0.0,5.16
2024-08-12T21:00,32.6,74,0.0,0.0,0.0,5.08
2024-08-12T22:00,32.4,75,0.0,0.0,0.0,4.17
2024-08-12T23:00,32.1,77,0.0,0.0,0.0,3.31
2024-08-13T00:00,31.2,82,0.0,0.0,0.0,1.17
2024-08-13T01:00,30.7,85,0.0,0.0,0.0,1.49
2024-08-13T02:00,30.7,85,0.0,0.0,0.0,2.55
2024-08-13T03:00,30.7,85,0.0,0.0,0.0,2.62
2024-08-13T04:00,31.5,81,0.0,0.0,0.0,3.35
2024-08-13T05:00,31.3,80,0.0,0.0,0.0,2.78
2024-08-13T06:00,30.8,81,0.0,0.0,0.0,2.30
2024-08-13T07:00,31.9,76,41.0,68.2,32.0,1.97
2024-08-13T08:00,33.2,69,201.0,277.7,109.0,2.69
2024-08-13T09:00,34.1,64,408.0,458.7,157.0,2.92
2024-08-13T10:00,34.8,62,606.0,571.0,188.0,3.52
2024-08-13T11:00,35.4,58,763.0,634.4,209.0,4.32
2024-08-13T12:00,36.0,54,865.0,671.0,220.0,5.10
2024-08-13T13:00,36.4,51,902.0,686.0,223.0,5.42
2024-08-13T14:00,36.3,53,870.0,680.1,219.0,5.66
2024-08-13T15:00,36.2,53,766.0,646.9,206.0,5.78
2024-08-13T16:00,35.9,58,605.0,585.1,183.0,6.95
2024-08-13T17:00,35.3,59,394.0,444.0,157.0,7.92
2024-08-13T18:00,34.4,63,191.0,275.2,104.0,8.20
2024-08-13T19:00,33.5,69,36.0,64.5,28.0,7.08
2024-08-13T20:00,33.2,71,0.0,0.0,0.0,6.81
2024-08-13T21:00,32.7,76,0.0,0.0,0.0,5.92
2024-08-13T22:00,32.6,77,0.0,0.0,0.0,3.89
2024-08-13T23:00,32.3,78,0.0,0.0,0.0,3.62
2024-08-14T00:00,31.9,82,0.0,0.0,0.0,2.64
2024-08-14T01:00,31.2,85,0.0,0.0,0.0,1.20
2024-08-14T02:00,31.4,85,0.0,0.0,0.0,2.02
2024-08-14T03:00,30.8,88,0.0,0.0,0.0,1.43
2024-08-14T04:00,31.8,82,0.0,0.0,0.0,4.08
2024-08-14T05:00,31.6,82,0.0,0.0,0.0,4.56
2024-08-14T06:00,31.7,80,0.0,0.0,0.0,5.20
2024-08-14T07:00,32.5,75,39.0,53.3,32.0,5.72
2024-08-14T08:00,33.7,64,193.0,251.2,110.0,6.45
2024-08-14T09:00,34.9,57,410.0,466.6,155.0,6.26
2024-08-14T10:00,35.4,56,608.0,575.5,187.0,5.71
2024-08-14T11:00,36.1,52,765.0,639.3,207.0,5.81
2024-08-14T12:00,36.4,52,866.0,673.5,219.0,6.21
2024-08-14T13:00,36.4,54,900.0,683.4,224.0,6.00
2024-08-14T14:00,36.5,55,862.0,672.3,219.0,5.89
2024-08-14T15:00,36.3,58,757.0,636.3,207.0,6.00
2024-08-14T16:00,35.5,63,584.0,547.5,190.0,6.58
2024-08-14T17:00,34.9,65,368.0,387.3,162.0,6.22
2024-08-14T18:00,34.3,69,181.0,245.3,104.0,6.09
2024-08-14T19:00,33.6,72,29.0,40.7,24.0,4.46
2024-08-14T20:00,33.3,73,0.0,0.0,0.0,2.66
2024-08-14T21:00,33.2,73,0.0,0.0,0.0,2.50
2024-08-14T22:00,33.0,74,0.0,0.0,0.0,1.70
2024-08-14T23:00,32.7,75,0.0,0.0,0.0,0.54
2024-08-15T00:00,32.2,78,0.0,0.0,0.0,2.33
2024-08-15T01:00,32.0,79,0.0,0.0,0.0,5.26
2024-08-15T02:00,31.5,84,0.0,0.0,0.0,6.42
2024-08-15T03:00,31.4,85,0.0,0.0,0.0,5.30
2024-08-15T04:00,31.7,85,0.0,0.0,0.0,4.51
2024-08-15T05:00,31.5,86,0.0,0.0,0.0,4.31
2024-08-15T06:00,31.4,84,0.0,0.0,0.0,5.40
2024-08-15T07:00,31.8,77,38.0,53.4,31.0,4.55
2024-08-15T08:00,32.8,72,193.0,248.9,111.0,4.65
2024-08-15T09:00,34.1,62,407.0,458.0,157.0,4.67
2024-08-15T10:00,35.6,54,607.0,574.6,187.0,4.65
2024-08-15T11:00,36.5,51,768.0,642.0,208.0,5.64
2024-08-15T12:00,36.3,52,870.0,677.0,220.0,6.33
2024-08-15T13:00,36.5,50,904.0,689.0,223.0,5.66
2024-08-15T14:00,36.7,47,866.0,677.2,219.0,5.02
2024-08-15T15:00,36.6,45,763.0,645.3,206.0,4.97
2024-08-15T16:00,36.5,45,600.0,579.4,184.0,4.80
2024-08-15T17:00,35.5,50,401.0,468.1,153.0,4.30
2024-08-15T18:00,34.6,59,189.0,266.5,106.0,4.28
2024-08-15T19:00,33.5,69,30.0,49.3,24.0,4.92
2024-08-15T20:00,32.9,75,0.0,0.0,0.0,4.09
2024-08-15T21:00,32.7,74,0.0,0.0,0.0,3.71
2024-08-15T22:00,32.5,75,0.0,0.0,0.0,1.90
2024-08-15T23:00,32.1,78,0.0,0.0,0.0,2.62
2024-08-16T00:00,31.6,81,0.0,0.0,0.0,2.22
2024-08-16T01:00,31.1,83,0.0,0.0,0.0,1.39
2024-08-16T02:00,30.9,84,0.0,0.0,0.0,2.02
2024-08-16T03:00,31.0,84,0.0,0.0,0.0,2.16
2024-08-16T04:00,31.4,83,0.0,0.0,0.0,0.54
2024-08-16T05:00,31.1,86,0.0,0.0,0.0,1.61
2024-08-16T06:00,31.1,87,0.0,0.0,0.0,2.01
2024-08-16T07:00,31.8,83,38.0,61.3,30.0,3.67
2024-08-16T08:00,33.0,73,198.0,276.9,107.0,3.09
2024-08-16T09:00,34.7,60,402.0,449.4,157.0,3.72
2024-08-16T10:00,35.6,57,588.0,538.0,195.0,4.81
2024-08-16T11:00,35.9,54,753.0,620.6,212.0,4.98
2024-08-16T12:00,36.3,52,857.0,661.8,222.0,5.10
2024-08-16T13:00,36.7,49,891.0,673.3,226.0,5.42
2024-08-16T14:00,36.6,48,850.0,655.9,224.0,5.11
2024-08-16T15:00,36.8,47,740.0,602.2,221.0,3.42
2024-08-16T16:00,37.3,43,548.0,457.9,220.0,4.48
2024-08-16T17:00,36.5,48,394.0,462.3,150.0,4.46
2024-08-16T18:00,35.2,56,186.0,275.1,101.0,4.78
2024-08-16T19:00,34.3,62,33.0,58.2,26.0,3.73
2024-08-16T20:00,33.8,65,0.0,0.0,0.0,2.14
2024-08-16T21:00,33.7,62,0.0,0.0,0.0,0.81
2024-08-16T22:00,33.8,59,0.0,0.0,0.0,0.73
2024-08-16T23:00,33.5,60,0.0,0.0,0.0,0.72
2024-08-17T00:00,32.8,66,0.0,0.0,0.0,1.25
2024-08-17T01:00,32.2,69,0.0,0.0,0.0,1.89
2024-08-17T02:00,32.0,70,0.0,0.0,0.0,1.36
2024-08-17T03:00,31.7,74,0.0,0.0,0.0,0.92
2024-08-17T04:00,32.5,79,0.0,0.0,0.0,3.35
2024-08-17T05:00,32.5,78,0.0,0.0,0.0,3.22
2024-08-17T06:00,32.4,77,0.0,0.0,0.0,2.41
2024-08-17T07:00,33.0,66,23.0,15.4,21.0,1.84
2024-08-17T08:00,34.2,55,131.0,82.4,104.0,0.85
2024-08-17T09:00,35.0,51,278.0,209.4,164.0,1.00
2024-08-17T10:00,35.8,48,367.0,165.8,246.0,1.75
2024-08-17T11:00,36.8,44,627.0,400.6,278.0,2.91
2024-08-17T12:00,37.1,44,849.0,626.8,248.0,3.96
2024-08-17T13:00,37.1,44,877.0,633.3,252.0,4.30
2024-08-17T14:00,36.8,47,862.0,678.7,215.0,4.41
2024-08-17T15:00,36.1,53,751.0,634.6,205.0,4.96
2024-08-17T16:00,36.5,46,589.0,559.8,189.0,5.95
2024-08-17T17:00,35.4,52,383.0,422.3,161.0,5.32
2024-08-17T18:00,34.5,55,161.0,192.5,102.0,4.91
2024-08-17T19:00,33.6,61,30.0,42.0,25.0,4.36
2024-08-17T20:00,33.2,62,0.0,0.0,0.0,2.84
2024-08-17T21:00,33.1,60,0.0,0.0,0.0,1.70
2024-08-17T22:00,32.7,63,0.0,0.0,0.0,2.33
2024-08-17T23:00,31.8,71,0.0,0.0,0.0,1.98
2024-08-18T00:00,31.2,75,0.0,0.0,0.0,1.79
2024-08-18T01:00,30.9,77,0.0,0.0,0.0,2.21
2024-08-18T02:00,31.0,76,0.0,0.0,0.0,3.40
2024-08-18T03:00,30.5,79,0.0,0.0,0.0,2.70
2024-08-18T04:00,30.8,82,0.0,0.0,0.0,0.98
2024-08-18T05:00,30.7,84,0.0,0.0,0.0,2.21
2024-08-18T06:00,30.3,86,0.0,0.0,0.0,2.34
2024-08-18T07:00,30.9,82,40.0,69.4,31.0,2.53
2024-08-18T08:00,32.4,74,200.0,287.6,106.0,2.62
2024-08-18T09:00,34.0,60,408.0,465.2,155.0,1.10
2024-08-18T10:00,35.7,50,607.0,574.5,188.0,1.14
2024-08-18T11:00,36.4,49,760.0,619.1,221.0,3.08
2024-08-18T12:00,36.2,54,867.0,666.9,228.0,4.92
2024-08-18T13:00,36.2,50,903.0,683.5,229.0,6.00
2024-08-18T14:00,36.0,53,862.0,672.1,222.0,6.34
2024-08-18T15:00,35.8,56,758.0,642.6,206.0,6.36
2024-08-18T16:00,36.3,42,600.0,582.2,185.0,7.04
2024-08-18T17:00,35.4,47,399.0,469.9,153.0,6.28
2024-08-18T18:00,34.6,53,187.0,282.9,101.0,5.23
2024-08-18T19:00,33.2,63,32.0,51.0,26.0,4.25
2024-08-18T20:00,32.9,65,0.0,0.0,0.0,3.36
2024-08-18T21:00,32.7,67,0.0,0.0,0.0,2.95
2024-08-18T22:00,32.2,70,0.0,0.0,0.0,2.84
2024-08-18T23:00,31.6,74,0.0,0.0,0.0,2.60
2024-08-19T00:00,31.5,63,0.0,0.0,0.0,2.19
2024-08-19T01:00,31.2,61,0.0,0.0,0.0,1.80
2024-08-19T02:00,31.0,67,0.0,0.0,0.0,0.99
2024-08-19T03:00,31.4,65,0.0,0.0,0.0,0.58
2024-08-19T04:00,30.8,80,0.0,0.0,0.0,2.50
2024-08-19T05:00,30.3,85,0.0,0.0,0.0,2.04
2024-08-19T06:00,30.1,86,0.0,0.0,0.0,1.53
2024-08-19T07:00,31.3,79,38.0,54.2,31.0,1.10
2024-08-19T08:00,32.6,71,206.0,306.7,106.0,1.75
2024-08-19T09:00,33.9,60,411.0,462.1,160.0,2.38
2024-08-19T10:00,34.7,56,586.0,514.6,211.0,3.70
2024-08-19T11:00,35.2,54,769.0,642.5,210.0,4.52
2024-08-19T12:00,35.8,47,872.0,678.8,222.0,5.04
2024-08-19T13:00,36.3,44,908.0,693.3,225.0,5.63
2024-08-19T14:00,36.4,44,868.0,681.3,220.0,5.85
2024-08-19T15:00,36.1,50,757.0,639.0,209.0,6.32
2024-08-19T16:00,36.0,47,597.0,582.3,183.0,6.77
2024-08-19T17:00,35.7,48,395.0,468.1,151.0,6.79
2024-08-19T18:00,34.2,59,184.0,282.0,99.0,5.73
2024-08-19T19:00,33.5,60,31.0,51.6,25.0,4.47
2024-08-19T20:00,33.3,63,0.0,0.0,0.0,4.43
2024-08-19T21:00,33.0,65,0.0,0.0,0.0,3.14
2024-08-19T22:00,32.6,62,0.0,0.0,0.0,3.26
2024-08-19T23:00,32.8,57,0.0,0.0,0.0,3.50
2024-08-20T00:00,32.7,58,0.0,0.0,0.0,3.38
2024-08-20T01:00,32.6,57,0.0,0.0,0.0,2.28
2024-08-20T02:00,31.7,54,0.0,0.0,0.0,1.43
2024-08-20T03:00,31.1,61,0.0,0.0,0.0,2.39
2024-08-20T04:00,31.7,73,0.0,0.0,0.0,1.75
2024-08-20T05:00,31.2,81,0.0,0.0,0.0,2.00
2024-08-20T06:00,31.6,76,0.0,0.0,0.0,3.00
2024-08-20T07:00,33.3,64,39.0,69.9,30.0,5.66
2024-08-20T08:00,34.4,59,190.0,255.3,107.0,5.56
2024-08-20T09:00,35.4,52,374.0,381.6,167.0,6.11
2024-08-20T10:00,36.1,51,587.0,523.3,206.0,7.26
2024-08-20T11:00,36.5,49,655.0,414.0,295.0,8.60
2024-08-20T12:00,37.1,47,868.0,671.0,226.0,10.12
2024-08-20T13:00,37.1,47,908.0,694.9,224.0,10.79
2024-08-20T14:00,36.9,48,870.0,685.3,219.0,11.52
2024-08-20T15:00,36.8,48,763.0,650.7,206.0,11.18
2024-08-20T16:00,36.3,48,595.0,581.1,183.0,9.55
2024-08-20T17:00,35.9,48,398.0,483.6,147.0,8.27
2024-08-20T18:00,34.9,54,181.0,274.5,99.0,7.03
2024-08-20T19:00,34.1,58,29.0,52.2,23.0,4.07
2024-08-20T20:00,34.5,53,0.0,0.0,0.0,3.67
2024-08-20T21:00,34.5,49,0.0,0.0,0.0,5.43
2024-08-20T22:00,34.3,51,0.0,0.0,0.0,6.14
2024-08-20T23:00,34.6,45,0.0,0.0,0.0,2.66
2024-08-21T00:00,34.4,46,0.0,0.0,0.0,5.31
2024-08-21T01:00,34.1,51,0.0,0.0,0.0,6.14
2024-08-21T02:00,33.6,56,0.0,0.0,0.0,2.22
2024-08-21T03:00,33.6,59,0.0,0.0,0.0,3.28
2024-08-21T04:00,33.6,56,0.0,0.0,0.0,2.53
2024-08-21T05:00,33.8,59,0.0,0.0,0.0,3.59
2024-08-21T06:00,33.9,60,0.0,0.0,0.0,5.20
2024-08-21T07:00,33.7,62,16.0,0.0,16.0,4.63
2024-08-21T08:00,34.8,57,204.0,296.0,108.0,6.57
2024-08-21T09:00,35.1,55,405.0,455.9,158.0,6.38
2024-08-21T10:00,35.4,57,604.0,567.7,191.0,6.74
2024-08-21T11:00,35.7,55,752.0,610.0,222.0,7.79
2024-08-21T12:00,36.0,54,849.0,631.7,245.0,8.64
2024-08-21T13:00,36.1,52,881.0,642.7,249.0,7.25
2024-08-21T14:00,36.2,50,849.0,651.5,231.0,6.71
2024-08-21T15:00,35.9,52,748.0,632.0,208.0,6.02
2024-08-21T16:00,35.3,59,559.0,516.2,194.0,4.70
2024-08-21T17:00,34.4,61,370.0,416.2,155.0,4.67
2024-08-21T18:00,34.0,59,166.0,219.6,101.0,3.00
2024-08-21T19:00,33.7,65,26.0,44.0,21.0,2.62
2024-08-21T20:00,33.3,68,0.0,0.0,0.0,1.58
2024-08-21T21:00,33.1,68,0.0,0.0,0.0,2.13
2024-08-21T22:00,32.7,70,0.0,0.0,0.0,2.44
2024-08-21T23:00,32.3,70,0.0,0.0,0.0,3.32
2024-08-22T00:00,32.1,71,0.0,0.0,0.0,1.20
2024-08-22T01:00,31.9,74,0.0,0.0,0.0,3.31
2024-08-22T02:00,31.6,80,0.0,0.0,0.0,4.20
2024-08-22T03:00,31.5,77,0.0,0.0,0.0,5.80
2024-08-22T04:00,31.7,77,0.0,0.0,0.0,6.15
2024-08-22T05:00,31.2,82,0.0,0.0,0.0,6.02
2024-08-22T06:00,31.0,83,0.0,0.0,0.0,7.09
2024-08-22T07:00,31.4,78,34.0,46.9,28.0,7.85
2024-08-22T08:00,32.5,70,193.0,272.1,105.0,8.13
2024-08-22T09:00,34.1,62,398.0,449.1,155.0,8.69
2024-08-22T10:00,35.5,56,594.0,559.9,187.0,8.62
2024-08-22T11:00,36.5,49,750.0,620.8,211.0,8.55
2024-08-22T12:00,36.7,47,851.0,659.5,221.0,9.44
2024-08-22T13:00,36.6,47,884.0,674.9,221.0,9.22
2024-08-22T14:00,36.5,46,842.0,659.8,217.0,8.52
2024-08-22T15:00,36.3,47,736.0,626.2,202.0,7.40
2024-08-22T16:00,36.4,48,574.0,546.1,189.0,7.86
2024-08-22T17:00,34.9,58,354.0,387.0,155.0,8.08
2024-08-22T18:00,34.1,62,165.0,221.7,100.0,7.48
2024-08-22T19:00,33.0,68,25.0,26.8,22.0,6.94
2024-08-22T20:00,32.9,69,0.0,0.0,0.0,6.23
2024-08-22T21:00,33.0,66,0.0,0.0,0.0,5.69
2024-08-22T22:00,33.1,64,0.0,0.0,0.0,5.04
2024-08-22T23:00,33.0,63,0.0,0.0,0.0,4.31
2024-08-23T00:00,32.6,64,0.0,0.0,0.0,3.98
2024-08-23T01:00,32.2,66,0.0,0.0,0.0,3.98
2024-08-23T02:00,31.8,67,0.0,0.0,0.0,4.10
2024-08-23T03:00,31.6,68,0.0,0.0,0.0,3.40
2024-08-23T04:00,31.9,67,0.0,0.0,0.0,1.41
2024-08-23T05:00,31.4,69,0.0,0.0,0.0,1.30
2024-08-23T06:00,31.2,73,0.0,0.0,0.0,2.77
2024-08-23T07:00,31.5,74,37.0,62.8,29.0,1.46
2024-08-23T08:00,32.2,73,192.0,272.7,104.0,1.66
2024-08-23T09:00,33.4,67,400.0,455.2,154.0,2.10
2024-08-23T10:00,34.6,59,598.0,568.6,185.0,2.42
2024-08-23T11:00,36.0,53,757.0,635.1,206.0,4.04
2024-08-23T12:00,35.6,59,858.0,671.6,217.0,6.58
2024-08-23T13:00,35.1,59,889.0,681.8,220.0,7.71
2024-08-23T14:00,35.5,56,813.0,604.7,241.0,6.53
2024-08-23T15:00,35.4,56,715.0,588.7,214.0,6.44
2024-08-23T16:00,34.5,64,558.0,537.8,180.0,6.65
2024-08-23T17:00,34.0,66,370.0,435.8,147.0,6.17
2024-08-23T18:00,33.1,71,159.0,230.7,92.0,5.80
2024-08-23T19:00,32.7,73,25.0,36.2,21.0,4.14
2024-08-23T20:00,32.5,74,0.0,0.0,0.0,3.34
2024-08-23T21:00,32.4,75,0.0,0.0,0.0,3.20
2024-08-23T22:00,32.2,77,0.0,0.0,0.0,3.68
2024-08-23T23:00,32.1,77,0.0,0.0,0.0,3.27
2024-08-24T00:00,32.2,75,0.0,0.0,0.0,1.75
2024-08-24T01:00,31.6,79,0.0,0.0,0.0,0.81
2024-08-24T02:00,31.5,79,0.0,0.0,0.0,1.75
2024-08-24T03:00,31.2,80,0.0,0.0,0.0,1.49
2024-08-24T04:00,31.3,76,0.0,0.0,0.0,2.69
2024-08-24T05:00,30.9,83,0.0,0.0,0.0,1.33
2024-08-24T06:00,30.8,83,0.0,0.0,0.0,1.13
2024-08-24T07:00,31.8,77,27.0,0.0,27.0,2.20
2024-08-24T08:00,32.6,72,136.0,52.8,119.0,4.09
2024-08-24T09:00,33.5,66,356.0,300.1,194.0,4.60
2024-08-24T10:00,34.2,63,557.0,487.8,203.0,4.42
2024-08-24T11:00,34.9,58,749.0,614.9,216.0,4.44
2024-08-24T12:00,35.4,54,836.0,632.3,233.0,4.85
2024-08-24T13:00,35.6,52,866.0,642.8,236.0,5.15
2024-08-24T14:00,35.1,57,825.0,638.4,222.0,5.60
2024-08-24T15:00,35.2,57,716.0,585.2,219.0,5.08
2024-08-24T16:00,34.9,57,555.0,526.6,186.0,5.94
2024-08-24T17:00,33.7,63,328.0,332.0,159.0,7.36
2024-08-24T18:00,33.0,65,153.0,167.0,105.0,7.83
2024-08-24T19:00,32.2,69,21.0,18.3,19.0,6.59
2024-08-24T20:00,31.8,73,0.0,0.0,0.0,5.64
2024-08-24T21:00,31.7,72,0.0,0.0,0.0,4.79
2024-08-24T22:00,31.7,72,0.0,0.0,0.0,3.50
2024-08-24T23:00,31.5,72,0.0,0.0,0.0,3.00
2024-08-25T00:00,31.4,72,0.0,0.0,0.0,3.47
2024-08-25T01:00,31.2,73,0.0,0.0,0.0,4.10
2024-08-25T02:00,31.0,73,0.0,0.0,0.0,3.98
2024-08-25T03:00,30.6,73,0.0,0.0,0.0,4.55
2024-08-25T04:00,30.9,73,0.0,0.0,0.0,5.05
2024-08-25T05:00,30.7,72,0.0,0.0,0.0,5.39
2024-08-25T06:00,30.6,72,0.0,0.0,0.0,5.62
2024-08-25T07:00,30.9,70,32.0,47.4,26.0,5.92
2024-08-25T08:00,31.9,69,141.0,121.5,102.0,6.80
2024-08-25T09:00,33.5,62,364.0,380.3,159.0,6.99
2024-08-25T10:00,34.6,56,572.0,521.4,194.0,7.31
2024-08-25T11:00,35.1,55,738.0,588.8,228.0,7.75
2024-08-25T12:00,35.3,55,824.0,593.0,259.0,7.84
2024-08-25T13:00,35.4,55,851.0,594.5,269.0,6.98
2024-08-25T14:00,34.7,60,583.0,272.5,326.0,6.40
2024-08-25T15:00,34.0,63,360.0,103.9,272.0,5.28
2024-08-25T16:00,34.1,61,500.0,402.3,219.0,7.25
2024-08-25T17:00,33.7,61,318.0,310.0,161.0,6.26
2024-08-25T18:00,32.9,66,117.0,105.5,87.0,5.69
2024-08-25T19:00,32.5,64,12.0,0.0,12.0,5.10
2024-08-25T20:00,32.4,65,0.0,0.0,0.0,5.90
2024-08-25T21:00,31.9,67,0.0,0.0,0.0,5.00
2024-08-25T22:00,31.8,69,0.0,0.0,0.0,5.25
2024-08-25T23:00,31.6,72,0.0,0.0,0.0,5.83
2024-08-26T00:00,31.5,74,0.0,0.0,0.0,5.70
2024-08-26T01:00,31.5,75,0.0,0.0,0.0,5.08
2024-08-26T02:00,31.1,77,0.0,0.0,0.0,4.46
2024-08-26T03:00,30.6,79,0.0,0.0,0.0,4.25
2024-08-26T04:00,31.3,77,0.0,0.0,0.0,4.07
2024-08-26T05:00,30.9,77,0.0,0.0,0.0,4.20
2024-08-26T06:00,30.5,74,0.0,0.0,0.0,4.47
2024-08-26T07:00,31.0,69,34.0,47.6,28.0,4.39
2024-08-26T08:00,32.5,63,189.0,265.5,104.0,5.27
2024-08-26T09:00,34.0,58,397.0,451.3,154.0,5.19
2024-08-26T10:00,35.3,54,592.0,557.7,188.0,5.05
2024-08-26T11:00,36.2,52,751.0,628.6,207.0,5.41
2024-08-26T12:00,36.6,51,850.0,661.9,220.0,5.60
2024-08-26T13:00,36.8,50,879.0,669.9,224.0,6.15
2024-08-26T14:00,36.6,51,838.0,658.5,218.0,6.23
2024-08-26T15:00,36.2,53,723.0,605.6,211.0,6.45
2024-08-26T16:00,35.5,58,567.0,547.3,186.0,5.72
2024-08-26T17:00,34.7,62,373.0,446.7,148.0,6.30
2024-08-26T18:00,33.6,68,156.0,213.3,96.0,4.62
2024-08-26T19:00,33.1,72,22.0,28.3,19.0,3.38
2024-08-26T20:00,32.8,76,0.0,0.0,0.0,4.11
2024-08-26T21:00,32.5,79,0.0,0.0,0.0,3.96
2024-08-26T22:00,32.3,81,0.0,0.0,0.0,3.83
2024-08-26T23:00,32.0,83,0.0,0.0,0.0,2.44
2024-08-27T00:00,31.7,84,0.0,0.0,0.0,1.14
2024-08-27T01:00,31.2,87,0.0,0.0,0.0,0.73
2024-08-27T02:00,30.8,88,0.0,0.0,0.0,1.27
2024-08-27T03:00,30.5,89,0.0,0.0,0.0,2.20
2024-08-27T04:00,31.8,86,0.0,0.0,0.0,1.72
2024-08-27T05:00,31.4,87,0.0,0.0,0.0,2.08
2024-08-27T06:00,31.4,85,0.0,0.0,0.0,2.75
2024-08-27T07:00,32.3,74,33.0,39.8,28.0,2.96
2024-08-27T08:00,33.1,70,183.0,222.3,112.0,2.86
2024-08-27T09:00,34.1,66,397.0,444.5,158.0,3.26
2024-08-27T10:00,35.1,57,594.0,551.4,195.0,4.40
2024-08-27T11:00,35.3,57,752.0,621.1,215.0,5.24
2024-08-27T12:00,35.4,57,850.0,651.0,231.0,5.89
2024-08-27T13:00,35.8,53,880.0,653.3,242.0,5.46
2024-08-27T14:00,35.8,51,847.0,666.0,221.0,5.59
2024-08-27T15:00,35.8,48,738.0,633.1,204.0,3.65
2024-08-27T16:00,35.0,53,529.0,484.4,193.0,4.68
2024-08-27T17:00,34.9,53,364.0,437.2,145.0,3.08
2024-08-27T18:00,33.8,61,155.0,230.1,91.0,3.54
2024-08-27T19:00,32.9,69,21.0,28.8,18.0,4.81
2024-08-27T20:00,32.5,70,0.0,0.0,0.0,5.39
2024-08-27T21:00,32.3,69,0.0,0.0,0.0,5.46
2024-08-27T22:00,32.0,74,0.0,0.0,0.0,4.74
2024-08-27T23:00,32.0,75,0.0,0.0,0.0,4.28
2024-08-28T00:00,32.1,74,0.0,0.0,0.0,3.89
2024-08-28T01:00,32.0,75,0.0,0.0,0.0,2.55
2024-08-28T02:00,31.3,78,0.0,0.0,0.0,1.60
2024-08-28T03:00,30.8,80,0.0,0.0,0.0,3.33
2024-08-28T04:00,31.6,75,0.0,0.0,0.0,1.92
2024-08-28T05:00,31.5,76,0.0,0.0,0.0,2.66
2024-08-28T06:00,31.0,81,0.0,0.0,0.0,3.20
2024-08-28T07:00,31.3,81,34.0,47.9,28.0,4.43
2024-08-28T08:00,32.3,73,181.0,226.0,109.0,5.91
2024-08-28T09:00,33.6,64,367.0,361.3,173.0,7.28
2024-08-28T10:00,35.0,56,576.0,517.3,202.0,7.11
2024-08-28T11:00,36.4,48,748.0,621.7,211.0,6.99
2024-08-28T12:00,37.1,43,854.0,668.6,219.0,7.37
2024-08-28T13:00,36.7,46,886.0,680.9,222.0,7.92
2024-08-28T14:00,36.1,50,845.0,672.5,214.0,7.69
2024-08-28T15:00,35.6,54,728.0,619.2,207.0,6.69
2024-08-28T16:00,35.3,57,569.0,561.3,181.0,4.72
2024-08-28T17:00,34.8,59,341.0,371.5,156.0,7.43
2024-08-28T18:00,33.4,67,148.0,189.1,96.0,6.61
2024-08-28T19:00,32.7,67,20.0,29.2,17.0,4.97
2024-08-28T20:00,32.4,67,0.0,0.0,0.0,4.00
2024-08-28T21:00,32.2,68,0.0,0.0,0.0,4.51
2024-08-28T22:00,32.0,68,0.0,0.0,0.0,4.79
2024-08-28T23:00,31.7,71,0.0,0.0,0.0,5.10
2024-08-29T00:00,31.4,76,0.0,0.0,0.0,4.20
2024-08-29T01:00,31.3,75,0.0,0.0,0.0,3.83
2024-08-29T02:00,31.0,76,0.0,0.0,0.0,5.29
2024-08-29T03:00,30.4,80,0.0,0.0,0.0,4.97
2024-08-29T04:00,30.9,82,0.0,0.0,0.0,4.20
2024-08-29T05:00,30.7,84,0.0,0.0,0.0,3.00
2024-08-29T06:00,30.3,86,0.0,0.0,0.0,3.00
2024-08-29T07:00,30.7,84,33.0,40.0,28.0,4.11
2024-08-29T08:00,32.0,76,185.0,248.6,106.0,4.71
2024-08-29T09:00,33.2,68,390.0,428.9,160.0,3.58
2024-08-29T10:00,34.0,64,595.0,560.8,190.0,3.00
2024-08-29T11:00,34.9,59,745.0,607.2,221.0,4.00
2024-08-29T12:00,35.1,56,853.0,670.4,217.0,5.09
2024-08-29T13:00,35.2,56,883.0,679.8,221.0,5.04
2024-08-29T14:00,35.0,60,842.0,668.4,216.0,5.10
2024-08-29T15:00,34.8,61,714.0,588.6,220.0,4.22
2024-08-29T16:00,34.8,59,547.0,511.1,195.0,4.04
2024-08-29T17:00,33.7,65,285.0,236.3,168.0,4.09
2024-08-29T18:00,33.0,71,138.0,165.6,93.0,4.43
2024-08-29T19:00,32.4,76,18.0,19.8,16.0,4.52
2024-08-29T20:00,32.3,76,0.0,0.0,0.0,4.05
2024-08-29T21:00,32.1,79,0.0,0.0,0.0,2.69
2024-08-29T22:00,32.0,80,0.0,0.0,0.0,3.10
2024-08-29T23:00,32.0,79,0.0,0.0,0.0,1.30
2024-08-30T00:00,31.8,80,0.0,0.0,0.0,2.88
2024-08-30T01:00,31.5,81,0.0,0.0,0.0,1.89
2024-08-30T02:00,31.4,81,0.0,0.0,0.0,1.32
2024-08-30T03:00,31.0,82,0.0,0.0,0.0,2.04
2024-08-30T04:00,31.6,83,0.0,0.0,0.0,2.31
2024-08-30T05:00,31.3,86,0.0,0.0,0.0,5.07
2024-08-30T06:00,31.1,86,0.0,0.0,0.0,6.63
2024-08-30T07:00,31.7,81,31.0,48.2,25.0,4.46
2024-08-30T08:00,32.7,74,174.0,220.8,104.0,4.90
2024-08-30T09:00,34.0,66,361.0,380.9,157.0,4.74
2024-08-30T10:00,35.0,61,547.0,433.8,234.0,4.70
2024-08-30T11:00,35.8,58,752.0,629.9,209.0,5.40
2024-08-30T12:00,35.5,59,845.0,653.2,226.0,7.47
2024-08-30T13:00,35.5,57,861.0,617.0,261.0,8.52
2024-08-30T14:00,35.5,59,820.0,608.7,251.0,8.26
2024-08-30T15:00,35.6,59,722.0,608.1,213.0,7.28
2024-08-30T16:00,35.4,64,441.0,342.5,206.0,9.94
2024-08-30T17:00,34.2,69,332.0,337.3,166.0,8.98
2024-08-30T18:00,33.3,75,152.0,223.6,92.0,8.48
2024-08-30T19:00,32.4,78,18.0,20.2,16.0,8.13
2024-08-30T20:00,32.2,75,0.0,0.0,0.0,8.24
2024-08-30T21:00,32.3,72,0.0,0.0,0.0,7.35
2024-08-30T22:00,32.2,69,0.0,0.0,0.0,6.51
2024-08-30T23:00,32.0,68,0.0,0.0,0.0,5.98
2024-08-31T00:00,32.0,64,0.0,0.0,0.0,5.57
2024-08-31T01:00,31.4,67,0.0,0.0,0.0,4.71
2024-08-31T02:00,30.8,72,0.0,0.0,0.0,4.63
2024-08-31T03:00,30.4,76,0.0,0.0,0.0,4.30
2024-08-31T04:00,31.3,73,0.0,0.0,0.0,4.15
2024-08-31T05:00,31.1,76,0.0,0.0,0.0,4.75
2024-08-31T06:00,30.6,81,0.0,0.0,0.0,4.56
2024-08-31T07:00,31.1,82,34.0,56.4,27.0,4.33
2024-08-31T08:00,32.6,74,190.0,265.7,106.0,5.69
2024-08-31T09:00,33.9,65,397.0,445.0,159.0,6.80
2024-08-31T10:00,35.1,59,612.0,596.6,182.0,7.46
2024-08-31T11:00,35.9,55,766.0,657.3,200.0,7.66
2024-08-31T12:00,36.2,54,859.0,678.3,217.0,8.49
2024-08-31T13:00,35.6,58,889.0,689.0,220.0,9.56
2024-08-31T14:00,35.5,59,775.0,585.3,229.0,7.88
2024-08-31T15:00,35.1,60,619.0,433.6,257.0,9.31
2024-08-31T16:00,34.9,63,505.0,419.9,218.0,9.31
2024-08-31T17:00,33.8,70,344.0,400.7,148.0,8.99
2024-08-31T18:00,32.9,76,150.0,230.2,89.0,7.89
2024-08-31T19:00,32.3,80,15.0,20.5,13.0,6.62
2024-08-31T20:00,32.4,78,0.0,0.0,0.0,6.49
2024-08-31T21:00,32.1,80,0.0,0.0,0.0,5.92
2024-08-31T22:00,32.1,77,0.0,0.0,0.0,5.95
2024-08-31T23:00,31.7,79,0.0,0.0,0.0,5.02
2024-09-01T00:00,31.5,79,0.0,0.0,0.0,5.19
2024-09-01T01:00,31.4,81,0.0,0.0,0.0,5.07
2024-09-01T02:00,30.8,85,0.0,0.0,0.0,3.57
2024-09-01T03:00,30.7,86,0.0,0.0,0.0,4.12
2024-09-01T04:00,30.5,86,0.0,0.0,0.0,4.36
2024-09-01T05:00,30.4,85,0.0,0.0,0.0,4.83
2024-09-01T06:00,30.6,84,0.0,0.0,0.0,5.99
2024-09-01T07:00,31.2,82,34.0,56.6,27.0,6.01
2024-09-01T08:00,32.3,75,178.0,209.3,112.0,5.73
2024-09-01T09:00,33.8,66,382.0,385.7,176.0,5.89
2024-09-01T10:00,35.4,59,611.0,598.7,180.0,6.35
2024-09-01T11:00,36.2,56,761.0,639.4,211.0,7.36
2024-09-01T12:00,35.8,59,868.0,686.5,219.0,9.24
2024-09-01T13:00,35.4,61,908.0,704.5,225.0,9.79
2024-09-01T14:00,35.3,60,825.0,615.4,252.0,7.43
2024-09-01T15:00,34.7,63,487.0,301.5,236.0,6.94
2024-09-01T16:00,35.0,68,513.0,458.3,201.0,7.81
2024-09-01T17:00,33.8,73,326.0,353.8,154.0,7.91
2024-09-01T18:00,33.0,80,90.0,53.5,76.0,6.26
2024-09-01T19:00,32.7,82,5.0,0.0,5.0,4.42
2024-09-01T20:00,32.6,82,0.0,0.0,0.0,4.28
2024-09-01T21:00,32.5,81,0.0,0.0,0.0,0.50
2024-09-01T22:00,32.3,82,0.0,0.0,0.0,1.35
2024-09-01T23:00,31.9,85,0.0,0.0,0.0,1.50
2024-09-02T00:00,31.8,87,0.0,0.0,0.0,2.12
2024-09-02T01:00,31.6,86,0.0,0.0,0.0,2.21
2024-09-02T02:00,31.5,84,0.0,0.0,0.0,3.72
2024-09-02T03:00,31.4,80,0.0,0.0,0.0,5.07
2024-09-02T04:00,31.0,83,0.0,0.0,0.0,6.20
2024-09-02T05:00,30.9,82,0.0,0.0,0.0,4.90
2024-09-02T06:00,30.5,83,0.0,0.0,0.0,2.70
2024-09-02T07:00,30.8,81,34.0,56.8,27.0,1.78
2024-09-02T08:00,31.8,75,190.0,279.8,102.0,3.58
2024-09-02T09:00,33.1,65,398.0,455.7,155.0,4.37
2024-09-02T10:00,34.4,57,598.0,573.0,186.0,4.47
2024-09-02T11:00,35.0,55,762.0,652.9,201.0,5.46
2024-09-02T12:00,34.8,54,859.0,683.2,214.0,6.22
2024-09-02T13:00,35.2,54,879.0,675.7,225.0,5.15
2024-09-02T14:00,34.4,64,835.0,666.2,216.0,5.31
2024-09-02T15:00,34.3,65,726.0,633.5,200.0,4.62
2024-09-02T16:00,34.6,67,458.0,379.0,201.0,4.62
2024-09-02T17:00,33.7,71,289.0,300.2,144.0,5.99
2024-09-02T18:00,32.9,73,135.0,189.8,86.0,5.63
2024-09-02T19:00,32.2,76,15.0,21.3,13.0,4.96
2024-09-02T20:00,32.2,76,0.0,0.0,0.0,4.03
2024-09-02T21:00,32.0,77,0.0,0.0,0.0,3.64
2024-09-02T22:00,31.8,79,0.0,0.0,0.0,1.58
2024-09-02T23:00,31.7,79,0.0,0.0,0.0,1.66
2024-09-03T00:00,31.5,81,0.0,0.0,0.0,1.63
2024-09-03T01:00,31.2,83,0.0,0.0,0.0,2.60
2024-09-03T02:00,30.9,86,0.0,0.0,0.0,1.71
2024-09-03T03:00,30.6,87,0.0,0.0,0.0,2.06
2024-09-03T04:00,31.6,82,0.0,0.0,0.0,1.90
2024-09-03T05:00,31.4,84,0.0,0.0,0.0,1.51
2024-09-03T06:00,31.2,85,0.0,0.0,0.0,1.50
2024-09-03T07:00,31.6,82,30.0,32.6,26.0,1.53
2024-09-03T08:00,32.5,76,187.0,242.3,111.0,1.64
2024-09-03T09:00,33.7,69,384.0,386.9,178.0,2.06
2024-09-03T10:00,34.9,63,592.0,541.6,203.0,3.23
2024-09-03T11:00,35.7,60,763.0,649.0,206.0,5.57
2024-09-03T12:00,36.3,54,850.0,651.2,236.0,7.16
2024-09-03T13:00,36.4,52,687.0,407.7,293.0,7.50
2024-09-03T14:00,35.6,61,664.0,389.4,303.0,8.27
2024-09-03T15:00,35.4,63,562.0,334.6,285.0,8.57
2024-09-03T16:00,34.9,59,401.0,293.2,203.0,7.95
2024-09-03T17:00,34.8,60,350.0,410.6,153.0,6.60
2024-09-03T18:00,33.8,64,95.0,62.8,79.0,6.94
2024-09-03T19:00,32.8,72,6.0,0.0,6.0,7.45
2024-09-03T20:00,32.5,75,0.0,0.0,0.0,6.17
2024-09-03T21:00,32.2,77,0.0,0.0,0.0,5.82
2024-09-03T22:00,32.1,77,0.0,0.0,0.0,6.07
2024-09-03T23:00,32.0,77,0.0,0.0,0.0,5.06
2024-09-04T00:00,31.9,76,0.0,0.0,0.0,4.40
2024-09-04T01:00,31.4,76,0.0,0.0,0.0,4.32
2024-09-04T02:00,30.9,78,0.0,0.0,0.0,3.95
2024-09-04T03:00,30.9,78,0.0,0.0,0.0,3.80
2024-09-04T04:00,31.9,74,0.0,0.0,0.0,3.32
2024-09-04T05:00,31.7,75,0.0,0.0,0.0,4.66
2024-09-04T06:00,31.4,78,0.0,0.0,0.0,4.20
2024-09-04T07:00,31.6,81,27.0,40.9,22.0,3.40
2024-09-04T08:00,33.1,75,192.0,287.7,102.0,3.72
2024-09-04T09:00,35.0,61,405.0,477.7,151.0,4.75
2024-09-04T10:00,36.2,56,604.0,588.3,182.0,6.10
2024-09-04T11:00,36.1,59,763.0,653.4,203.0,7.79
2024-09-04T12:00,36.0,58,861.0,687.2,214.0,8.75
2024-09-04T13:00,36.1,57,895.0,704.9,215.0,8.32
2024-09-04T14:00,36.4,56,822.0,648.6,222.0,7.86
2024-09-04T15:00,36.0,56,666.0,499.1,254.0,8.89
2024-09-04T16:00,35.0,61,424.0,327.1,204.0,8.03
2024-09-04T17:00,34.5,63,322.0,339.9,160.0,9.01
2024-09-04T18:00,33.4,71,107.0,91.5,84.0,7.21
2024-09-04T19:00,32.9,74,11.0,11.1,10.0,5.37
2024-09-04T20:00,33.1,73,0.0,0.0,0.0,5.20
2024-09-04T21:00,33.2,71,0.0,0.0,0.0,5.69
2024-09-04T22:00,33.0,70,0.0,0.0,0.0,5.57
2024-09-04T23:00,33.0,69,0.0,0.0,0.0,5.92
2024-09-05T00:00,32.7,68,0.0,0.0,0.0,5.71
2024-09-05T01:00,32.7,65,0.0,0.0,0.0,4.83
2024-09-05T02:00,32.7,63,0.0,0.0,0.0,4.54
2024-09-05T03:00,32.5,62,0.0,0.0,0.0,3.62
2024-09-05T04:00,31.3,76,0.0,0.0,0.0,3.86
2024-09-05T05:00,31.3,78,0.0,0.0,0.0,4.10
2024-09-05T06:00,31.4,79,0.0,0.0,0.0,4.94
2024-09-05T07:00,32.1,75,31.0,49.2,25.0,6.30
2024-09-05T08:00,33.6,64,180.0,234.0,107.0,7.52
2024-09-05T09:00,34.9,56,405.0,472.8,154.0,7.70
2024-09-05T10:00,35.7,54,608.0,594.6,182.0,7.60
2024-09-05T11:00,36.3,52,766.0,656.5,204.0,7.94
2024-09-05T12:00,36.7,50,865.0,690.3,216.0,8.56
2024-09-05T13:00,36.0,54,893.0,700.9,218.0,9.57
2024-09-05T14:00,35.9,53,848.0,687.9,213.0,9.36
2024-09-05T15:00,35.3,57,666.0,497.0,257.0,7.36
2024-09-05T16:00,35.1,57,433.0,319.6,219.0,7.57
2024-09-05T17:00,34.3,62,287.0,270.4,159.0,8.13
2024-09-05T18:00,33.2,69,80.0,24.2,74.0,7.40
2024-09-05T19:00,32.4,73,13.0,11.3,12.0,6.57
2024-09-05T20:00,32.2,74,0.0,0.0,0.0,6.00
2024-09-05T21:00,32.3,67,0.0,0.0,0.0,5.26
2024-09-05T22:00,32.3,62,0.0,0.0,0.0,4.51
2024-09-05T23:00,32.5,59,0.0,0.0,0.0,3.98
2024-09-06T00:00,32.1,57,0.0,0.0,0.0,3.47
2024-09-06T01:00,31.7,57,0.0,0.0,0.0,2.14
2024-09-06T02:00,31.1,62,0.0,0.0,0.0,1.58
2024-09-06T03:00,31.0,69,0.0,0.0,0.0,3.06
2024-09-06T04:00,31.8,77,0.0,0.0,0.0,4.37
2024-09-06T05:00,31.6,78,0.0,0.0,0.0,4.24
2024-09-06T06:00,31.4,79,0.0,0.0,0.0,4.27
2024-09-06T07:00,31.6,78,15.0,0.0,15.0,4.12
2024-09-06T08:00,32.2,74,88.0,28.9,79.0,4.16
2024-09-06T09:00,33.3,65,316.0,290.6,162.0,4.27
2024-09-06T10:00,34.4,58,603.0,584.2,185.0,4.34
2024-09-06T11:00,35.0,57,758.0,641.0,210.0,5.20
2024-09-06T12:00,35.0,58,856.0,680.7,217.0,6.65
2024-09-06T13:00,35.0,56,883.0,693.9,216.0,7.25
2024-09-06T14:00,35.1,54,837.0,678.7,212.0,7.27
2024-09-06T15:00,35.1,52,718.0,625.2,205.0,7.03
2024-09-06T16:00,35.3,54,541.0,535.4,184.0,7.64
2024-09-06T17:00,34.3,58,338.0,410.4,145.0,7.57
2024-09-06T18:00,33.4,62,138.0,225.2,83.0,6.38
2024-09-06T19:00,33.8,53,13.0,23.0,11.0,5.16
2024-09-06T20:00,33.4,53,0.0,0.0,0.0,4.68
2024-09-06T21:00,32.7,56,0.0,0.0,0.0,4.68
2024-09-06T22:00,32.2,58,0.0,0.0,0.0,4.56
2024-09-06T23:00,31.4,63,0.0,0.0,0.0,4.41
2024-09-07T00:00,30.9,64,0.0,0.0,0.0,3.96
2024-09-07T01:00,30.5,62,0.0,0.0,0.0,3.42
2024-09-07T02:00,29.8,63,0.0,0.0,0.0,3.21
2024-09-07T03:00,29.1,65,0.0,0.0,0.0,3.06
2024-09-07T04:00,29.5,70,0.0,0.0,0.0,3.42
2024-09-07T05:00,29.3,71,0.0,0.0,0.0,3.51
2024-09-07T06:00,29.0,75,0.0,0.0,0.0,3.30
2024-09-07T07:00,29.5,74,33.0,57.9,26.0,3.13
2024-09-07T08:00,31.1,72,194.0,299.9,101.0,3.72
2024-09-07T09:00,33.1,63,408.0,485.8,151.0,5.20
2024-09-07T10:00,35.0,54,611.0,600.5,182.0,5.91
2024-09-07T11:00,36.3,45,770.0,664.2,203.0,6.92
2024-09-07T12:00,36.4,47,866.0,696.7,213.0,7.85
2024-09-07T13:00,36.1,50,894.0,705.6,217.0,8.43
2024-09-07T14:00,35.7,52,847.0,692.2,211.0,9.48
2024-09-07T15:00,35.5,50,731.0,652.9,197.0,9.84
2024-09-07T16:00,34.9,54,558.0,578.5,174.0,9.14
2024-09-07T17:00,34.1,57,347.0,447.6,138.0,8.64
2024-09-07T18:00,32.9,64,139.0,236.8,82.0,8.23
2024-09-07T19:00,32.1,69,12.0,11.8,11.0,7.13
2024-09-07T20:00,31.9,70,0.0,0.0,0.0,6.18
2024-09-07T21:00,31.6,71,0.0,0.0,0.0,5.31
2024-09-07T22:00,31.3,67,0.0,0.0,0.0,4.10
2024-09-07T23:00,30.9,65,0.0,0.0,0.0,3.76
2024-09-08T00:00,30.4,64,0.0,0.0,0.0,3.55
2024-09-08T01:00,30.0,64,0.0,0.0,0.0,3.59
2024-09-08T02:00,29.6,62,0.0,0.0,0.0,3.91
2024-09-08T03:00,29.2,62,0.0,0.0,0.0,4.20
2024-09-08T04:00,29.5,64,0.0,0.0,0.0,4.10
2024-09-08T05:00,29.2,64,0.0,0.0,0.0,4.11
2024-09-08T06:00,28.8,64,0.0,0.0,0.0,3.81
2024-09-08T07:00,29.5,61,33.0,58.1,26.0,3.21
2024-09-08T08:00,31.2,62,194.0,300.7,101.0,3.08
2024-09-08T09:00,32.8,66,408.0,486.6,151.0,4.77
2024-09-08T10:00,34.3,58,606.0,588.7,186.0,6.31
2024-09-08T11:00,35.1,54,768.0,661.6,204.0,6.93
2024-09-08T12:00,35.5,51,862.0,686.1,220.0,7.14
2024-09-08T13:00,35.6,52,892.0,704.9,217.0,8.23
2024-09-08T14:00,35.2,55,846.0,692.8,211.0,8.74
2024-09-08T15:00,34.9,53,729.0,652.5,197.0,8.66
2024-09-08T16:00,34.8,53,555.0,576.5,174.0,9.21
2024-09-08T17:00,33.9,58,344.0,444.3,138.0,8.56
2024-09-08T18:00,32.9,63,136.0,231.9,81.0,6.75
2024-09-08T19:00,32.2,67,11.0,12.0,10.0,5.28
2024-09-08T20:00,32.3,64,0.0,0.0,0.0,5.35
2024-09-08T21:00,32.1,59,0.0,0.0,0.0,4.83
2024-09-08T22:00,31.6,60,0.0,0.0,0.0,4.03
2024-09-08T23:00,31.1,59,0.0,0.0,0.0,3.91
2024-09-09T00:00,30.8,58,0.0,0.0,0.0,3.79
2024-09-09T01:00,30.5,56,0.0,0.0,0.0,3.73
2024-09-09T02:00,30.1,54,0.0,0.0,0.0,3.72
2024-09-09T03:00,29.5,53,0.0,0.0,0.0,3.40
2024-09-09T04:00,30.3,56,0.0,0.0,0.0,3.04
2024-09-09T05:00,29.6,64,0.0,0.0,0.0,2.73
2024-09-09T06:00,28.6,69,0.0,0.0,0.0,2.31
2024-09-09T07:00,30.1,67,32.0,58.3,25.0,1.97
2024-09-09T08:00,32.0,68,190.0,285.4,102.0,2.66
2024-09-09T09:00,33.7,63,378.0,402.1,166.0,5.81
2024-09-09T10:00,34.8,57,604.0,584.0,188.0,6.97
2024-09-09T11:00,35.6,53,763.0,652.0,208.0,7.78
2024-09-09T12:00,35.8,54,860.0,685.1,220.0,8.86
2024-09-09T13:00,35.8,54,887.0,698.9,219.0,9.34
2024-09-09T14:00,35.8,53,841.0,689.0,211.0,8.84
2024-09-09T15:00,35.5,54,724.0,648.4,197.0,8.63
2024-09-09T16:00,34.4,60,506.0,452.9,208.0,8.21
2024-09-09T17:00,34.0,58,318.0,373.6,146.0,7.82
2024-09-09T18:00,33.9,56,124.0,188.3,80.0,7.02
2024-09-09T19:00,33.2,59,10.0,12.3,9.0,6.55
2024-09-09T20:00,33.0,58,0.0,0.0,0.0,6.05
2024-09-09T21:00,32.8,56,0.0,0.0,0.0,5.95
2024-09-09T22:00,33.0,50,0.0,0.0,0.0,4.20
2024-09-09T23:00,32.8,48,0.0,0.0,0.0,3.20
2024-09-10T00:00,32.3,48,0.0,0.0,0.0,2.55
2024-09-10T01:00,32.1,47,0.0,0.0,0.0,3.23
2024-09-10T02:00,31.9,44,0.0,0.0,0.0,3.28
2024-09-10T03:00,31.4,45,0.0,0.0,0.0,3.04
2024-09-10T04:00,29.5,69,0.0,0.0,0.0,3.36
2024-09-10T05:00,29.5,70,0.0,0.0,0.0,3.91
2024-09-10T06:00,29.3,76,0.0,0.0,0.0,3.88
2024-09-10T07:00,30.3,80,32.0,58.5,25.0,4.08
2024-09-10T08:00,32.4,71,192.0,296.1,101.0,3.77
2024-09-10T09:00,34.3,57,406.0,484.6,151.0,4.06
2024-09-10T10:00,36.0,46,608.0,597.5,183.0,6.24
2024-09-10T11:00,36.6,45,762.0,650.7,209.0,7.72
2024-09-10T12:00,36.5,48,864.0,698.0,213.0,9.13
2024-09-10T13:00,36.1,51,889.0,705.6,216.0,9.92
2024-09-10T14:00,35.9,52,842.0,694.1,209.0,10.11
2024-09-10T15:00,35.7,51,726.0,654.3,196.0,10.04
2024-09-10T16:00,34.8,56,551.0,578.7,172.0,8.91
2024-09-10T17:00,34.4,53,338.0,442.0,136.0,8.92
2024-09-10T18:00,33.7,56,131.0,226.0,79.0,7.96
2024-09-10T19:00,32.8,62,10.0,12.6,9.0,6.54
2024-09-10T20:00,32.7,59,0.0,0.0,0.0,5.15
2024-09-10T21:00,32.4,59,0.0,0.0,0.0,4.60
2024-09-10T22:00,32.2,55,0.0,0.0,0.0,3.41
2024-09-10T23:00,31.7,52,0.0,0.0,0.0,3.49
2024-09-11T00:00,30.8,52,0.0,0.0,0.0,2.70
2024-09-11T01:00,30.4,53,0.0,0.0,0.0,3.22
2024-09-11T02:00,30.1,57,0.0,0.0,0.0,3.93
2024-09-11T03:00,29.9,60,0.0,0.0,0.0,4.24
2024-09-11T04:00,30.8,61,0.0,0.0,0.0,3.80
2024-09-11T05:00,29.9,63,0.0,0.0,0.0,2.63
2024-09-11T06:00,29.2,66,0.0,0.0,0.0,2.33
2024-09-11T07:00,30.5,61,32.0,58.7,25.0,1.92
2024-09-11T08:00,32.7,54,193.0,300.2,101.0,1.90
2024-09-11T09:00,34.9,50,414.0,508.3,147.0,4.52
2024-09-11T10:00,36.0,50,612.0,606.9,181.0,7.22
2024-09-11T11:00,36.3,51,772.0,672.9,201.0,8.84
2024-09-11T12:00,36.3,51,869.0,705.7,212.0,9.85
2024-09-11T13:00,36.1,53,892.0,711.3,215.0,10.07
2024-09-11T14:00,36.1,53,840.0,692.6,210.0,9.97
2024-09-11T15:00,36.0,53,742.0,676.3,196.0,9.91
2024-09-11T16:00,35.4,56,548.0,566.2,179.0,7.66
2024-09-11T17:00,34.3,60,251.0,233.7,145.0,8.63
2024-09-11T18:00,33.3,63,77.0,26.5,71.0,8.54
2024-09-11T19:00,33.1,64,4.0,0.0,4.0,6.45
2024-09-11T20:00,33.3,60,0.0,0.0,0.0,6.57
2024-09-11T21:00,33.3,56,0.0,0.0,0.0,7.72
2024-09-11T22:00,33.4,53,0.0,0.0,0.0,6.32
2024-09-11T23:00,33.2,53,0.0,0.0,0.0,3.85
2024-09-12T00:00,32.7,55,0.0,0.0,0.0,3.79
2024-09-12T01:00,32.3,56,0.0,0.0,0.0,3.32
2024-09-12T02:00,31.7,60,0.0,0.0,0.0,3.61
2024-09-12T03:00,30.8,69,0.0,0.0,0.0,3.97
2024-09-12T04:00,30.9,66,0.0,0.0,0.0,3.72
2024-09-12T05:00,30.5,66,0.0,0.0,0.0,3.77
2024-09-12T06:00,30.2,71,0.0,0.0,0.0,4.08
2024-09-12T07:00,30.9,72,32.0,59.0,25.0,4.78
2024-09-12T08:00,32.9,65,194.0,304.4,101.0,5.64
2024-09-12T09:00,34.5,55,410.0,495.9,150.0,6.59
2024-09-12T10:00,35.7,53,614.0,610.7,181.0,5.85
2024-09-12T11:00,36.0,54,772.0,674.0,201.0,6.24
2024-09-12T12:00,36.0,54,867.0,705.9,211.0,6.89
2024-09-12T13:00,36.2,51,892.0,714.9,213.0,8.23
2024-09-12T14:00,36.2,52,844.0,701.0,208.0,8.60
2024-09-12T15:00,35.8,54,726.0,656.3,198.0,8.58
2024-09-12T16:00,35.1,56,543.0,572.0,172.0,8.50
2024-09-12T17:00,34.0,64,333.0,439.9,135.0,6.87
2024-09-12T18:00,33.4,64,121.0,197.6,77.0,4.66
2024-09-12T19:00,33.1,64,7.0,13.2,6.0,5.59
2024-09-12T20:00,32.7,67,0.0,0.0,0.0,5.58
2024-09-12T21:00,32.7,67,0.0,0.0,0.0,3.45
2024-09-12T22:00,32.5,67,0.0,0.0,0.0,2.88
2024-09-12T23:00,32.0,68,0.0,0.0,0.0,2.73
2024-09-13T00:00,31.4,70,0.0,0.0,0.0,2.05
2024-09-13T01:00,30.6,75,0.0,0.0,0.0,2.41
2024-09-13T02:00,29.5,82,0.0,0.0,0.0,2.27
2024-09-13T03:00,28.5,88,0.0,0.0,0.0,1.84
2024-09-13T04:00,29.4,87,0.0,0.0,0.0,1.20
2024-09-13T05:00,29.1,88,0.0,0.0,0.0,1.42
2024-09-13T06:00,29.5,86,0.0,0.0,0.0,3.05
2024-09-13T07:00,30.0,83,26.0,33.8,22.0,4.16
2024-09-13T08:00,32.1,68,181.0,252.9,104.0,6.41
2024-09-13T09:00,33.8,63,409.0,500.7,147.0,8.70
2024-09-13T10:00,34.6,63,605.0,600.4,180.0,9.25
2024-09-13T11:00,34.6,62,569.0,293.2,321.0,9.16
2024-09-13T12:00,35.0,59,718.0,447.4,303.0,8.19
2024-09-13T13:00,35.1,58,815.0,587.7,258.0,7.29
2024-09-13T14:00,35.1,58,827.0,682.0,210.0,6.07
2024-09-13T15:00,35.0,59,676.0,577.6,213.0,4.88
2024-09-13T16:00,34.0,65,500.0,483.5,188.0,4.88
2024-09-13T17:00,33.4,68,325.0,425.4,135.0,2.75
2024-09-13T18:00,32.5,71,120.0,196.4,77.0,2.00
2024-09-13T19:00,31.8,74,8.0,13.5,7.0,2.38
2024-09-13T20:00,31.3,79,0.0,0.0,0.0,1.94
2024-09-13T21:00,31.0,81,0.0,0.0,0.0,1.63
2024-09-13T22:00,31.0,81,0.0,0.0,0.0,2.96
2024-09-13T23:00,30.7,83,0.0,0.0,0.0,4.50
2024-09-14T00:00,30.3,86,0.0,0.0,0.0,4.26
2024-09-14T01:00,29.8,90,0.0,0.0,0.0,3.71
2024-09-14T02:00,29.3,93,0.0,0.0,0.0,3.01
2024-09-14T03:00,29.0,95,0.0,0.0,0.0,2.31
2024-09-14T04:00,30.4,94,0.0,0.0,0.0,2.92
2024-09-14T05:00,30.3,93,0.0,0.0,0.0,3.11
2024-09-14T06:00,30.1,94,0.0,0.0,0.0,3.35
2024-09-14T07:00,30.5,91,29.0,51.0,23.0,4.53
2024-09-14T08:00,31.5,85,140.0,135.1,99.0,5.31
2024-09-14T09:00,33.1,73,325.0,262.3,188.0,5.26
2024-09-14T10:00,34.3,65,484.0,315.6,261.0,5.41
2024-09-14T11:00,35.0,64,598.0,306.8,339.0,6.93
2024-09-14T12:00,34.6,67,697.0,364.0,360.0,8.51
2024-09-14T13:00,34.6,66,828.0,603.9,257.0,8.02
2024-09-14T14:00,34.2,68,781.0,598.6,241.0,7.00
2024-09-14T15:00,34.4,64,673.0,581.0,209.0,5.63
2024-09-14T16:00,33.5,66,508.0,510.9,180.0,3.73
2024-09-14T17:00,33.4,65,317.0,410.8,135.0,1.71
2024-09-14T18:00,33.1,65,117.0,199.9,74.0,2.75
2024-09-14T19:00,32.0,69,7.0,13.9,6.0,3.08
2024-09-14T20:00,31.5,72,0.0,0.0,0.0,2.25
2024-09-14T21:00,31.3,74,0.0,0.0,0.0,1.57
2024-09-14T22:00,31.2,76,0.0,0.0,0.0,2.14
2024-09-14T23:00,30.9,80,0.0,0.0,0.0,2.27
2024-09-15T00:00,30.7,82,0.0,0.0,0.0,1.98
2024-09-15T01:00,30.4,84,0.0,0.0,0.0,1.21
2024-09-15T02:00,30.2,85,0.0,0.0,0.0,0.32
2024-09-15T03:00,30.0,86,0.0,0.0,0.0,1.20
2024-09-15T04:00,30.4,85,0.0,0.0,0.0,3.67
2024-09-15T05:00,30.5,85,0.0,0.0,0.0,3.44
2024-09-15T06:00,30.3,87,0.0,0.0,0.0,3.18
2024-09-15T07:00,30.7,85,27.0,25.6,24.0,3.47
2024-09-15T08:00,31.5,80,162.0,185.1,106.0,3.57
2024-09-15T09:00,32.5,74,361.0,335.8,186.0,3.07
2024-09-15T10:00,33.4,70,602.0,594.0,183.0,3.70
2024-09-15T11:00,34.1,65,758.0,659.7,202.0,4.70
2024-09-15T12:00,34.9,58,855.0,698.1,210.0,5.08
2024-09-15T13:00,35.9,50,882.0,710.3,212.0,5.74
2024-09-15T14:00,35.5,53,833.0,695.9,207.0,6.53
2024-09-15T15:00,34.7,58,714.0,657.3,191.0,6.31
2024-09-15T16:00,34.1,62,535.0,571.5,170.0,6.74
2024-09-15T17:00,33.2,69,323.0,434.7,132.0,6.78
2024-09-15T18:00,32.0,78,118.0,213.0,73.0,5.48
2024-09-15T19:00,31.5,78,6.0,14.3,5.0,4.49
2024-09-15T20:00,31.4,78,0.0,0.0,0.0,4.83
2024-09-15T21:00,31.1,79,0.0,0.0,0.0,4.55
2024-09-15T22:00,31.5,69,0.0,0.0,0.0,4.57
2024-09-15T23:00,31.3,66,0.0,0.0,0.0,4.03
2024-09-16T00:00,30.8,67,0.0,0.0,0.0,3.80
2024-09-16T01:00,30.3,67,0.0,0.0,0.0,3.30
2024-09-16T02:00,29.3,71,0.0,0.0,0.0,2.81
2024-09-16T03:00,28.6,77,0.0,0.0,0.0,2.77
2024-09-16T04:00,29.7,82,0.0,0.0,0.0,3.08
2024-09-16T05:00,29.7,85,0.0,0.0,0.0,3.44
2024-09-16T06:00,29.7,89,0.0,0.0,0.0,3.89
2024-09-16T07:00,30.4,86,25.0,34.2,21.0,4.39
2024-09-16T08:00,31.7,79,160.0,179.0,106.0,4.34
2024-09-16T09:00,32.6,73,343.0,309.6,182.0,3.18
2024-09-16T10:00,33.6,67,591.0,579.4,183.0,3.62
2024-09-16T11:00,34.3,64,749.0,644.3,207.0,5.25
2024-09-16T12:00,34.7,62,852.0,698.4,208.0,6.98
2024-09-16T13:00,35.1,58,875.0,704.5,212.0,7.82
2024-09-16T14:00,35.3,55,825.0,691.3,205.0,8.25
2024-09-16T15:00,34.8,57,699.0,637.1,194.0,8.75
2024-09-16T16:00,33.9,62,528.0,560.3,172.0,8.71
2024-09-16T17:00,33.3,63,319.0,431.5,131.0,8.28
2024-09-16T18:00,32.3,70,115.0,212.1,71.0,7.68
2024-09-16T19:00,32.0,70,6.0,0.0,6.0,7.03
2024-09-16T20:00,31.5,75,0.0,0.0,0.0,6.56
2024-09-16T21:00,31.2,74,0.0,0.0,0.0,6.32
2024-09-16T22:00,30.7,78,0.0,0.0,0.0,5.46
2024-09-16T23:00,30.4,77,0.0,0.0,0.0,4.83
2024-09-17T00:00,30.5,72,0.0,0.0,0.0,4.92
2024-09-17T01:00,30.6,68,0.0,0.0,0.0,5.30
2024-09-17T02:00,30.5,66,0.0,0.0,0.0,3.72
2024-09-17T03:00,30.5,63,0.0,0.0,0.0,3.00
2024-09-17T04:00,30.7,72,0.0,0.0,0.0,3.88
2024-09-17T05:00,30.7,77,0.0,0.0,0.0,3.85
2024-09-17T06:00,30.5,80,0.0,0.0,0.0,4.44
2024-09-17T07:00,30.8,82,26.0,25.8,23.0,3.67
2024-09-17T08:00,31.9,74,186.0,282.7,101.0,3.92
2024-09-17T09:00,33.0,68,399.0,477.9,151.0,5.44
2024-09-17T10:00,33.6,67,604.0,604.7,179.0,6.58
2024-09-17T11:00,34.2,62,744.0,630.0,215.0,7.22
2024-09-17T12:00,34.6,59,821.0,623.8,247.0,8.30
2024-09-17T13:00,34.8,58,844.0,633.8,249.0,9.25
2024-09-17T14:00,34.9,57,828.0,695.6,206.0,9.96
2024-09-17T15:00,34.5,58,708.0,653.6,192.0,10.32
2024-09-17T16:00,34.3,60,528.0,572.9,166.0,8.15
2024-09-17T17:00,34.3,57,312.0,421.3,130.0,6.89
2024-09-17T18:00,33.0,64,111.0,201.5,70.0,7.85
2024-09-17T19:00,32.0,72,5.0,0.0,5.0,7.20
2024-09-17T20:00,31.5,75,0.0,0.0,0.0,6.26
2024-09-17T21:00,31.4,72,0.0,0.0,0.0,5.10
2024-09-17T22:00,31.3,72,0.0,0.0,0.0,5.40
2024-09-17T23:00,31.2,73,0.0,0.0,0.0,5.40
2024-09-18T00:00,30.6,75,0.0,0.0,0.0,5.20
2024-09-18T01:00,30.1,76,0.0,0.0,0.0,4.93
2024-09-18T02:00,30.0,76,0.0,0.0,0.0,3.80
2024-09-18T03:00,29.3,78,0.0,0.0,0.0,2.84
2024-09-18T04:00,30.4,85,0.0,0.0,0.0,3.04
2024-09-18T05:00,29.6,90,0.0,0.0,0.0,2.01
2024-09-18T06:00,29.4,90,0.0,0.0,0.0,2.73
2024-09-18T07:00,30.6,83,28.0,43.2,23.0,4.90
2024-09-18T08:00,32.1,72,158.0,176.9,105.0,5.80
2024-09-18T09:00,32.8,69,326.0,280.0,181.0,4.71
2024-09-18T10:00,33.7,65,553.0,461.9,229.0,4.97
2024-09-18T11:00,34.5,60,749.0,655.1,200.0,4.80
2024-09-18T12:00,34.7,62,827.0,657.9,223.0,6.26
2024-09-18T13:00,34.7,61,851.0,654.7,238.0,7.53
2024-09-18T14:00,34.5,61,814.0,676.5,211.0,7.22
2024-09-18T15:00,34.4,60,698.0,646.0,190.0,6.38
2024-09-18T16:00,33.8,63,516.0,555.4,167.0,5.46
2024-09-18T17:00,33.4,65,309.0,420.3,129.0,5.02
2024-09-18T18:00,32.7,69,104.0,175.4,69.0,5.10
2024-09-18T19:00,31.8,76,5.0,0.0,5.0,5.55
2024-09-18T20:00,31.6,75,0.0,0.0,0.0,4.05
2024-09-18T21:00,31.2,77,0.0,0.0,0.0,4.25
2024-09-18T22:00,30.8,79,0.0,0.0,0.0,3.28
2024-09-18T23:00,30.5,78,0.0,0.0,0.0,3.14
2024-09-19T00:00,30.3,78,0.0,0.0,0.0,3.16
2024-09-19T01:00,30.0,77,0.0,0.0,0.0,3.81
2024-09-19T02:00,29.7,76,0.0,0.0,0.0,3.49
2024-09-19T03:00,29.2,78,0.0,0.0,0.0,3.26
2024-09-19T04:00,29.9,72,0.0,0.0,0.0,3.50
2024-09-19T05:00,30.5,72,0.0,0.0,0.0,1.00
2024-09-19T06:00,28.8,81,0.0,0.0,0.0,2.80
2024-09-19T07:00,30.2,77,29.0,52.0,23.0,3.12
2024-09-19T08:00,32.2,65,186.0,291.4,99.0,3.68
2024-09-19T09:00,33.4,55,396.0,472.2,152.0,3.35
2024-09-19T10:00,34.2,51,600.0,604.2,177.0,3.30
2024-09-19T11:00,34.6,52,757.0,670.8,196.0,4.88
2024-09-19T12:00,34.5,54,852.0,705.2,206.0,6.18
2024-09-19T13:00,34.5,52,873.0,712.1,208.0,6.05
2024-09-19T14:00,34.6,52,820.0,694.4,203.0,4.96
2024-09-19T15:00,34.0,56,698.0,651.2,188.0,5.43
2024-09-19T16:00,33.5,60,519.0,566.5,165.0,6.53
2024-09-19T17:00,33.1,61,309.0,431.1,126.0,6.21
2024-09-19T18:00,32.1,68,105.0,194.2,67.0,6.44
2024-09-19T19:00,31.4,72,4.0,0.0,4.0,5.88
2024-09-19T20:00,31.0,76,0.0,0.0,0.0,6.02
2024-09-19T21:00,30.7,79,0.0,0.0,0.0,5.50
2024-09-19T22:00,30.4,80,0.0,0.0,0.0,5.12
2024-09-19T23:00,30.0,81,0.0,0.0,0.0,5.49
2024-09-20T00:00,29.8,82,0.0,0.0,0.0,5.02
2024-09-20T01:00,29.6,81,0.0,0.0,0.0,3.42
2024-09-20T02:00,29.4,81,0.0,0.0,0.0,3.10
2024-09-20T03:00,28.9,84,0.0,0.0,0.0,3.96
2024-09-20T04:00,29.5,82,0.0,0.0,0.0,5.02
2024-09-20T05:00,29.0,87,0.0,0.0,0.0,3.52
2024-09-20T06:00,28.2,91,0.0,0.0,0.0,2.79
2024-09-20T07:00,28.6,87,29.0,52.2,23.0,2.78
2024-09-20T08:00,30.2,79,189.0,305.8,98.0,3.30
2024-09-20T09:00,31.9,69,398.0,475.3,153.0,3.76
2024-09-20T10:00,33.4,61,603.0,602.6,182.0,3.84
2024-09-20T11:00,33.9,62,754.0,655.4,207.0,5.56
2024-09-20T12:00,34.1,60,841.0,668.5,230.0,6.48
2024-09-20T13:00,34.1,61,722.0,416.6,334.0,6.04
2024-09-20T14:00,34.1,60,713.0,474.2,293.0,4.14
2024-09-20T15:00,34.2,59,593.0,451.3,241.0,4.85
2024-09-20T16:00,33.4,66,435.0,365.3,208.0,3.47
2024-09-20T17:00,33.3,64,279.0,335.1,138.0,5.11
2024-09-20T18:00,31.9,73,98.0,156.5,68.0,4.66
2024-09-20T19:00,31.4,77,4.0,0.0,4.0,3.28
2024-09-20T20:00,31.1,79,0.0,0.0,0.0,3.97
2024-09-20T21:00,30.7,83,0.0,0.0,0.0,2.40
2024-09-20T22:00,30.2,87,0.0,0.0,0.0,3.05
2024-09-20T23:00,29.7,91,0.0,0.0,0.0,3.20
2024-09-21T00:00,29.2,92,0.0,0.0,0.0,3.35
2024-09-21T01:00,28.9,92,0.0,0.0,0.0,3.49
2024-09-21T02:00,28.3,94,0.0,0.0,0.0,2.81
2024-09-21T03:00,27.3,97,0.0,0.0,0.0,2.00
2024-09-21T04:00,28.1,96,0.0,0.0,0.0,2.20
2024-09-21T05:00,28.0,98,0.0,0.0,0.0,3.00
2024-09-21T06:00,27.5,99,0.0,0.0,0.0,2.82
2024-09-21T07:00,27.7,97,28.0,43.7,23.0,1.43
2024-09-21T08:00,28.2,94,169.0,205.8,108.0,1.39
2024-09-21T09:00,30.4,76,400.0,468.6,159.0,1.02
2024-09-21T10:00,32.9,64,597.0,582.3,191.0,2.33
2024-09-21T11:00,34.2,60,757.0,660.4,207.0,5.12
2024-09-21T12:00,34.8,57,856.0,712.8,206.0,6.34
2024-09-21T13:00,34.8,56,875.0,719.1,207.0,6.54
2024-09-21T14:00,35.0,55,835.0,724.9,195.0,6.10
2024-09-21T15:00,34.3,57,681.0,609.0,208.0,5.52
2024-09-21T16:00,34.1,57,518.0,564.9,169.0,5.66
2024-09-21T17:00,32.4,71,295.0,386.1,134.0,6.10
2024-09-21T18:00,32.1,71,101.0,186.4,66.0,3.84
2024-09-21T19:00,31.3,77,3.0,0.0,3.0,3.72
2024-09-21T20:00,31.0,79,0.0,0.0,0.0,1.91
2024-09-21T21:00,30.8,79,0.0,0.0,0.0,1.52
2024-09-21T22:00,30.5,80,0.0,0.0,0.0,1.39
2024-09-21T23:00,29.9,83,0.0,0.0,0.0,0.73
2024-09-22T00:00,29.9,83,0.0,0.0,0.0,0.40
2024-09-22T01:00,29.6,85,0.0,0.0,0.0,0.40
2024-09-22T02:00,28.4,91,0.0,0.0,0.0,1.17
2024-09-22T03:00,27.8,94,0.0,0.0,0.0,1.53
2024-09-22T04:00,28.1,92,0.0,0.0,0.0,1.30
2024-09-22T05:00,27.7,93,0.0,0.0,0.0,1.53
2024-09-22T06:00,27.7,93,0.0,0.0,0.0,2.56
2024-09-22T07:00,28.5,90,28.0,52.7,22.0,2.90
2024-09-22T08:00,30.4,80,187.0,304.7,97.0,3.11
2024-09-22T09:00,31.8,74,401.0,499.0,145.0,3.28
2024-09-22T10:00,32.6,70,599.0,606.6,177.0,3.98
2024-09-22T11:00,33.2,67,753.0,671.5,195.0,4.75
2024-09-22T12:00,33.7,63,843.0,699.1,207.0,4.90
2024-09-22T13:00,34.2,60,866.0,712.5,206.0,4.94
2024-09-22T14:00,34.0,61,829.0,720.5,195.0,3.40
2024-09-22T15:00,34.3,59,674.0,625.8,190.0,5.25
2024-09-22T16:00,34.0,60,512.0,569.8,162.0,5.79
2024-09-22T17:00,33.0,64,290.0,399.4,125.0,5.14
2024-09-22T18:00,31.8,74,98.0,190.3,63.0,4.79
2024-09-22T19:00,31.4,77,3.0,0.0,3.0,4.10
2024-09-22T20:00,31.1,79,0.0,0.0,0.0,3.72
2024-09-22T21:00,30.8,80,0.0,0.0,0.0,4.74
2024-09-22T22:00,30.5,81,0.0,0.0,0.0,4.33
2024-09-22T23:00,30.1,83,0.0,0.0,0.0,3.83
2024-09-23T00:00,29.5,85,0.0,0.0,0.0,3.61
2024-09-23T01:00,29.0,87,0.0,0.0,0.0,3.42
2024-09-23T02:00,28.4,90,0.0,0.0,0.0,3.16
2024-09-23T03:00,28.2,91,0.0,0.0,0.0,3.07
2024-09-23T04:00,28.7,92,0.0,0.0,0.0,2.66
2024-09-23T05:00,28.8,91,0.0,0.0,0.0,3.57
2024-09-23T06:00,28.9,89,0.0,0.0,0.0,4.33
2024-09-23T07:00,29.6,83,28.0,53.0,22.0,4.30
2024-09-23T08:00,31.3,71,187.0,309.3,96.0,4.55
2024-09-23T09:00,33.1,57,401.0,502.2,144.0,5.01
2024-09-23T10:00,34.5,50,602.0,618.0,173.0,5.42
2024-09-23T11:00,35.2,48,759.0,682.6,193.0,6.87
2024-09-23T12:00,34.8,52,853.0,717.4,202.0,8.03
2024-09-23T13:00,34.4,55,874.0,725.3,204.0,8.63
2024-09-23T14:00,34.2,55,819.0,708.2,198.0,8.94
2024-09-23T15:00,33.9,56,696.0,663.5,185.0,8.17
2024-09-23T16:00,33.6,59,510.0,571.5,161.0,6.58
2024-09-23T17:00,32.9,62,293.0,412.9,124.0,6.51
2024-09-23T18:00,32.1,68,95.0,188.9,61.0,6.97
2024-09-23T19:00,31.5,71,3.0,0.0,3.0,6.19
2024-09-23T20:00,31.1,73,0.0,0.0,0.0,4.97
2024-09-23T21:00,30.7,76,0.0,0.0,0.0,5.73
2024-09-23T22:00,30.4,73,0.0,0.0,0.0,5.79
2024-09-23T23:00,29.9,74,0.0,0.0,0.0,5.41
2024-09-24T00:00,29.4,73,0.0,0.0,0.0,4.82
2024-09-24T01:00,28.9,72,0.0,0.0,0.0,3.73
2024-09-24T02:00,28.0,74,0.0,0.0,0.0,2.77
2024-09-24T03:00,27.4,76,0.0,0.0,0.0,2.61
2024-09-24T04:00,28.7,82,0.0,0.0,0.0,3.45
2024-09-24T05:00,28.6,88,0.0,0.0,0.0,4.09
2024-09-24T06:00,28.7,87,0.0,0.0,0.0,5.25
2024-09-24T07:00,29.1,82,28.0,53.2,22.0,4.52
2024-09-24T08:00,30.6,70,188.0,313.9,96.0,4.32
2024-09-24T09:00,32.3,60,403.0,509.4,143.0,5.63
2024-09-24T10:00,33.5,55,606.0,623.8,174.0,6.04
2024-09-24T11:00,34.1,55,763.0,690.2,192.0,7.30
2024-09-24T12:00,34.1,57,856.0,723.6,201.0,8.00
2024-09-24T13:00,33.9,58,875.0,729.6,203.0,8.23
2024-09-24T14:00,33.6,59,819.0,712.9,196.0,8.35
2024-09-24T15:00,33.3,62,694.0,666.4,183.0,8.35
2024-09-24T16:00,32.6,68,497.0,550.2,163.0,7.31
2024-09-24T17:00,31.7,71,289.0,406.9,124.0,6.93
2024-09-24T18:00,31.3,71,94.0,193.1,60.0,6.19
2024-09-24T19:00,30.8,75,2.0,0.0,2.0,5.46
2024-09-24T20:00,30.6,75,0.0,0.0,0.0,4.44
2024-09-24T21:00,30.1,77,0.0,0.0,0.0,4.61
2024-09-24T22:00,29.7,78,0.0,0.0,0.0,5.38
2024-09-24T23:00,29.3,79,0.0,0.0,0.0,5.22
2024-09-25T00:00,28.5,82,0.0,0.0,0.0,4.40
2024-09-25T01:00,27.8,85,0.0,0.0,0.0,2.92
2024-09-25T02:00,26.9,88,0.0,0.0,0.0,2.33
2024-09-25T03:00,26.6,87,0.0,0.0,0.0,2.62
2024-09-25T04:00,27.1,86,0.0,0.0,0.0,2.24
2024-09-25T05:00,27.0,84,0.0,0.0,0.0,2.47
2024-09-25T06:00,26.9,88,0.0,0.0,0.0,2.89
2024-09-25T07:00,27.8,87,28.0,53.5,22.0,3.47
2024-09-25T08:00,29.6,79,187.0,311.7,96.0,3.44
2024-09-25T09:00,31.7,66,402.0,510.8,142.0,5.10
2024-09-25T10:00,33.1,60,604.0,625.2,172.0,6.19
2024-09-25T11:00,33.9,57,762.0,693.1,190.0,7.71
2024-09-25T12:00,34.2,55,854.0,725.5,199.0,8.60
2024-09-25T13:00,34.0,58,873.0,731.7,201.0,8.57
2024-09-25T14:00,33.7,60,817.0,714.2,195.0,8.42
2024-09-25T15:00,33.5,62,683.0,652.3,185.0,8.92
2024-09-25T16:00,32.7,69,488.0,535.3,165.0,8.00
2024-09-25T17:00,32.1,72,284.0,403.2,122.0,6.44
2024-09-25T18:00,31.6,73,91.0,185.8,59.0,6.18
2024-09-25T19:00,31.2,75,2.0,0.0,2.0,5.49
2024-09-25T20:00,31.1,75,0.0,0.0,0.0,3.81
2024-09-25T21:00,30.7,76,0.0,0.0,0.0,3.21
2024-09-25T22:00,30.0,76,0.0,0.0,0.0,3.16
2024-09-25T23:00,29.5,77,0.0,0.0,0.0,3.91
2024-09-26T00:00,28.9,82,0.0,0.0,0.0,3.11
2024-09-26T01:00,28.3,86,0.0,0.0,0.0,3.34
2024-09-26T02:00,28.0,89,0.0,0.0,0.0,3.81
2024-09-26T03:00,27.7,90,0.0,0.0,0.0,3.91
2024-09-26T04:00,28.0,92,0.0,0.0,0.0,4.12
2024-09-26T05:00,27.8,92,0.0,0.0,0.0,4.40
2024-09-26T06:00,27.7,92,0.0,0.0,0.0,4.55
2024-09-26T07:00,28.0,91,28.0,53.8,22.0,4.40
2024-09-26T08:00,29.5,84,190.0,323.4,96.0,4.94
2024-09-26T09:00,32.3,69,410.0,528.0,142.0,5.77
2024-09-26T10:00,35.5,51,618.0,647.1,172.0,6.11
2024-09-26T11:00,37.8,43,779.0,715.4,190.0,6.20
2024-09-26T12:00,38.0,46,874.0,747.3,201.0,8.05
2024-09-26T13:00,37.1,47,894.0,754.6,203.0,9.82
2024-09-26T14:00,35.7,58,834.0,735.2,196.0,8.59
2024-09-26T15:00,35.3,57,696.0,678.9,180.0,6.15
2024-09-26T16:00,34.3,64,509.0,586.8,157.0,3.90
2024-09-26T17:00,33.2,68,293.0,434.7,120.0,3.56
2024-09-26T18:00,33.3,62,92.0,201.7,58.0,3.27
2024-09-26T19:00,32.6,64,2.0,0.0,2.0,1.20
2024-09-26T20:00,32.0,67,0.0,0.0,0.0,1.46
2024-09-26T21:00,31.4,70,0.0,0.0,0.0,0.32
2024-09-26T22:00,30.6,72,0.0,0.0,0.0,2.07
2024-09-26T23:00,29.6,78,0.0,0.0,0.0,1.81
2024-09-27T00:00,29.4,82,0.0,0.0,0.0,3.05
2024-09-27T01:00,29.3,81,0.0,0.0,0.0,4.00
2024-09-27T02:00,29.2,82,0.0,0.0,0.0,4.29
2024-09-27T03:00,28.2,89,0.0,0.0,0.0,3.11
2024-09-27T04:00,28.4,92,0.0,0.0,0.0,2.78
2024-09-27T05:00,28.0,93,0.0,0.0,0.0,2.80
2024-09-27T06:00,28.0,95,0.0,0.0,0.0,2.96
2024-09-27T07:00,28.7,96,27.0,54.1,21.0,2.41
2024-09-27T08:00,30.1,89,187.0,321.3,94.0,2.10
2024-09-27T09:00,31.8,76,404.0,521.6,140.0,1.88
2024-09-27T10:00,33.5,66,609.0,638.5,170.0,2.52
2024-09-27T11:00,34.7,63,762.0,698.9,188.0,4.25
2024-09-27T12:00,35.3,62,853.0,730.4,197.0,5.73
2024-09-27T13:00,35.4,56,870.0,735.0,199.0,6.68
2024-09-27T14:00,34.9,60,814.0,718.1,193.0,7.05
2024-09-27T15:00,34.0,67,684.0,664.7,181.0,5.46
2024-09-27T16:00,33.8,63,504.0,583.7,156.0,5.20
2024-09-27T17:00,33.2,67,287.0,426.1,119.0,4.88
2024-09-27T18:00,32.0,79,88.0,192.0,56.0,2.37
2024-09-27T19:00,31.8,80,1.0,0.0,1.0,1.84
2024-09-27T20:00,31.3,82,0.0,0.0,0.0,2.68
2024-09-27T21:00,31.3,79,0.0,0.0,0.0,0.96
2024-09-27T22:00,30.1,90,0.0,0.0,0.0,2.33
2024-09-27T23:00,29.0,94,0.0,0.0,0.0,1.06
2024-09-28T00:00,28.8,96,0.0,0.0,0.0,2.51
2024-09-28T01:00,28.6,96,0.0,0.0,0.0,2.65
2024-09-28T02:00,27.7,98,0.0,0.0,0.0,1.41
2024-09-28T03:00,26.7,99,0.0,0.0,0.0,1.93
2024-09-28T04:00,27.8,97,0.0,0.0,0.0,2.29
2024-09-28T05:00,27.8,95,0.0,0.0,0.0,2.57
2024-09-28T06:00,27.3,93,0.0,0.0,0.0,2.46
2024-09-28T07:00,28.0,86,27.0,54.4,21.0,2.20
2024-09-28T08:00,30.3,72,186.0,322.8,93.0,1.87
2024-09-28T09:00,32.4,62,403.0,521.2,140.0,0.52
2024-09-28T10:00,34.5,53,607.0,638.7,169.0,1.35
2024-09-28T11:00,35.7,52,763.0,704.4,186.0,3.32
2024-09-28T12:00,35.7,54,855.0,735.7,196.0,5.00
2024-09-28T13:00,36.4,47,872.0,741.6,197.0,5.18
2024-09-28T14:00,35.9,55,811.0,719.6,191.0,5.51
2024-09-28T15:00,35.1,61,683.0,670.4,178.0,5.93
2024-09-28T16:00,34.2,62,482.0,545.0,159.0,4.08
2024-09-28T17:00,34.0,62,275.0,409.7,115.0,4.77
2024-09-28T18:00,32.7,69,85.0,182.1,55.0,3.54
2024-09-28T19:00,32.3,69,1.0,0.0,1.0,3.71
2024-09-28T20:00,31.9,72,0.0,0.0,0.0,0.99
2024-09-28T21:00,31.7,70,0.0,0.0,0.0,1.22
2024-09-28T22:00,31.0,72,0.0,0.0,0.0,1.68
2024-09-28T23:00,30.3,77,0.0,0.0,0.0,2.26
2024-09-29T00:00,29.7,82,0.0,0.0,0.0,2.69
2024-09-29T01:00,29.4,87,0.0,0.0,0.0,3.12
2024-09-29T02:00,29.3,87,0.0,0.0,0.0,3.29
2024-09-29T03:00,28.7,86,0.0,0.0,0.0,3.01
2024-09-29T04:00,29.3,79,0.0,0.0,0.0,3.26
2024-09-29T05:00,28.7,76,0.0,0.0,0.0,3.04
2024-09-29T06:00,27.9,74,0.0,0.0,0.0,1.71
2024-09-29T07:00,28.9,65,27.0,54.7,21.0,2.23
2024-09-29T08:00,31.0,55,185.0,324.3,92.0,1.43
2024-09-29T09:00,33.2,51,403.0,524.7,139.0,0.78
2024-09-29T10:00,35.0,48,607.0,641.9,168.0,2.69
2024-09-29T11:00,35.8,49,763.0,707.4,185.0,3.94
2024-09-29T12:00,36.8,45,855.0,738.9,195.0,4.75
2024-09-29T13:00,37.4,43,872.0,745.0,196.0,6.42
2024-09-29T14:00,37.0,42,814.0,726.8,190.0,7.23
2024-09-29T15:00,36.0,49,691.0,689.4,174.0,6.73
2024-09-29T16:00,34.9,57,481.0,561.9,150.0,6.22
2024-09-29T17:00,34.0,60,272.0,405.8,115.0,5.98
2024-09-29T18:00,32.7,66,81.0,178.1,52.0,4.22
2024-09-29T19:00,32.3,67,1.0,0.0,1.0,1.25
2024-09-29T20:00,32.1,67,0.0,0.0,0.0,1.48
2024-09-29T21:00,31.5,69,0.0,0.0,0.0,1.11
2024-09-29T22:00,30.7,73,0.0,0.0,0.0,1.55
2024-09-29T23:00,30.5,75,0.0,0.0,0.0,3.22
2024-09-30T00:00,30.2,73,0.0,0.0,0.0,3.58
2024-09-30T01:00,30.0,70,0.0,0.0,0.0,3.75
2024-09-30T02:00,29.0,77,0.0,0.0,0.0,1.51
2024-09-30T03:00,28.3,77,0.0,0.0,0.0,1.66
2024-09-30T04:00,29.1,78,0.0,0.0,0.0,1.17
2024-09-30T05:00,28.0,85,0.0,0.0,0.0,1.66
2024-09-30T06:00,27.8,89,0.0,0.0,0.0,2.66
2024-09-30T07:00,29.8,82,26.0,55.0,20.0,3.68
2024-09-30T08:00,32.4,65,182.0,318.8,91.0,4.35
2024-09-30T09:00,33.4,60,396.0,514.4,138.0,3.31
2024-09-30T10:00,34.0,58,594.0,626.0,167.0,2.73
2024-09-30T11:00,34.7,55,746.0,687.2,186.0,3.60
2024-09-30T12:00,35.0,53,836.0,720.8,194.0,4.60
2024-09-30T13:00,35.0,50,852.0,726.3,195.0,5.35
2024-09-30T14:00,35.0,50,795.0,708.5,189.0,5.52
2024-09-30T15:00,34.3,54,670.0,664.4,174.0,5.31
2024-09-30T16:00,34.2,52,491.0,579.0,152.0,5.22
2024-09-30T17:00,33.2,56,277.0,422.8,115.0,4.99
2024-09-30T18:00,32.4,61,81.0,180.2,52.0,5.04
2024-09-30T19:00,31.5,68,1.0,0.0,1.0,4.95
2024-09-30T20:00,31.1,71,0.0,0.0,0.0,4.94
2024-09-30T21:00,31.0,70,0.0,0.0,0.0,4.72
2024-09-30T22:00,30.9,69,0.0,0.0,0.0,3.88
2024-09-30T23:00,30.7,68,0.0,0.0,0.0,3.11
2024-10-01T00:00,30.4,68,0.0,0.0,0.0,2.99
2024-10-01T01:00,29.9,71,0.0,0.0,0.0,3.35
2024-10-01T02:00,29.7,71,0.0,0.0,0.0,3.05
2024-10-01T03:00,29.0,73,0.0,0.0,0.0,1.83
2024-10-01T04:00,27.5,79,0.0,0.0,0.0,2.18
2024-10-01T05:00,27.3,81,0.0,0.0,0.0,2.83
2024-10-01T06:00,27.2,83,0.0,0.0,0.0,2.93
2024-10-01T07:00,28.0,78,24.0,36.9,20.0,2.58
2024-10-01T08:00,29.9,67,163.0,225.3,99.0,2.32
2024-10-01T09:00,31.8,58,325.0,310.1,170.0,2.95
2024-10-01T10:00,33.7,46,488.0,363.1,241.0,3.81
2024-10-01T11:00,35.0,42,712.0,569.8,249.0,4.85
2024-10-01T12:00,34.8,49,753.0,537.1,276.0,6.12
2024-10-01T13:00,34.6,52,854.0,724.2,201.0,7.27
2024-10-01T14:00,34.6,48,800.0,714.6,191.0,7.97
2024-10-01T15:00,34.3,48,673.0,671.5,174.0,7.85
2024-10-01T16:00,35.0,39,494.0,587.8,152.0,6.93
2024-10-01T17:00,34.1,45,279.0,434.9,114.0,6.32
2024-10-01T18:00,32.7,54,80.0,182.4,51.0,6.07
2024-10-01T19:00,32.0,56,1.0,0.0,1.0,5.68
2024-10-01T20:00,31.6,56,0.0,0.0,0.0,5.49
2024-10-01T21:00,30.9,57,0.0,0.0,0.0,4.94
2024-10-01T22:00,30.1,62,0.0,0.0,0.0,4.66
2024-10-01T23:00,29.5,64,0.0,0.0,0.0,4.87
2024-10-02T00:00,29.3,62,0.0,0.0,0.0,4.62
2024-10-02T01:00,29.0,63,0.0,0.0,0.0,4.95
2024-10-02T02:00,28.7,65,0.0,0.0,0.0,4.40
2024-10-02T03:00,28.8,60,0.0,0.0,0.0,4.08
2024-10-02T04:00,29.3,57,0.0,0.0,0.0,3.52
2024-10-02T05:00,29.1,51,0.0,0.0,0.0,3.55
2024-10-02T06:00,28.7,51,0.0,0.0,0.0,3.87
2024-10-02T07:00,28.9,50,25.0,46.4,20.0,3.34
2024-10-02T08:00,30.9,43,185.0,325.5,93.0,3.53
2024-10-02T09:00,33.2,33,403.0,529.8,139.0,4.63
2024-10-02T10:00,34.4,33,602.0,634.0,172.0,5.56
2024-10-02T11:00,34.4,43,758.0,700.9,190.0,5.76
2024-10-02T12:00,34.3,49,842.0,725.0,200.0,6.42
2024-10-02T13:00,34.4,50,861.0,742.2,194.0,6.74
2024-10-02T14:00,34.3,51,799.0,719.7,188.0,6.96
2024-10-02T15:00,33.6,57,671.0,672.0,174.0,6.85
2024-10-02T16:00,33.0,59,487.0,582.9,150.0,6.02
2024-10-02T17:00,32.3,63,272.0,423.3,113.0,5.60
2024-10-02T18:00,31.2,68,77.0,171.9,50.0,5.52
2024-10-02T19:00,30.7,72,0.0,0.0,0.0,4.97
2024-10-02T20:00,30.5,72,0.0,0.0,0.0,4.91
2024-10-02T21:00,30.3,70,0.0,0.0,0.0,4.51
2024-10-02T22:00,29.9,67,0.0,0.0,0.0,4.38
2024-10-02T23:00,29.3,67,0.0,0.0,0.0,3.75
2024-10-03T00:00,28.9,69,0.0,0.0,0.0,4.26
2024-10-03T01:00,28.8,65,0.0,0.0,0.0,3.95
2024-10-03T02:00,29.0,62,0.0,0.0,0.0,4.09
2024-10-03T03:00,28.5,65,0.0,0.0,0.0,4.38
2024-10-03T04:00,27.9,63,0.0,0.0,0.0,3.37
2024-10-03T05:00,27.3,66,0.0,0.0,0.0,3.05
2024-10-03T06:00,26.3,73,0.0,0.0,0.0,2.45
2024-10-03T07:00,27.2,70,25.0,56.0,19.0,1.96
2024-10-03T08:00,29.5,63,183.0,327.1,91.0,1.69
2024-10-03T09:00,31.5,62,399.0,527.6,137.0,2.44
2024-10-03T10:00,33.3,55,599.0,641.7,165.0,4.56
2024-10-03T11:00,34.3,52,754.0,706.6,183.0,6.10
2024-10-03T12:00,34.5,51,842.0,737.3,191.0,6.21
2024-10-03T13:00,34.4,52,856.0,741.3,192.0,6.40
2024-10-03T14:00,34.0,55,795.0,720.2,186.0,6.73
2024-10-03T15:00,33.6,58,668.0,672.5,173.0,6.44
2024-10-03T16:00,33.0,61,478.0,572.7,149.0,6.11
2024-10-03T17:00,32.0,64,266.0,414.2,112.0,5.94
2024-10-03T18:00,31.2,67,73.0,167.6,47.0,5.49
2024-10-03T19:00,30.9,71,0.0,0.0,0.0,5.84
2024-10-03T20:00,30.7,71,0.0,0.0,0.0,5.68
2024-10-03T21:00,30.3,70,0.0,0.0,0.0,4.82
2024-10-03T22:00,29.8,71,0.0,0.0,0.0,4.55
2024-10-03T23:00,29.4,69,0.0,0.0,0.0,4.58
2024-10-04T00:00,29.1,68,0.0,0.0,0.0,4.43
2024-10-04T01:00,28.6,69,0.0,0.0,0.0,4.04
2024-10-04T02:00,27.8,72,0.0,0.0,0.0,3.30
2024-10-04T03:00,27.3,73,0.0,0.0,0.0,3.22
2024-10-04T04:00,27.7,73,0.0,0.0,0.0,3.27
2024-10-04T05:00,27.4,75,0.0,0.0,0.0,3.46
2024-10-04T06:00,27.0,75,0.0,0.0,0.0,3.35
2024-10-04T07:00,27.7,75,25.0,47.0,20.0,3.44
2024-10-04T08:00,29.8,72,181.0,321.7,91.0,3.44
2024-10-04T09:00,31.8,61,398.0,527.4,137.0,4.81
2024-10-04T10:00,33.6,51,598.0,643.7,164.0,5.45
2024-10-04T11:00,34.4,49,752.0,708.7,181.0,5.94
2024-10-04T12:00,34.2,53,842.0,739.6,191.0,6.77
2024-10-04T13:00,33.9,55,856.0,745.0,191.0,7.31
2024-10-04T14:00,33.8,55,794.0,723.0,185.0,7.31
2024-10-04T15:00,33.4,58,666.0,675.8,171.0,6.92
2024-10-04T16:00,32.7,61,481.0,583.5,148.0,6.16
2024-10-04T17:00,31.9,62,267.0,421.1,112.0,5.19
2024-10-04T18:00,31.0,70,72.0,169.7,46.0,3.76
2024-10-04T19:00,30.7,71,0.0,0.0,0.0,4.63
2024-10-04T20:00,30.4,72,0.0,0.0,0.0,4.81
2024-10-04T21:00,30.0,72,0.0,0.0,0.0,3.93
2024-10-04T22:00,29.2,76,0.0,0.0,0.0,3.54
2024-10-04T23:00,28.6,79,0.0,0.0,0.0,3.80
2024-10-05T00:00,28.1,81,0.0,0.0,0.0,3.96
2024-10-05T01:00,27.6,82,0.0,0.0,0.0,3.42
2024-10-05T02:00,27.1,82,0.0,0.0,0.0,3.19
2024-10-05T03:00,27.2,80,0.0,0.0,0.0,3.09
2024-10-05T04:00,28.2,83,0.0,0.0,0.0,2.10
2024-10-05T05:00,27.2,85,0.0,0.0,0.0,1.67
2024-10-05T06:00,26.3,87,0.0,0.0,0.0,1.70
2024-10-05T07:00,27.2,79,24.0,47.3,19.0,2.01
2024-10-05T08:00,29.1,70,180.0,327.0,89.0,1.47
2024-10-05T09:00,31.0,64,395.0,527.2,135.0,0.96
2024-10-05T10:00,32.8,56,595.0,642.6,163.0,2.55
2024-10-05T11:00,33.6,57,748.0,707.1,180.0,4.70
2024-10-05T12:00,33.9,57,836.0,737.4,189.0,6.23
2024-10-05T13:00,34.2,55,850.0,741.9,190.0,6.91
2024-10-05T14:00,34.1,56,791.0,723.5,184.0,7.38
2024-10-05T15:00,33.7,56,663.0,676.4,170.0,7.66
2024-10-05T16:00,32.8,62,478.0,583.8,147.0,7.15
2024-10-05T17:00,32.2,63,264.0,422.8,110.0,7.02
2024-10-05T18:00,31.3,66,70.0,165.3,45.0,5.67
2024-10-05T19:00,30.9,68,0.0,0.0,0.0,4.12
2024-10-05T20:00,30.6,67,0.0,0.0,0.0,2.85
2024-10-05T21:00,30.4,65,0.0,0.0,0.0,2.71
2024-10-05T22:00,29.8,64,0.0,0.0,0.0,3.00
2024-10-05T23:00,29.2,66,0.0,0.0,0.0,3.41
2024-10-06T00:00,28.5,70,0.0,0.0,0.0,3.68
2024-10-06T01:00,27.9,74,0.0,0.0,0.0,4.28
2024-10-06T02:00,27.4,73,0.0,0.0,0.0,4.40
2024-10-06T03:00,27.1,68,0.0,0.0,0.0,4.56
2024-10-06T04:00,27.0,65,0.0,0.0,0.0,3.40
2024-10-06T05:00,26.4,64,0.0,0.0,0.0,3.31
2024-10-06T06:00,26.0,66,0.0,0.0,0.0,3.29
2024-10-06T07:00,26.5,65,24.0,57.2,18.0,2.62
2024-10-06T08:00,28.9,55,181.0,332.3,89.0,1.51
2024-10-06T09:00,30.8,58,396.0,533.2,134.0,1.92
2024-10-06T10:00,32.0,62,596.0,647.6,162.0,3.25
2024-10-06T11:00,32.8,62,749.0,710.5,180.0,4.11
2024-10-06T12:00,33.2,63,833.0,738.6,187.0,4.70
2024-10-06T13:00,33.6,59,844.0,738.9,189.0,5.18
2024-10-06T14:00,33.7,57,782.0,718.1,182.0,5.22
2024-10-06T15:00,33.5,57,655.0,671.5,168.0,5.71
2024-10-06T16:00,33.7,49,476.0,587.7,145.0,6.12
2024-10-06T17:00,33.1,51,253.0,405.0,107.0,5.34
2024-10-06T18:00,31.8,62,64.0,154.0,41.0,5.43
2024-10-06T19:00,31.0,69,0.0,0.0,0.0,4.92
2024-10-06T20:00,30.8,66,0.0,0.0,0.0,4.65
2024-10-06T21:00,30.5,64,0.0,0.0,0.0,3.97
2024-10-06T22:00,29.9,64,0.0,0.0,0.0,3.46
2024-10-06T23:00,29.1,66,0.0,0.0,0.0,3.51
2024-10-07T00:00,28.3,70,0.0,0.0,0.0,3.50
2024-10-07T01:00,27.7,74,0.0,0.0,0.0,3.86
2024-10-07T02:00,26.8,78,0.0,0.0,0.0,3.01
2024-10-07T03:00,25.8,79,0.0,0.0,0.0,2.39
2024-10-07T04:00,26.5,79,0.0,0.0,0.0,2.89
2024-10-07T05:00,26.2,78,0.0,0.0,0.0,2.98
2024-10-07T06:00,25.7,79,0.0,0.0,0.0,2.82
2024-10-07T07:00,26.7,74,24.0,48.0,19.0,2.55
2024-10-07T08:00,29.1,62,180.0,330.5,89.0,1.55
2024-10-07T09:00,31.3,52,394.0,533.1,133.0,1.30
2024-10-07T10:00,33.0,44,592.0,646.7,160.0,0.22
2024-10-07T11:00,34.3,42,743.0,709.0,177.0,2.28
2024-10-07T12:00,34.4,52,831.0,739.8,186.0,4.27
2024-10-07T13:00,34.0,57,845.0,744.9,187.0,5.99
2024-10-07T14:00,34.0,54,783.0,723.5,181.0,6.28
2024-10-07T15:00,33.8,55,653.0,673.4,167.0,6.30
2024-10-07T16:00,33.5,54,473.0,588.0,144.0,5.95
2024-10-07T17:00,32.6,56,258.0,420.6,108.0,5.40
2024-10-07T18:00,31.8,62,66.0,156.0,43.0,5.01
2024-10-07T19:00,31.1,66,0.0,0.0,0.0,4.74
2024-10-07T20:00,31.2,61,0.0,0.0,0.0,4.63
2024-10-07T21:00,30.7,59,0.0,0.0,0.0,4.06
2024-10-07T22:00,30.0,61,0.0,0.0,0.0,4.41
2024-10-07T23:00,29.3,65,0.0,0.0,0.0,4.84
2024-10-08T00:00,28.7,72,0.0,0.0,0.0,4.59
2024-10-08T01:00,27.8,74,0.0,0.0,0.0,3.62
2024-10-08T02:00,26.2,74,0.0,0.0,0.0,1.99
2024-10-08T03:00,25.9,74,0.0,0.0,0.0,2.39
2024-10-08T04:00,26.4,72,0.0,0.0,0.0,2.10
2024-10-08T05:00,26.2,77,0.0,0.0,0.0,1.87
2024-10-08T06:00,26.4,78,0.0,0.0,0.0,3.09
2024-10-08T07:00,27.0,74,23.0,48.3,18.0,2.80
2024-10-08T08:00,29.2,71,176.0,321.5,88.0,1.35
2024-10-08T09:00,31.1,72,390.0,526.9,133.0,2.65
2024-10-08T10:00,32.7,63,589.0,644.3,160.0,3.61
2024-10-08T11:00,33.5,59,740.0,707.4,177.0,5.06
2024-10-08T12:00,33.6,58,826.0,737.7,185.0,5.32
2024-10-08T13:00,33.6,61,838.0,740.8,186.0,5.86
2024-10-08T14:00,33.3,62,775.0,718.0,180.0,6.40
2024-10-08T15:00,32.9,63,646.0,668.5,166.0,6.67
2024-10-08T16:00,32.8,63,462.0,574.0,143.0,5.84
2024-10-08T17:00,32.0,68,251.0,410.9,106.0,5.10
2024-10-08T18:00,30.9,73,62.0,151.2,40.0,5.05
2024-10-08T19:00,30.5,75,0.0,0.0,0.0,4.11
2024-10-08T20:00,30.2,77,0.0,0.0,0.0,2.98
2024-10-08T21:00,29.9,79,0.0,0.0,0.0,2.30
2024-10-08T22:00,29.3,81,0.0,0.0,0.0,3.05
2024-10-08T23:00,28.8,84,0.0,0.0,0.0,3.00
2024-10-09T00:00,28.1,87,0.0,0.0,0.0,2.75
2024-10-09T01:00,26.9,93,0.0,0.0,0.0,1.90
2024-10-09T02:00,27.0,91,0.0,0.0,0.0,1.30
2024-10-09T03:00,26.0,92,0.0,0.0,0.0,2.15
2024-10-09T04:00,26.5,84,0.0,0.0,0.0,2.34
2024-10-09T05:00,26.2,80,0.0,0.0,0.0,2.34
2024-10-09T06:00,26.1,81,0.0,0.0,0.0,1.32
2024-10-09T07:00,27.0,80,23.0,48.7,18.0,1.84
2024-10-09T08:00,29.7,72,176.0,327.0,87.0,2.62
2024-10-09T09:00,31.2,69,389.0,529.0,132.0,3.75
2024-10-09T10:00,32.5,64,587.0,646.5,158.0,3.29
2024-10-09T11:00,33.3,61,737.0,708.5,175.0,3.97
2024-10-09T12:00,33.4,61,821.0,735.5,184.0,4.41
2024-10-09T13:00,33.5,61,831.0,736.7,185.0,5.21
2024-10-09T14:00,33.3,62,770.0,717.4,178.0,5.56
2024-10-09T15:00,32.9,62,643.0,670.5,164.0,4.49
2024-10-09T16:00,32.2,66,447.0,543.5,147.0,5.20
2024-10-09T17:00,32.2,66,239.0,386.7,104.0,4.92
2024-10-09T18:00,30.9,74,60.0,146.3,39.0,5.45
2024-10-09T19:00,30.7,75,0.0,0.0,0.0,4.03
2024-10-09T20:00,30.4,76,0.0,0.0,0.0,3.55
2024-10-09T21:00,30.2,79,0.0,0.0,0.0,3.59
2024-10-09T22:00,29.7,81,0.0,0.0,0.0,3.47
2024-10-09T23:00,29.1,82,0.0,0.0,0.0,2.98
2024-10-10T00:00,28.3,87,0.0,0.0,0.0,2.16
2024-10-10T01:00,27.1,93,0.0,0.0,0.0,1.51
2024-10-10T02:00,27.2,92,0.0,0.0,0.0,0.95
2024-10-10T03:00,27.3,91,0.0,0.0,0.0,0.54
2024-10-10T04:00,28.7,87,0.0,0.0,0.0,1.64
2024-10-10T05:00,29.6,84,0.0,0.0,0.0,0.58
2024-10-10T06:00,29.2,86,0.0,0.0,0.0,0.35
2024-10-10T07:00,28.4,90,22.0,49.0,17.0,0.76
2024-10-10T08:00,29.8,83,172.0,306.8,89.0,0.80
2024-10-10T09:00,31.1,78,377.0,487.7,141.0,0.67
2024-10-10T10:00,32.5,68,546.0,520.2,202.0,1.79
2024-10-10T11:00,33.3,65,602.0,418.6,271.0,3.39
2024-10-10T12:00,33.5,64,644.0,395.1,303.0,4.73
2024-10-10T13:00,33.6,64,739.0,523.1,282.0,5.50
2024-10-10T14:00,33.1,63,764.0,711.9,179.0,3.73
2024-10-10T15:00,33.9,59,628.0,651.4,165.0,4.42
2024-10-10T16:00,33.1,64,444.0,552.7,141.0,5.33
2024-10-10T17:00,32.2,71,239.0,393.7,103.0,4.71
2024-10-10T18:00,31.3,73,57.0,141.2,37.0,4.04
2024-10-10T19:00,31.0,74,0.0,0.0,0.0,3.88
2024-10-10T20:00,30.6,76,0.0,0.0,0.0,2.82
2024-10-10T21:00,30.4,77,0.0,0.0,0.0,2.51
2024-10-10T22:00,30.1,78,0.0,0.0,0.0,2.55
2024-10-10T23:00,29.7,82,0.0,0.0,0.0,1.51
2024-10-11T00:00,28.8,86,0.0,0.0,0.0,1.25
2024-10-11T01:00,28.3,89,0.0,0.0,0.0,1.84
2024-10-11T02:00,27.8,93,0.0,0.0,0.0,1.10
2024-10-11T03:00,27.1,95,0.0,0.0,0.0,1.59
2024-10-11T04:00,28.8,90,0.0,0.0,0.0,1.95
2024-10-11T05:00,28.8,88,0.0,0.0,0.0,1.84
2024-10-11T06:00,28.4,89,0.0,0.0,0.0,1.61
2024-10-11T07:00,28.6,87,17.0,29.6,14.0,1.88
2024-10-11T08:00,30.1,81,150.0,215.7,92.0,0.67
2024-10-11T09:00,31.5,76,369.0,454.4,150.0,1.27
2024-10-11T10:00,33.0,66,565.0,570.5,189.0,3.11
2024-10-11T11:00,33.3,66,706.0,640.8,201.0,4.86
2024-10-11T12:00,33.2,69,784.0,667.3,210.0,5.22
2024-10-11T13:00,33.3,69,810.0,712.3,190.0,5.78
2024-10-11T14:00,33.3,67,744.0,672.2,194.0,4.76
2024-10-11T15:00,32.9,68,581.0,547.3,194.0,5.24
2024-10-11T16:00,32.7,66,450.0,571.1,139.0,4.69
2024-10-11T17:00,32.1,69,243.0,409.7,103.0,3.06
2024-10-11T18:00,31.2,74,56.0,135.9,37.0,4.10
2024-10-11T19:00,30.7,76,0.0,0.0,0.0,2.22
2024-10-11T20:00,30.5,78,0.0,0.0,0.0,2.19
2024-10-11T21:00,30.3,78,0.0,0.0,0.0,2.21
2024-10-11T22:00,29.9,80,0.0,0.0,0.0,2.65
2024-10-11T23:00,29.3,84,0.0,0.0,0.0,2.40
2024-10-12T00:00,28.8,87,0.0,0.0,0.0,2.46
2024-10-12T01:00,28.3,89,0.0,0.0,0.0,2.19
2024-10-12T02:00,27.6,91,0.0,0.0,0.0,1.93
2024-10-12T03:00,26.8,93,0.0,0.0,0.0,1.65
2024-10-12T04:00,28.1,94,0.0,0.0,0.0,2.95
2024-10-12T05:00,27.9,94,0.0,0.0,0.0,2.80
2024-10-12T06:00,27.5,95,0.0,0.0,0.0,2.00
2024-10-12T07:00,27.7,94,21.0,39.8,17.0,0.81
2024-10-12T08:00,29.0,87,169.0,314.4,85.0,0.43
2024-10-12T09:00,31.0,72,379.0,522.9,128.0,1.31
2024-10-12T10:00,32.8,60,575.0,641.1,154.0,3.01
2024-10-12T11:00,33.4,60,723.0,702.9,171.0,4.70
2024-10-12T12:00,33.4,65,806.0,730.3,180.0,5.84
2024-10-12T13:00,33.2,64,816.0,732.3,181.0,4.09
2024-10-12T14:00,33.2,65,746.0,695.9,179.0,1.66
2024-10-12T15:00,33.9,61,554.0,535.9,177.0,3.86
2024-10-12T16:00,33.0,62,445.0,567.6,138.0,2.89
2024-10-12T17:00,32.7,61,235.0,396.4,101.0,4.26
2024-10-12T18:00,31.5,68,54.0,130.5,36.0,3.45
2024-10-12T19:00,31.2,71,0.0,0.0,0.0,3.15
2024-10-12T20:00,31.0,71,0.0,0.0,0.0,3.19
2024-10-12T21:00,30.6,75,0.0,0.0,0.0,2.98
2024-10-12T22:00,30.2,77,0.0,0.0,0.0,2.77
2024-10-12T23:00,29.8,77,0.0,0.0,0.0,2.60
2024-10-13T00:00,29.2,78,0.0,0.0,0.0,2.43
2024-10-13T01:00,28.7,78,0.0,0.0,0.0,2.55
2024-10-13T02:00,28.2,78,0.0,0.0,0.0,2.79
2024-10-13T03:00,27.7,78,0.0,0.0,0.0,2.71
2024-10-13T04:00,28.4,76,0.0,0.0,0.0,2.82
2024-10-13T05:00,27.8,75,0.0,0.0,0.0,2.39
2024-10-13T06:00,27.7,72,0.0,0.0,0.0,1.33
2024-10-13T07:00,28.0,73,21.0,40.2,17.0,0.91
2024-10-13T08:00,29.9,64,171.0,323.9,85.0,1.42
2024-10-13T09:00,32.3,52,383.0,531.5,129.0,2.44
2024-10-13T10:00,33.8,46,579.0,643.4,158.0,3.93
2024-10-13T11:00,34.6,43,730.0,707.9,176.0,5.02
2024-10-13T12:00,35.0,42,816.0,747.0,178.0,5.91
2024-10-13T13:00,35.0,43,828.0,750.1,180.0,6.29
2024-10-13T14:00,34.6,49,770.0,735.9,173.0,5.83
2024-10-13T15:00,34.0,52,633.0,677.3,159.0,5.57
2024-10-13T16:00,33.8,52,448.0,580.8,136.0,5.81
2024-10-13T17:00,32.7,59,237.0,409.6,100.0,5.15
2024-10-13T18:00,31.8,63,53.0,132.2,35.0,4.85
2024-10-13T19:00,31.3,68,0.0,0.0,0.0,3.92
2024-10-13T20:00,31.0,70,0.0,0.0,0.0,3.33
2024-10-13T21:00,30.5,73,0.0,0.0,0.0,2.96
2024-10-13T22:00,29.9,76,0.0,0.0,0.0,2.58
2024-10-13T23:00,29.1,79,0.0,0.0,0.0,2.64
2024-10-14T00:00,28.3,81,0.0,0.0,0.0,2.84
2024-10-14T01:00,27.8,81,0.0,0.0,0.0,3.09
2024-10-14T02:00,27.2,83,0.0,0.0,0.0,3.02
2024-10-14T03:00,26.7,82,0.0,0.0,0.0,3.09
2024-10-14T04:00,27.1,80,0.0,0.0,0.0,3.10
2024-10-14T05:00,27.0,77,0.0,0.0,0.0,3.50
2024-10-14T06:00,26.6,78,0.0,0.0,0.0,3.24
2024-10-14T07:00,27.1,74,20.0,40.5,16.0,2.44
2024-10-14T08:00,29.7,60,172.0,333.7,84.0,2.20
2024-10-14T09:00,32.8,47,386.0,542.2,128.0,3.85
2024-10-14T10:00,35.0,38,585.0,662.6,153.0,5.30
2024-10-14T11:00,36.1,36,736.0,727.0,169.0,6.22
2024-10-14T12:00,35.6,46,822.0,756.7,178.0,7.56
2024-10-14T13:00,34.8,51,832.0,760.0,178.0,8.77
2024-10-14T14:00,34.3,54,695.0,622.7,192.0,8.82
2024-10-14T15:00,34.0,56,636.0,686.6,158.0,8.64
2024-10-14T16:00,32.9,62,369.0,397.3,157.0,7.10
2024-10-14T17:00,32.1,66,212.0,320.4,106.0,6.59
2024-10-14T18:00,31.0,74,51.0,126.6,34.0,7.10
2024-10-14T19:00,30.7,77,0.0,0.0,0.0,6.69
2024-10-14T20:00,30.5,77,0.0,0.0,0.0,6.01
2024-10-14T21:00,30.2,79,0.0,0.0,0.0,5.22
2024-10-14T22:00,29.7,81,0.0,0.0,0.0,4.14
2024-10-14T23:00,28.8,85,0.0,0.0,0.0,3.19
2024-10-15T00:00,28.1,85,0.0,0.0,0.0,3.20
2024-10-15T01:00,27.8,84,0.0,0.0,0.0,3.44
2024-10-15T02:00,27.3,83,0.0,0.0,0.0,3.30
2024-10-15T03:00,26.8,84,0.0,0.0,0.0,3.09
2024-10-15T04:00,27.2,82,0.0,0.0,0.0,3.41
2024-10-15T05:00,27.1,77,0.0,0.0,0.0,3.59
2024-10-15T06:00,26.7,76,0.0,0.0,0.0,3.35
2024-10-15T07:00,27.2,74,20.0,51.1,15.0,3.31
2024-10-15T08:00,29.3,62,172.0,339.8,83.0,3.66
2024-10-15T09:00,32.1,50,386.0,548.8,126.0,5.07
2024-10-15T10:00,34.7,42,584.0,665.1,152.0,5.59
2024-10-15T11:00,36.5,39,736.0,729.6,169.0,5.97
2024-10-15T12:00,37.1,42,822.0,760.6,177.0,7.29
2024-10-15T13:00,36.8,46,833.0,764.1,178.0,8.63
2024-10-15T14:00,36.3,44,770.0,744.8,171.0,9.24
2024-10-15T15:00,35.9,45,637.0,693.0,157.0,8.84
2024-10-15T16:00,34.5,52,449.0,594.4,134.0,9.30
2024-10-15T17:00,33.0,63,235.0,415.4,99.0,8.52
2024-10-15T18:00,31.7,72,51.0,135.8,33.0,7.49
2024-10-15T19:00,31.2,76,0.0,0.0,0.0,6.44
2024-10-15T20:00,31.1,71,0.0,0.0,0.0,6.09
2024-10-15T21:00,30.8,69,0.0,0.0,0.0,4.77
2024-10-15T22:00,30.5,62,0.0,0.0,0.0,4.28
2024-10-15T23:00,29.4,58,0.0,0.0,0.0,2.67
2024-10-16T00:00,28.8,55,0.0,0.0,0.0,3.10
2024-10-16T01:00,29.0,50,0.0,0.0,0.0,4.07
2024-10-16T02:00,28.6,49,0.0,0.0,0.0,4.22
2024-10-16T03:00,28.4,48,0.0,0.0,0.0,4.48
2024-10-16T04:00,28.5,49,0.0,0.0,0.0,3.91
2024-10-16T05:00,27.5,38,0.0,0.0,0.0,3.17
2024-10-16T06:00,26.4,35,0.0,0.0,0.0,2.22
2024-10-16T07:00,27.4,35,20.0,51.5,15.0,2.50
2024-10-16T08:00,30.5,27,173.0,346.0,83.0,2.10
2024-10-16T09:00,34.4,18,390.0,557.7,127.0,1.97
2024-10-16T10:00,37.7,15,591.0,678.5,152.0,3.24
2024-10-16T11:00,38.5,21,743.0,742.6,168.0,3.90
2024-10-16T12:00,38.0,26,829.0,772.8,176.0,4.04
2024-10-16T13:00,36.7,36,836.0,771.7,177.0,6.20
2024-10-16T14:00,36.3,32,768.0,746.7,170.0,5.93
2024-10-16T15:00,36.7,25,643.0,709.6,154.0,4.81
2024-10-16T16:00,34.2,61,434.0,573.7,132.0,4.43
2024-10-16T17:00,33.9,54,223.0,389.0,97.0,3.29
2024-10-16T18:00,32.9,59,47.0,122.3,31.0,4.75
2024-10-16T19:00,32.1,66,0.0,0.0,0.0,3.75
2024-10-16T20:00,31.6,69,0.0,0.0,0.0,0.65
2024-10-16T21:00,30.9,71,0.0,0.0,0.0,0.96
2024-10-16T22:00,30.8,65,0.0,0.0,0.0,1.13
2024-10-16T23:00,29.6,58,0.0,0.0,0.0,2.30
2024-10-17T00:00,29.3,46,0.0,0.0,0.0,2.80
2024-10-17T01:00,28.6,47,0.0,0.0,0.0,2.92
2024-10-17T02:00,28.2,49,0.0,0.0,0.0,3.16
2024-10-17T03:00,27.9,45,0.0,0.0,0.0,3.21
2024-10-17T04:00,28.5,49,0.0,0.0,0.0,1.64
2024-10-17T05:00,28.4,46,0.0,0.0,0.0,1.63
2024-10-17T06:00,26.5,48,0.0,0.0,0.0,2.55
2024-10-17T07:00,27.6,43,19.0,41.6,15.0,2.72
2024-10-17T08:00,30.5,30,170.0,340.8,82.0,1.81
2024-10-17T09:00,33.4,23,384.0,551.7,125.0,2.35
2024-10-17T10:00,36.3,19,582.0,670.3,150.0,3.27
2024-10-17T11:00,37.9,19,733.0,733.6,167.0,4.56
2024-10-17T12:00,37.2,33,817.0,763.8,174.0,7.24
2024-10-17T13:00,36.6,40,828.0,766.5,176.0,9.22
2024-10-17T14:00,36.4,40,762.0,743.7,169.0,9.80
2024-10-17T15:00,35.7,44,629.0,691.4,155.0,9.76
2024-10-17T16:00,34.7,53,441.0,589.0,133.0,9.02
2024-10-17T17:00,33.6,55,229.0,414.9,96.0,8.92
2024-10-17T18:00,32.6,60,47.0,123.9,31.0,7.42
2024-10-17T19:00,31.9,67,0.0,0.0,0.0,6.12
2024-10-17T20:00,31.7,64,0.0,0.0,0.0,6.63
2024-10-17T21:00,31.5,58,0.0,0.0,0.0,6.25
2024-10-17T22:00,31.3,52,0.0,0.0,0.0,5.98
2024-10-17T23:00,30.8,52,0.0,0.0,0.0,5.75
2024-10-18T00:00,30.2,57,0.0,0.0,0.0,5.30
2024-10-18T01:00,29.8,56,0.0,0.0,0.0,5.60
2024-10-18T02:00,29.7,52,0.0,0.0,0.0,6.35
2024-10-18T03:00,29.6,50,0.0,0.0,0.0,6.73
2024-10-18T04:00,29.5,62,0.0,0.0,0.0,5.93
2024-10-18T05:00,29.1,60,0.0,0.0,0.0,5.81
2024-10-18T06:00,28.4,51,0.0,0.0,0.0,5.35
2024-10-18T07:00,29.1,41,19.0,42.0,15.0,5.30
2024-10-18T08:00,31.2,37,168.0,339.4,81.0,5.34
2024-10-18T09:00,32.7,39,381.0,550.1,124.0,5.79
2024-10-18T10:00,34.3,41,578.0,666.7,150.0,6.68
2024-10-18T11:00,35.1,42,725.0,728.5,165.0,8.31
2024-10-18T12:00,35.0,43,808.0,757.1,173.0,9.77
2024-10-18T13:00,34.7,44,819.0,761.2,174.0,10.52
2024-10-18T14:00,34.3,46,755.0,740.6,167.0,10.33
2024-10-18T15:00,33.9,48,624.0,689.0,154.0,9.71
2024-10-18T16:00,33.2,51,438.0,589.0,132.0,8.62
2024-10-18T17:00,32.4,54,225.0,409.8,95.0,8.46
2024-10-18T18:00,31.1,62,46.0,117.7,31.0,8.31
2024-10-18T19:00,30.7,64,0.0,0.0,0.0,6.40
2024-10-18T20:00,30.4,62,0.0,0.0,0.0,6.22
2024-10-18T21:00,29.8,65,0.0,0.0,0.0,6.27
2024-10-18T22:00,29.3,68,0.0,0.0,0.0,6.33
2024-10-18T23:00,28.8,71,0.0,0.0,0.0,5.43
2024-10-19T00:00,28.3,74,0.0,0.0,0.0,5.07
2024-10-19T01:00,27.8,76,0.0,0.0,0.0,4.65
2024-10-19T02:00,27.2,77,0.0,0.0,0.0,4.06
2024-10-19T03:00,26.7,78,0.0,0.0,0.0,3.86
2024-10-19T04:00,26.9,73,0.0,0.0,0.0,3.58
2024-10-19T05:00,26.9,73,0.0,0.0,0.0,4.16
2024-10-19T06:00,26.8,75,0.0,0.0,0.0,4.44
2024-10-19T07:00,27.1,72,18.0,42.4,14.0,4.52
2024-10-19T08:00,29.0,62,165.0,334.2,80.0,4.11
2024-10-19T09:00,31.3,53,377.0,544.2,124.0,5.96
2024-10-19T10:00,33.3,44,573.0,663.1,149.0,7.34
2024-10-19T11:00,34.6,38,721.0,726.0,165.0,7.92
2024-10-19T12:00,34.8,40,804.0,755.1,173.0,8.35
2024-10-19T13:00,34.2,44,813.0,759.4,172.0,8.73
2024-10-19T14:00,33.6,47,749.0,736.2,167.0,8.85
2024-10-19T15:00,33.2,50,618.0,683.7,154.0,8.78
2024-10-19T16:00,32.7,55,432.0,583.2,131.0,8.79
2024-10-19T17:00,31.8,59,222.0,404.5,95.0,8.58
2024-10-19T18:00,31.0,60,44.0,119.2,29.0,7.39
2024-10-19T19:00,30.4,63,0.0,0.0,0.0,6.63
2024-10-19T20:00,30.0,65,0.0,0.0,0.0,6.33
2024-10-19T21:00,29.3,68,0.0,0.0,0.0,6.12
2024-10-19T22:00,28.9,71,0.0,0.0,0.0,5.81
2024-10-19T23:00,28.3,74,0.0,0.0,0.0,5.06
2024-10-20T00:00,27.9,77,0.0,0.0,0.0,4.66
2024-10-20T01:00,27.4,79,0.0,0.0,0.0,4.11
2024-10-20T02:00,26.8,79,0.0,0.0,0.0,3.81
2024-10-20T03:00,26.4,80,0.0,0.0,0.0,3.77
2024-10-20T04:00,26.8,76,0.0,0.0,0.0,3.77
2024-10-20T05:00,26.6,78,0.0,0.0,0.0,3.86
2024-10-20T06:00,26.4,81,0.0,0.0,0.0,3.80
2024-10-20T07:00,26.7,80,18.0,42.9,14.0,3.87
2024-10-20T08:00,28.7,70,164.0,332.8,80.0,4.03
2024-10-20T09:00,30.9,62,375.0,544.7,123.0,6.02
2024-10-20T10:00,32.9,52,572.0,665.9,148.0,6.56
2024-10-20T11:00,34.2,49,722.0,732.7,163.0,7.41
2024-10-20T12:00,34.4,53,806.0,762.7,171.0,8.42
2024-10-20T13:00,33.8,57,816.0,766.0,172.0,9.02
2024-10-20T14:00,33.5,56,749.0,740.7,166.0,9.10
2024-10-20T15:00,33.0,57,616.0,687.1,152.0,9.37
2024-10-20T16:00,32.3,63,431.0,587.0,130.0,8.25
2024-10-20T17:00,31.2,69,220.0,405.4,94.0,8.39
2024-10-20T18:00,30.4,75,43.0,112.7,29.0,7.32
2024-10-20T19:00,30.1,77,0.0,0.0,0.0,6.46
2024-10-20T20:00,29.8,76,0.0,0.0,0.0,5.80
2024-10-20T21:00,29.4,76,0.0,0.0,0.0,3.76
2024-10-20T22:00,28.9,78,0.0,0.0,0.0,3.76
2024-10-20T23:00,28.4,80,0.0,0.0,0.0,3.80
2024-10-21T00:00,27.4,84,0.0,0.0,0.0,2.25
2024-10-21T01:00,26.7,90,0.0,0.0,0.0,2.29
2024-10-21T02:00,26.4,92,0.0,0.0,0.0,2.14
2024-10-21T03:00,26.2,93,0.0,0.0,0.0,2.36
2024-10-21T04:00,26.7,91,0.0,0.0,0.0,2.65
2024-10-21T05:00,26.4,91,0.0,0.0,0.0,2.67
2024-10-21T06:00,26.2,93,0.0,0.0,0.0,2.66
2024-10-21T07:00,26.6,93,17.0,43.3,13.0,2.30
2024-10-21T08:00,28.6,83,160.0,323.5,79.0,1.42
2024-10-21T09:00,30.4,76,367.0,530.1,123.0,1.31
2024-10-21T10:00,31.8,69,558.0,646.6,148.0,2.75
2024-10-21T11:00,32.5,65,702.0,707.9,164.0,2.80
2024-10-21T12:00,33.0,62,779.0,724.7,178.0,3.80
2024-10-21T13:00,33.1,60,792.0,740.3,172.0,4.95
2024-10-21T14:00,33.2,58,731.0,722.2,165.0,5.32
2024-10-21T15:00,32.7,62,602.0,671.3,151.0,5.75
2024-10-21T16:00,32.5,63,420.0,573.2,128.0,6.58
2024-10-21T17:00,31.7,69,213.0,390.1,93.0,6.12
2024-10-21T18:00,30.8,73,40.0,106.0,27.0,5.72
2024-10-21T19:00,30.4,77,0.0,0.0,0.0,5.13
2024-10-21T20:00,30.1,80,0.0,0.0,0.0,4.57
2024-10-21T21:00,29.8,80,0.0,0.0,0.0,3.53
2024-10-21T22:00,29.4,81,0.0,0.0,0.0,2.64
2024-10-21T23:00,28.8,84,0.0,0.0,0.0,2.57
2024-10-22T00:00,28.4,86,0.0,0.0,0.0,2.82
2024-10-22T01:00,27.9,90,0.0,0.0,0.0,3.07
2024-10-22T02:00,27.2,93,0.0,0.0,0.0,2.40
2024-10-22T03:00,26.6,93,0.0,0.0,0.0,2.38
2024-10-22T04:00,27.1,94,0.0,0.0,0.0,2.35
2024-10-22T05:00,26.9,94,0.0,0.0,0.0,2.38
2024-10-22T06:00,26.6,95,0.0,0.0,0.0,2.34
2024-10-22T07:00,27.0,93,17.0,32.8,14.0,2.39
2024-10-22T08:00,28.7,84,158.0,322.2,78.0,1.75
2024-10-22T09:00,30.3,74,362.0,526.3,121.0,1.11
2024-10-22T10:00,31.8,64,552.0,643.0,146.0,1.28
2024-10-22T11:00,32.8,60,697.0,706.7,162.0,2.80
2024-10-22T12:00,33.1,60,779.0,737.1,170.0,4.60
2024-10-22T13:00,33.2,56,788.0,742.1,169.0,5.40
2024-10-22T14:00,33.2,54,725.0,720.2,163.0,5.50
2024-10-22T15:00,32.6,59,596.0,667.2,150.0,5.55
2024-10-22T16:00,32.8,53,415.0,569.0,127.0,5.53
2024-10-22T17:00,31.7,60,208.0,384.3,91.0,5.04
2024-10-22T18:00,30.9,65,39.0,99.1,27.0,4.43
2024-10-22T19:00,30.4,70,0.0,0.0,0.0,4.32
2024-10-22T20:00,30.0,72,0.0,0.0,0.0,4.10
2024-10-22T21:00,29.7,75,0.0,0.0,0.0,4.01
2024-10-22T22:00,29.3,77,0.0,0.0,0.0,4.00
2024-10-22T23:00,29.0,78,0.0,0.0,0.0,3.90
2024-10-23T00:00,28.5,81,0.0,0.0,0.0,3.90
2024-10-23T01:00,27.9,85,0.0,0.0,0.0,3.75
2024-10-23T02:00,27.5,87,0.0,0.0,0.0,3.57
2024-10-23T03:00,27.1,89,0.0,0.0,0.0,3.52
2024-10-23T04:00,27.2,91,0.0,0.0,0.0,2.75
2024-10-23T05:00,26.9,93,0.0,0.0,0.0,2.90
2024-10-23T06:00,26.7,91,0.0,0.0,0.0,3.15
2024-10-23T07:00,27.0,88,16.0,33.2,13.0,3.15
2024-10-23T08:00,28.8,74,156.0,316.8,78.0,3.44
2024-10-23T09:00,30.5,65,360.0,526.9,120.0,3.45
2024-10-23T10:00,32.1,55,551.0,644.2,146.0,2.78
2024-10-23T11:00,33.1,51,695.0,708.2,161.0,3.58
2024-10-23T12:00,33.2,54,776.0,738.8,168.0,5.44
2024-10-23T13:00,33.0,55,784.0,741.5,168.0,6.09
2024-10-23T14:00,33.0,53,721.0,718.3,163.0,6.05
2024-10-23T15:00,32.7,55,595.0,669.1,150.0,6.19
2024-10-23T16:00,32.3,57,411.0,564.8,127.0,5.98
2024-10-23T17:00,31.5,60,205.0,381.7,90.0,5.65
2024-10-23T18:00,30.6,67,37.0,92.1,26.0,4.89
2024-10-23T19:00,30.1,71,0.0,0.0,0.0,4.65
2024-10-23T20:00,29.8,74,0.0,0.0,0.0,4.48
2024-10-23T21:00,29.5,76,0.0,0.0,0.0,4.49
2024-10-23T22:00,29.2,76,0.0,0.0,0.0,3.93
2024-10-23T23:00,28.8,75,0.0,0.0,0.0,3.56
2024-10-24T00:00,28.4,78,0.0,0.0,0.0,3.45
2024-10-24T01:00,27.9,80,0.0,0.0,0.0,3.40
2024-10-24T02:00,27.5,83,0.0,0.0,0.0,3.75
2024-10-24T03:00,27.1,88,0.0,0.0,0.0,4.06
2024-10-24T04:00,27.0,84,0.0,0.0,0.0,3.30
2024-10-24T05:00,26.5,87,0.0,0.0,0.0,2.99
2024-10-24T06:00,26.2,89,0.0,0.0,0.0,3.19
2024-10-24T07:00,26.6,84,16.0,33.6,13.0,3.21
2024-10-24T08:00,28.5,72,155.0,319.5,77.0,3.30
2024-10-24T09:00,30.7,60,359.0,529.7,119.0,3.67
2024-10-24T10:00,32.3,54,549.0,647.0,144.0,4.47
2024-10-24T11:00,32.9,55,692.0,709.7,159.0,5.39
2024-10-24T12:00,33.2,54,772.0,739.3,166.0,6.42
2024-10-24T13:00,33.2,54,780.0,739.7,168.0,6.90
2024-10-24T14:00,32.9,55,717.0,718.9,161.0,6.91
2024-10-24T15:00,32.5,56,588.0,665.0,148.0,6.34
2024-10-24T16:00,32.3,57,408.0,564.5,126.0,5.86
2024-10-24T17:00,31.7,59,203.0,382.3,89.0,5.13
2024-10-24T18:00,30.9,64,36.0,93.3,25.0,4.89
2024-10-24T19:00,30.4,65,0.0,0.0,0.0,4.07
2024-10-24T20:00,30.3,64,0.0,0.0,0.0,3.64
2024-10-24T21:00,29.9,66,0.0,0.0,0.0,3.37
2024-10-24T22:00,29.5,67,0.0,0.0,0.0,3.43
2024-10-24T23:00,29.1,68,0.0,0.0,0.0,3.00
2024-10-25T00:00,28.4,70,0.0,0.0,0.0,2.63
2024-10-25T01:00,27.8,72,0.0,0.0,0.0,2.40
2024-10-25T02:00,27.4,74,0.0,0.0,0.0,2.60
2024-10-25T03:00,26.8,78,0.0,0.0,0.0,2.40
2024-10-25T04:00,27.2,79,0.0,0.0,0.0,1.75
2024-10-25T05:00,27.5,78,0.0,0.0,0.0,1.73
2024-10-25T06:00,27.1,79,0.0,0.0,0.0,2.28
2024-10-25T07:00,27.4,74,15.0,34.0,12.0,2.20
2024-10-25T08:00,29.1,63,151.0,314.1,75.0,0.40
2024-10-25T09:00,31.1,54,354.0,523.8,118.0,0.76
2024-10-25T10:00,32.7,49,545.0,645.1,143.0,2.11
2024-10-25T11:00,33.4,51,688.0,708.6,158.0,4.37
2024-10-25T12:00,33.4,50,768.0,737.3,166.0,5.62
2024-10-25T13:00,33.2,57,776.0,740.3,166.0,5.74
2024-10-25T14:00,32.9,58,712.0,716.9,160.0,5.60
2024-10-25T15:00,32.7,56,583.0,662.4,147.0,3.82
2024-10-25T16:00,32.1,60,408.0,570.2,125.0,3.86
2024-10-25T17:00,31.0,65,199.0,376.0,88.0,4.27
2024-10-25T18:00,30.3,69,35.0,85.9,25.0,2.56
2024-10-25T19:00,30.1,70,0.0,0.0,0.0,1.66
2024-10-25T20:00,29.9,71,0.0,0.0,0.0,1.48
2024-10-25T21:00,29.8,72,0.0,0.0,0.0,1.57
2024-10-25T22:00,29.5,74,0.0,0.0,0.0,0.16
2024-10-25T23:00,29.2,76,0.0,0.0,0.0,0.92
2024-10-26T00:00,29.1,77,0.0,0.0,0.0,0.45
2024-10-26T01:00,28.9,78,0.0,0.0,0.0,0.35
2024-10-26T02:00,28.7,78,0.0,0.0,0.0,0.18
2024-10-26T03:00,28.2,81,0.0,0.0,0.0,0.81
2024-10-26T04:00,28.8,80,0.0,0.0,0.0,0.67
2024-10-26T05:00,28.3,83,0.0,0.0,0.0,1.03
2024-10-26T06:00,27.9,85,0.0,0.0,0.0,1.15
2024-10-26T07:00,28.5,81,14.0,22.9,12.0,1.75
2024-10-26T08:00,29.4,78,139.0,258.6,77.0,1.47
2024-10-26T09:00,30.3,74,290.0,352.6,132.0,1.83
2024-10-26T10:00,31.3,68,510.0,569.0,157.0,2.19
2024-10-26T11:00,32.1,64,637.0,630.9,167.0,2.68
2024-10-26T12:00,32.6,63,727.0,669.0,183.0,3.71
2024-10-26T13:00,32.5,62,748.0,695.8,177.0,4.52
2024-10-26T14:00,32.7,61,666.0,643.1,173.0,4.75
2024-10-26T15:00,31.9,67,530.0,575.7,153.0,5.25
2024-10-26T16:00,32.3,63,380.0,513.1,127.0,3.40
2024-10-26T17:00,31.2,69,193.0,359.4,88.0,2.56
2024-10-26T18:00,30.8,71,32.0,78.3,23.0,2.50
2024-10-26T19:00,30.4,73,0.0,0.0,0.0,2.34
2024-10-26T20:00,30.2,74,0.0,0.0,0.0,1.90
2024-10-26T21:00,30.1,76,0.0,0.0,0.0,2.46
2024-10-26T22:00,29.8,78,0.0,0.0,0.0,3.13
2024-10-26T23:00,29.5,78,0.0,0.0,0.0,2.90
2024-10-27T00:00,29.2,79,0.0,0.0,0.0,2.56
2024-10-27T01:00,28.9,80,0.0,0.0,0.0,2.45
2024-10-27T02:00,28.6,80,0.0,0.0,0.0,2.50
2024-10-27T03:00,28.3,81,0.0,0.0,0.0,2.71
2024-10-27T04:00,28.6,79,0.0,0.0,0.0,2.71
2024-10-27T05:00,28.3,80,0.0,0.0,0.0,2.96
2024-10-27T06:00,28.0,81,0.0,0.0,0.0,2.47
2024-10-27T07:00,28.2,80,14.0,23.2,12.0,2.51
2024-10-27T08:00,29.9,71,142.0,282.0,75.0,2.82
2024-10-27T09:00,31.7,60,340.0,498.3,118.0,3.54
2024-10-27T10:00,32.9,54,516.0,591.1,151.0,3.91
2024-10-27T11:00,33.3,56,645.0,640.3,170.0,5.52
2024-10-27T12:00,33.0,58,744.0,697.6,179.0,6.04
2024-10-27T13:00,32.1,65,710.0,615.5,207.0,5.49
2024-10-27T14:00,32.2,65,594.0,512.3,203.0,5.47
2024-10-27T15:00,31.6,68,521.0,534.1,173.0,5.00
2024-10-27T16:00,31.4,67,386.0,532.8,125.0,5.21
2024-10-27T17:00,30.7,70,182.0,335.4,85.0,4.52
2024-10-27T18:00,30.3,70,32.0,79.3,23.0,3.39
2024-10-27T19:00,30.1,72,0.0,0.0,0.0,3.09
2024-10-27T20:00,29.9,73,0.0,0.0,0.0,3.11
2024-10-27T21:00,29.7,73,0.0,0.0,0.0,3.20
2024-10-27T22:00,29.5,75,0.0,0.0,0.0,3.28
2024-10-27T23:00,29.1,77,0.0,0.0,0.0,3.32
2024-10-28T00:00,28.7,79,0.0,0.0,0.0,3.60
2024-10-28T01:00,28.3,82,0.0,0.0,0.0,3.81
2024-10-28T02:00,28.0,84,0.0,0.0,0.0,3.91
2024-10-28T03:00,27.8,85,0.0,0.0,0.0,4.06
2024-10-28T04:00,28.2,83,0.0,0.0,0.0,4.36
2024-10-28T05:00,28.1,83,0.0,0.0,0.0,4.65
2024-10-28T06:00,27.8,83,0.0,0.0,0.0,4.35
2024-10-28T07:00,28.1,80,14.0,23.5,12.0,4.37
2024-10-28T08:00,29.5,72,146.0,310.2,73.0,4.89
2024-10-28T09:00,31.1,63,346.0,519.2,116.0,5.31
2024-10-28T10:00,32.5,57,534.0,639.4,141.0,5.60
2024-10-28T11:00,33.0,56,677.0,703.9,157.0,5.89
2024-10-28T12:00,32.7,58,755.0,733.9,163.0,5.88
2024-10-28T13:00,32.8,58,735.0,699.1,166.0,5.81
2024-10-28T14:00,32.4,60,679.0,679.1,163.0,4.88
2024-10-28T15:00,32.1,61,532.0,584.6,153.0,4.55
2024-10-28T16:00,31.6,64,339.0,421.2,134.0,3.65
2024-10-28T17:00,30.7,67,162.0,272.4,84.0,2.90
2024-10-28T18:00,30.2,71,26.0,62.5,19.0,2.60
2024-10-28T19:00,29.7,75,0.0,0.0,0.0,2.35
2024-10-28T20:00,29.5,77,0.0,0.0,0.0,1.23
2024-10-28T21:00,29.2,78,0.0,0.0,0.0,1.43
2024-10-28T22:00,28.8,81,0.0,0.0,0.0,1.46
2024-10-28T23:00,28.5,84,0.0,0.0,0.0,0.97
2024-10-29T00:00,28.1,86,0.0,0.0,0.0,0.81
2024-10-29T01:00,27.8,88,0.0,0.0,0.0,0.95
2024-10-29T02:00,27.5,90,0.0,0.0,0.0,1.07
2024-10-29T03:00,27.3,91,0.0,0.0,0.0,1.60
2024-10-29T04:00,27.3,80,0.0,0.0,0.0,1.52
2024-10-29T05:00,27.1,81,0.0,0.0,0.0,1.32
2024-10-29T06:00,26.9,82,0.0,0.0,0.0,1.30
2024-10-29T07:00,27.5,80,13.0,23.8,11.0,1.36
2024-10-29T08:00,28.8,74,142.0,291.8,74.0,0.86
2024-10-29T09:00,30.1,68,341.0,506.4,118.0,1.10
2024-10-29T10:00,31.3,61,527.0,627.7,143.0,1.77
2024-10-29T11:00,31.9,60,668.0,694.7,157.0,2.95
2024-10-29T12:00,32.3,58,723.0,690.8,168.0,3.47
2024-10-29T13:00,32.0,60,713.0,652.7,184.0,3.88
2024-10-29T14:00,31.9,59,599.0,523.5,203.0,4.22
2024-10-29T15:00,31.7,60,507.0,525.6,168.0,2.83
2024-10-29T16:00,31.8,58,368.0,514.8,119.0,3.11
2024-10-29T17:00,31.4,60,184.0,352.8,84.0,2.10
2024-10-29T18:00,30.6,65,30.0,72.3,22.0,2.50
2024-10-29T19:00,30.2,68,0.0,0.0,0.0,2.62
2024-10-29T20:00,30.2,69,0.0,0.0,0.0,2.38
2024-10-29T21:00,30.0,68,0.0,0.0,0.0,2.50
2024-10-29T22:00,29.6,67,0.0,0.0,0.0,2.64
2024-10-29T23:00,29.2,68,0.0,0.0,0.0,2.28
2024-10-30T00:00,28.8,70,0.0,0.0,0.0,2.25
2024-10-30T01:00,28.3,71,0.0,0.0,0.0,2.31
2024-10-30T02:00,27.8,73,0.0,0.0,0.0,2.31
2024-10-30T03:00,27.3,74,0.0,0.0,0.0,2.34
2024-10-30T04:00,27.3,73,0.0,0.0,0.0,2.35
2024-10-30T05:00,26.9,73,0.0,0.0,0.0,2.56
2024-10-30T06:00,26.5,75,0.0,0.0,0.0,2.21
2024-10-30T07:00,26.7,75,13.0,24.1,11.0,1.88
2024-10-30T08:00,28.5,66,141.0,294.6,73.0,1.30
2024-10-30T09:00,30.6,56,290.0,356.3,134.0,1.60
2024-10-30T10:00,32.1,49,455.0,497.6,152.0,1.95
2024-10-30T11:00,33.0,47,579.0,518.8,199.0,3.79
2024-10-30T12:00,32.5,50,658.0,591.2,185.0,4.74
2024-10-30T13:00,32.3,54,740.0,696.3,178.0,4.91
2024-10-30T14:00,31.7,59,662.0,649.3,173.0,5.16
2024-10-30T15:00,31.2,62,530.0,593.7,149.0,4.54
2024-10-30T16:00,32.9,48,333.0,439.0,122.0,4.32
2024-10-30T17:00,31.9,58,183.0,345.6,86.0,5.48
2024-10-30T18:00,31.1,61,29.0,73.2,21.0,4.75
2024-10-30T19:00,30.9,63,0.0,0.0,0.0,5.10
2024-10-30T20:00,30.8,58,0.0,0.0,0.0,4.50
2024-10-30T21:00,30.4,58,0.0,0.0,0.0,4.00
2024-10-30T22:00,30.0,62,0.0,0.0,0.0,3.26
2024-10-30T23:00,29.4,68,0.0,0.0,0.0,3.19
2024-10-31T00:00,29.0,70,0.0,0.0,0.0,2.59
2024-10-31T01:00,28.4,73,0.0,0.0,0.0,2.48
2024-10-31T02:00,28.0,75,0.0,0.0,0.0,3.00
2024-10-31T03:00,27.7,76,0.0,0.0,0.0,3.14
2024-10-31T04:00,28.3,68,0.0,0.0,0.0,2.00
2024-10-31T05:00,23.7,89,0.0,0.0,0.0,4.97
2024-10-31T06:00,25.0,83,0.0,0.0,0.0,2.06
2024-10-31T07:00,25.2,83,10.0,12.2,9.0,0.61
2024-10-31T08:00,26.1,78,122.0,192.6,78.0,1.87
2024-10-31T09:00,27.9,69,339.0,507.9,118.0,1.11
2024-10-31T10:00,30.4,57,530.0,643.6,140.0,1.21
2024-10-31T11:00,32.9,47,672.0,710.2,154.0,3.88
2024-10-31T12:00,34.1,43,747.0,734.2,162.0,5.85
2024-10-31T13:00,34.0,46,764.0,753.9,158.0,6.16
2024-10-31T14:00,33.1,49,695.0,718.8,156.0,4.83
2024-10-31T15:00,31.8,60,556.0,638.9,148.0,6.05
2024-10-31T16:00,33.6,42,369.0,506.6,127.0,9.00
2024-10-31T17:00,32.7,45,191.0,381.3,85.0,8.93
2024-10-31T18:00,31.8,48,29.0,74.1,21.0,8.20
2024-10-31T19:00,31.4,52,0.0,0.0,0.0,7.37
2024-10-31T20:00,30.8,59,0.0,0.0,0.0,6.70
2024-10-31T21:00,30.3,63,0.0,0.0,0.0,6.42
2024-10-31T22:00,29.8,66,0.0,0.0,0.0,5.98
2024-10-31T23:00,29.4,70,0.0,0.0,0.0,5.55
2024-11-01T00:00,29.1,73,0.0,0.0,0.0,4.91
2024-11-01T01:00,28.3,78,0.0,0.0,0.0,1.96
2024-11-01T02:00,22.3,88,0.0,0.0,0.0,9.43
2024-11-01T03:00,25.6,81,0.0,0.0,0.0,1.67
2024-11-01T04:00,26.8,80,0.0,0.0,0.0,2.14
2024-11-01T05:00,25.9,87,0.0,0.0,0.0,5.17
2024-11-01T06:00,25.9,90,0.0,0.0,0.0,1.03
2024-11-01T07:00,26.0,90,5.0,0.0,5.0,2.55
2024-11-01T08:00,26.5,87,79.0,79.6,61.0,4.36
2024-11-01T09:00,27.4,80,294.0,386.1,127.0,4.29
2024-11-01T10:00,28.4,74,521.0,625.1,144.0,5.37
2024-11-01T11:00,30.1,62,658.0,678.9,165.0,6.71
2024-11-01T12:00,31.4,53,734.0,704.4,175.0,6.74
2024-11-01T13:00,32.5,49,760.0,747.0,162.0,7.20
2024-11-01T14:00,32.9,52,701.0,732.7,154.0,7.96
2024-11-01T15:00,32.5,57,560.0,646.7,149.0,8.05
2024-11-01T16:00,31.7,60,284.0,271.7,155.0,7.40
2024-11-01T17:00,30.3,70,137.0,196.1,83.0,7.41
2024-11-01T18:00,29.1,80,27.0,65.6,20.0,6.83
2024-11-01T19:00,28.8,84,0.0,0.0,0.0,6.40
2024-11-01T20:00,28.7,80,0.0,0.0,0.0,6.11
2024-11-01T21:00,28.3,78,0.0,0.0,0.0,5.28
2024-11-01T22:00,27.7,78,0.0,0.0,0.0,3.76
2024-11-01T23:00,26.9,84,0.0,0.0,0.0,2.43
2024-11-02T00:00,26.5,86,0.0,0.0,0.0,1.56
2024-11-02T01:00,25.7,86,0.0,0.0,0.0,4.07
2024-11-02T02:00,25.2,87,0.0,0.0,0.0,3.15
2024-11-02T03:00,25.7,91,0.0,0.0,0.0,3.95
2024-11-02T04:00,25.9,79,0.0,0.0,0.0,2.68
2024-11-02T05:00,25.9,83,0.0,0.0,0.0,3.53
2024-11-02T06:00,25.6,87,0.0,0.0,0.0,3.27
2024-11-02T07:00,25.5,90,11.0,25.1,9.0,2.93
2024-11-02T08:00,27.0,85,129.0,250.2,73.0,2.33
2024-11-02T09:00,28.8,76,305.0,418.8,125.0,2.32
2024-11-02T10:00,30.2,66,478.0,526.6,162.0,1.16
2024-11-02T11:00,30.9,65,648.0,674.9,160.0,1.41
2024-11-02T12:00,31.6,62,731.0,706.0,173.0,3.22
2024-11-02T13:00,31.0,66,737.0,718.7,164.0,4.85
2024-11-02T14:00,31.0,66,631.0,628.2,164.0,4.94
2024-11-02T15:00,30.8,68,556.0,653.0,143.0,5.64
2024-11-02T16:00,31.6,60,372.0,536.1,119.0,5.60
2024-11-02T17:00,31.0,64,179.0,355.5,82.0,4.70
2024-11-02T18:00,30.1,72,26.0,66.4,19.0,3.40
2024-11-02T19:00,29.6,78,0.0,0.0,0.0,2.75
2024-11-02T20:00,29.0,84,0.0,0.0,0.0,1.77
2024-11-02T21:00,28.5,87,0.0,0.0,0.0,1.15
2024-11-02T22:00,27.9,88,0.0,0.0,0.0,1.77
2024-11-02T23:00,27.5,88,0.0,0.0,0.0,2.02
2024-11-03T00:00,27.2,88,0.0,0.0,0.0,2.29
2024-11-03T01:00,27.0,88,0.0,0.0,0.0,2.67
2024-11-03T02:00,26.9,86,0.0,0.0,0.0,3.11
2024-11-03T03:00,26.8,84,0.0,0.0,0.0,2.90
2024-11-03T04:00,27.7,77,0.0,0.0,0.0,3.22
2024-11-03T05:00,27.5,77,0.0,0.0,0.0,3.24
2024-11-03T06:00,27.2,80,0.0,0.0,0.0,3.06
2024-11-03T07:00,27.5,79,9.0,12.8,8.0,3.53
2024-11-03T08:00,29.0,71,128.0,239.4,75.0,3.96
2024-11-03T09:00,29.8,68,243.0,236.5,142.0,4.08
2024-11-03T10:00,30.8,66,494.0,561.0,159.0,4.66
2024-11-03T11:00,31.0,67,633.0,638.9,173.0,4.66
2024-11-03T12:00,31.3,66,701.0,644.1,194.0,5.06
2024-11-03T13:00,31.4,65,701.0,653.7,182.0,5.38
2024-11-03T14:00,31.2,66,613.0,578.2,185.0,5.30
2024-11-03T15:00,31.0,68,538.0,613.3,152.0,6.04
2024-11-03T16:00,30.8,68,370.0,528.6,122.0,6.46
2024-11-03T17:00,29.9,72,180.0,362.5,82.0,5.86
2024-11-03T18:00,29.2,76,26.0,67.2,19.0,4.49
2024-11-03T19:00,29.2,76,0.0,0.0,0.0,4.29
2024-11-03T20:00,29.2,73,0.0,0.0,0.0,4.89
2024-11-03T21:00,28.8,71,0.0,0.0,0.0,5.53
2024-11-03T22:00,28.5,67,0.0,0.0,0.0,5.30
2024-11-03T23:00,28.2,68,0.0,0.0,0.0,4.76
2024-11-04T00:00,27.8,70,0.0,0.0,0.0,4.39
2024-11-04T01:00,27.5,70,0.0,0.0,0.0,4.18
2024-11-04T02:00,27.1,71,0.0,0.0,0.0,4.04
2024-11-04T03:00,26.9,70,0.0,0.0,0.0,4.24
2024-11-04T04:00,27.3,68,0.0,0.0,0.0,3.79
2024-11-04T05:00,27.1,67,0.0,0.0,0.0,3.80
2024-11-04T06:00,26.9,65,0.0,0.0,0.0,3.89
2024-11-04T07:00,27.0,61,10.0,25.9,8.0,3.97
2024-11-04T08:00,28.6,51,134.0,301.3,68.0,4.26
2024-11-04T09:00,30.4,47,332.0,518.3,112.0,5.76
2024-11-04T10:00,31.5,44,518.0,641.1,137.0,6.06
2024-11-04T11:00,32.3,41,659.0,708.7,151.0,6.50
2024-11-04T12:00,32.6,38,740.0,742.5,158.0,7.82
2024-11-04T13:00,32.2,40,750.0,747.4,159.0,8.80
2024-11-04T14:00,31.8,41,688.0,725.8,153.0,8.93
2024-11-04T15:00,31.4,42,560.0,670.4,140.0,9.09
2024-11-04T16:00,30.7,44,380.0,563.8,117.0,8.75
2024-11-04T17:00,30.2,45,179.0,369.5,80.0,8.68
2024-11-04T18:00,29.4,48,25.0,67.9,18.0,8.68
2024-11-04T19:00,29.2,49,0.0,0.0,0.0,8.31
2024-11-04T20:00,28.8,52,0.0,0.0,0.0,7.83
2024-11-04T21:00,28.5,54,0.0,0.0,0.0,7.63
2024-11-04T22:00,28.2,55,0.0,0.0,0.0,7.01
2024-11-04T23:00,27.9,56,0.0,0.0,0.0,6.42
2024-11-05T00:00,27.6,59,0.0,0.0,0.0,5.85
2024-11-05T01:00,27.2,61,0.0,0.0,0.0,5.35
2024-11-05T02:00,26.8,63,0.0,0.0,0.0,5.07
2024-11-05T03:00,26.3,65,0.0,0.0,0.0,4.59
2024-11-05T04:00,26.4,61,0.0,0.0,0.0,4.04
2024-11-05T05:00,26.2,59,0.0,0.0,0.0,4.77
2024-11-05T06:00,25.9,57,0.0,0.0,0.0,4.64
2024-11-05T07:00,25.9,54,10.0,26.3,8.0,4.48
2024-11-05T08:00,27.4,49,135.0,309.3,68.0,4.51
2024-11-05T09:00,29.1,50,334.0,528.8,111.0,5.25
2024-11-05T10:00,30.6,46,521.0,652.8,135.0,5.36
2024-11-05T11:00,31.7,44,663.0,718.7,150.0,5.63
2024-11-05T12:00,31.9,47,743.0,750.6,157.0,6.76
2024-11-05T13:00,31.5,50,752.0,754.2,158.0,7.62
2024-11-05T14:00,31.2,52,688.0,731.6,151.0,7.77
2024-11-05T15:00,30.9,52,560.0,676.7,138.0,7.72
2024-11-05T16:00,30.3,56,381.0,569.1,117.0,7.50
2024-11-05T17:00,29.8,56,179.0,372.6,80.0,7.12
2024-11-05T18:00,29.1,57,25.0,68.7,18.0,7.25
2024-11-05T19:00,28.9,57,0.0,0.0,0.0,6.67
2024-11-05T20:00,28.6,60,0.0,0.0,0.0,6.17
2024-11-05T21:00,28.2,60,0.0,0.0,0.0,5.36
2024-11-05T22:00,27.8,62,0.0,0.0,0.0,4.76
2024-11-05T23:00,27.3,64,0.0,0.0,0.0,4.18
2024-11-06T00:00,26.8,67,0.0,0.0,0.0,3.72
2024-11-06T01:00,26.3,68,0.0,0.0,0.0,3.58
2024-11-06T02:00,26.0,67,0.0,0.0,0.0,3.58
2024-11-06T03:00,25.7,67,0.0,0.0,0.0,3.41
2024-11-06T04:00,26.1,64,0.0,0.0,0.0,3.27
2024-11-06T05:00,25.7,64,0.0,0.0,0.0,2.98
2024-11-06T06:00,25.1,65,0.0,0.0,0.0,2.67
2024-11-06T07:00,25.4,63,10.0,26.7,8.0,2.64
2024-11-06T08:00,27.1,55,134.0,312.8,67.0,2.42
2024-11-06T09:00,29.3,46,333.0,532.2,110.0,2.93
2024-11-06T10:00,31.1,42,520.0,656.0,134.0,3.14
2024-11-06T11:00,32.0,43,662.0,723.3,148.0,3.54
2024-11-06T12:00,32.2,48,742.0,753.6,156.0,4.43
2024-11-06T13:00,31.9,55,750.0,755.9,157.0,5.49
2024-11-06T14:00,31.9,56,684.0,730.5,150.0,6.03
2024-11-06T15:00,31.4,58,555.0,671.7,138.0,6.33
2024-11-06T16:00,30.6,63,370.0,548.4,117.0,6.37
2024-11-06T17:00,30.0,67,174.0,356.8,80.0,5.85
2024-11-06T18:00,29.1,71,24.0,59.5,18.0,5.90
2024-11-06T19:00,29.1,69,0.0,0.0,0.0,5.15
2024-11-06T20:00,29.0,68,0.0,0.0,0.0,5.03
2024-11-06T21:00,28.8,67,0.0,0.0,0.0,4.66
2024-11-06T22:00,28.3,69,0.0,0.0,0.0,4.10
2024-11-06T23:00,28.0,71,0.0,0.0,0.0,4.00
2024-11-07T00:00,27.5,73,0.0,0.0,0.0,3.79
2024-11-07T01:00,27.2,75,0.0,0.0,0.0,3.39
2024-11-07T02:00,26.9,75,0.0,0.0,0.0,3.56
2024-11-07T03:00,26.6,75,0.0,0.0,0.0,3.66
2024-11-07T04:00,26.8,75,0.0,0.0,0.0,3.52
2024-11-07T05:00,26.6,74,0.0,0.0,0.0,3.42
2024-11-07T06:00,26.2,76,0.0,0.0,0.0,3.02
2024-11-07T07:00,26.3,77,9.0,13.6,8.0,2.52
2024-11-07T08:00,27.9,66,131.0,307.0,66.0,1.98
2024-11-07T09:00,29.7,58,328.0,526.0,109.0,1.69
2024-11-07T10:00,31.1,57,513.0,647.4,134.0,2.05
2024-11-07T11:00,32.0,55,654.0,713.7,149.0,3.02
2024-11-07T12:00,32.3,55,731.0,743.8,155.0,4.31
2024-11-07T13:00,32.4,56,738.0,744.8,156.0,5.34
2024-11-07T14:00,32.1,57,674.0,719.7,150.0,5.28
2024-11-07T15:00,31.8,59,542.0,653.6,138.0,5.02
2024-11-07T16:00,31.2,63,372.0,560.0,115.0,5.05
2024-11-07T17:00,30.5,66,173.0,363.5,78.0,4.94
2024-11-07T18:00,29.7,71,23.0,60.1,17.0,5.10
2024-11-07T19:00,29.4,71,0.0,0.0,0.0,5.31
2024-11-07T20:00,29.2,70,0.0,0.0,0.0,4.78
2024-11-07T21:00,29.1,69,0.0,0.0,0.0,4.75
2024-11-07T22:00,28.7,69,0.0,0.0,0.0,4.25
2024-11-07T23:00,28.4,70,0.0,0.0,0.0,4.17
2024-11-08T00:00,28.1,70,0.0,0.0,0.0,3.37
2024-11-08T01:00,27.7,71,0.0,0.0,0.0,2.86
2024-11-08T02:00,27.4,72,0.0,0.0,0.0,2.84
2024-11-08T03:00,27.0,75,0.0,0.0,0.0,2.85
2024-11-08T04:00,27.1,75,0.0,0.0,0.0,2.40
2024-11-08T05:00,26.6,76,0.0,0.0,0.0,2.40
2024-11-08T06:00,26.2,77,0.0,0.0,0.0,2.35
2024-11-08T07:00,26.2,76,9.0,13.8,8.0,1.82
2024-11-08T08:00,27.8,65,130.0,305.8,66.0,1.30
2024-11-08T09:00,29.8,54,327.0,527.1,109.0,1.46
2024-11-08T10:00,31.5,49,512.0,650.6,133.0,1.70
2024-11-08T11:00,32.4,49,652.0,716.8,147.0,3.02
2024-11-08T12:00,32.6,53,731.0,748.0,154.0,4.32
2024-11-08T13:00,32.6,56,739.0,750.2,155.0,5.24
2024-11-08T14:00,32.4,57,675.0,725.2,149.0,5.71
2024-11-08T15:00,32.0,60,538.0,653.1,136.0,6.09
2024-11-08T16:00,31.4,64,372.0,565.1,114.0,6.17
2024-11-08T17:00,30.4,67,174.0,370.1,78.0,5.72
2024-11-08T18:00,29.9,70,23.0,60.6,17.0,5.07
2024-11-08T19:00,29.7,71,0.0,0.0,0.0,4.23
2024-11-08T20:00,29.5,71,0.0,0.0,0.0,4.13
2024-11-08T21:00,29.2,71,0.0,0.0,0.0,3.50
2024-11-08T22:00,28.8,70,0.0,0.0,0.0,3.09
2024-11-08T23:00,28.2,71,0.0,0.0,0.0,2.52
2024-11-09T00:00,27.7,74,0.0,0.0,0.0,2.38
2024-11-09T01:00,27.0,77,0.0,0.0,0.0,1.77
2024-11-09T02:00,26.4,81,0.0,0.0,0.0,1.81
2024-11-09T03:00,26.1,84,0.0,0.0,0.0,2.12
2024-11-09T04:00,26.8,83,0.0,0.0,0.0,2.40
2024-11-09T05:00,26.5,83,0.0,0.0,0.0,2.68
2024-11-09T06:00,26.2,83,0.0,0.0,0.0,2.75
2024-11-09T07:00,26.2,80,8.0,14.0,7.0,2.84
2024-11-09T08:00,27.8,69,128.0,304.6,65.0,2.09
2024-11-09T09:00,29.7,61,324.0,525.8,108.0,1.84
2024-11-09T10:00,31.4,52,510.0,652.2,132.0,1.88
2024-11-09T11:00,32.5,48,651.0,719.9,146.0,2.44
2024-11-09T12:00,32.7,52,731.0,752.3,153.0,3.97
2024-11-09T13:00,32.6,54,740.0,757.0,153.0,5.05
2024-11-09T14:00,32.4,54,677.0,732.2,148.0,5.71
2024-11-09T15:00,32.1,57,551.0,680.3,134.0,5.30
2024-11-09T16:00,31.2,61,373.0,572.3,113.0,4.81
2024-11-09T17:00,30.7,64,172.0,369.0,77.0,4.26
2024-11-09T18:00,29.9,69,23.0,61.2,17.0,4.70
2024-11-09T19:00,29.5,71,0.0,0.0,0.0,3.60
2024-11-09T20:00,29.3,74,0.0,0.0,0.0,3.72
2024-11-09T21:00,29.0,75,0.0,0.0,0.0,3.60
2024-11-09T22:00,28.6,76,0.0,0.0,0.0,2.72
2024-11-09T23:00,28.2,76,0.0,0.0,0.0,2.38
2024-11-10T00:00,27.9,76,0.0,0.0,0.0,1.92
2024-11-10T01:00,27.5,78,0.0,0.0,0.0,2.14
2024-11-10T02:00,27.1,81,0.0,0.0,0.0,2.60
2024-11-10T03:00,26.7,84,0.0,0.0,0.0,2.85
2024-11-10T04:00,27.1,80,0.0,0.0,0.0,2.43
2024-11-10T05:00,26.6,81,0.0,0.0,0.0,2.21
2024-11-10T06:00,26.2,81,0.0,0.0,0.0,2.10
2024-11-10T07:00,26.3,78,8.0,14.3,7.0,1.96
2024-11-10T08:00,28.0,68,126.0,303.5,64.0,1.67
2024-11-10T09:00,29.9,56,322.0,526.9,107.0,1.42
2024-11-10T10:00,31.7,45,507.0,652.1,131.0,1.64
2024-11-10T11:00,32.9,41,650.0,723.0,145.0,2.70
2024-11-10T12:00,33.1,44,729.0,754.0,152.0,4.41
2024-11-10T13:00,32.9,47,738.0,757.3,153.0,5.01
2024-11-10T14:00,32.9,47,675.0,733.7,147.0,4.94
2024-11-10T15:00,32.5,52,547.0,676.6,134.0,4.83
2024-11-10T16:00,31.9,56,370.0,568.4,113.0,4.48
2024-11-10T17:00,30.9,62,171.0,367.8,77.0,4.19
2024-11-10T18:00,30.2,66,22.0,61.8,16.0,3.74
2024-11-10T19:00,29.8,69,0.0,0.0,0.0,3.56
2024-11-10T20:00,29.6,71,0.0,0.0,0.0,3.18
2024-11-10T21:00,29.4,73,0.0,0.0,0.0,2.74
2024-11-10T22:00,29.0,73,0.0,0.0,0.0,3.11
2024-11-10T23:00,28.7,72,0.0,0.0,0.0,3.35
2024-11-11T00:00,28.2,74,0.0,0.0,0.0,3.60
2024-11-11T01:00,27.7,78,0.0,0.0,0.0,3.00
2024-11-11T02:00,27.2,81,0.0,0.0,0.0,2.72
2024-11-11T03:00,26.9,83,0.0,0.0,0.0,3.10
2024-11-11T04:00,27.1,76,0.0,0.0,0.0,3.68
2024-11-11T05:00,26.9,74,0.0,0.0,0.0,3.63
2024-11-11T06:00,26.6,72,0.0,0.0,0.0,3.13
2024-11-11T07:00,26.5,70,7.0,14.5,6.0,2.52
2024-11-11T08:00,28.1,61,124.0,302.4,63.0,2.13
2024-11-11T09:00,29.9,57,320.0,525.6,107.0,2.60
2024-11-11T10:00,31.7,52,505.0,652.0,131.0,3.69
2024-11-11T11:00,32.4,53,645.0,717.6,146.0,5.06
2024-11-11T12:00,32.4,57,721.0,739.9,157.0,6.04
2024-11-11T13:00,32.3,59,728.0,739.4,159.0,6.78
2024-11-11T14:00,32.1,59,623.0,626.3,174.0,7.04
2024-11-11T15:00,31.5,62,506.0,600.4,141.0,7.11
2024-11-11T16:00,30.8,64,341.0,486.7,122.0,7.56
2024-11-11T17:00,30.1,66,165.0,330.9,81.0,7.47
2024-11-11T18:00,29.4,68,21.0,41.5,17.0,7.01
2024-11-11T19:00,29.2,68,0.0,0.0,0.0,6.59
2024-11-11T20:00,29.0,70,0.0,0.0,0.0,5.86
2024-11-11T21:00,28.6,72,0.0,0.0,0.0,5.52
2024-11-11T22:00,28.3,74,0.0,0.0,0.0,4.95
2024-11-11T23:00,27.9,75,0.0,0.0,0.0,4.52
2024-11-12T00:00,27.6,78,0.0,0.0,0.0,4.21
2024-11-12T01:00,27.2,80,0.0,0.0,0.0,4.12
2024-11-12T02:00,26.9,83,0.0,0.0,0.0,4.15
2024-11-12T03:00,26.6,86,0.0,0.0,0.0,4.15
2024-11-12T04:00,26.9,85,0.0,0.0,0.0,3.49
2024-11-12T05:00,26.4,87,0.0,0.0,0.0,3.04
2024-11-12T06:00,26.0,88,0.0,0.0,0.0,2.58
2024-11-12T07:00,25.8,88,7.0,14.8,6.0,2.41
2024-11-12T08:00,27.2,80,119.0,271.2,65.0,2.06
2024-11-12T09:00,28.7,74,317.0,516.9,109.0,2.18
2024-11-12T10:00,30.1,65,506.0,651.9,134.0,2.93
2024-11-12T11:00,31.1,61,651.0,729.4,146.0,4.28
2024-11-12T12:00,31.4,62,730.0,760.0,153.0,4.85
2024-11-12T13:00,31.4,62,740.0,768.3,151.0,5.50
2024-11-12T14:00,31.2,62,672.0,732.2,149.0,5.77
2024-11-12T15:00,30.9,62,536.0,642.4,147.0,5.91
2024-11-12T16:00,30.6,65,373.0,578.2,114.0,3.90
2024-11-12T17:00,29.7,70,169.0,364.9,77.0,3.42
2024-11-12T18:00,29.0,74,21.0,62.8,15.0,3.56
2024-11-12T19:00,28.8,75,0.0,0.0,0.0,3.43
2024-11-12T20:00,28.6,76,0.0,0.0,0.0,3.08
2024-11-12T21:00,28.5,76,0.0,0.0,0.0,2.44
2024-11-12T22:00,28.2,78,0.0,0.0,0.0,2.02
2024-11-12T23:00,27.8,79,0.0,0.0,0.0,1.33
2024-11-13T00:00,27.4,82,0.0,0.0,0.0,1.12
2024-11-13T01:00,27.0,84,0.0,0.0,0.0,1.27
2024-11-13T02:00,26.6,85,0.0,0.0,0.0,1.48
2024-11-13T03:00,26.4,86,0.0,0.0,0.0,1.28
2024-11-13T04:00,26.9,81,0.0,0.0,0.0,1.34
2024-11-13T05:00,26.6,82,0.0,0.0,0.0,1.13
2024-11-13T06:00,26.3,83,0.0,0.0,0.0,1.29
2024-11-13T07:00,26.2,83,7.0,15.1,6.0,1.49
2024-11-13T08:00,27.3,76,123.0,305.3,63.0,1.61
2024-11-13T09:00,29.2,66,320.0,538.1,105.0,2.11
2024-11-13T10:00,30.6,59,507.0,664.1,130.0,2.65
2024-11-13T11:00,31.6,56,650.0,734.1,144.0,2.92
2024-11-13T12:00,32.1,55,731.0,768.3,150.0,3.31
2024-11-13T13:00,31.8,59,739.0,769.8,151.0,3.91
2024-11-13T14:00,31.4,62,675.0,743.4,146.0,4.34
2024-11-13T15:00,30.9,64,547.0,684.7,134.0,4.41
2024-11-13T16:00,30.6,65,371.0,580.8,112.0,3.78
2024-11-13T17:00,29.6,70,172.0,379.2,77.0,3.87
2024-11-13T18:00,28.9,73,21.0,63.3,15.0,3.46
2024-11-13T19:00,28.7,75,0.0,0.0,0.0,2.80
2024-11-13T20:00,28.5,77,0.0,0.0,0.0,2.41
2024-11-13T21:00,28.2,80,0.0,0.0,0.0,2.10
2024-11-13T22:00,27.9,82,0.0,0.0,0.0,1.92
2024-11-13T23:00,27.4,85,0.0,0.0,0.0,1.41
2024-11-14T00:00,27.0,87,0.0,0.0,0.0,1.75
2024-11-14T01:00,26.6,89,0.0,0.0,0.0,1.97
2024-11-14T02:00,26.3,91,0.0,0.0,0.0,2.00
2024-11-14T03:00,25.8,93,0.0,0.0,0.0,1.57
2024-11-14T04:00,26.2,91,0.0,0.0,0.0,1.42
2024-11-14T05:00,25.9,91,0.0,0.0,0.0,1.15
2024-11-14T06:00,25.4,92,0.0,0.0,0.0,0.92
2024-11-14T07:00,25.2,92,6.0,15.4,5.0,1.24
2024-11-14T08:00,26.1,87,120.0,294.0,63.0,1.25
2024-11-14T09:00,27.7,79,318.0,526.8,109.0,0.83
2024-11-14T10:00,29.1,74,507.0,664.1,132.0,0.92
2024-11-14T11:00,30.0,69,649.0,734.4,145.0,1.53
2024-11-14T12:00,30.6,67,730.0,771.4,149.0,2.13
2024-11-14T13:00,31.0,64,738.0,771.4,151.0,2.67
2024-11-14T14:00,30.9,62,676.0,748.9,145.0,3.17
2024-11-14T15:00,30.6,61,549.0,692.3,133.0,3.17
2024-11-14T16:00,30.0,66,370.0,583.4,111.0,3.06
2024-11-14T17:00,29.3,70,170.0,381.6,75.0,2.48
2024-11-14T18:00,28.8,74,21.0,63.8,15.0,2.00
2024-11-14T19:00,28.5,76,0.0,0.0,0.0,2.55
2024-11-14T20:00,28.2,78,0.0,0.0,0.0,2.01
2024-11-14T21:00,27.9,80,0.0,0.0,0.0,1.29
2024-11-14T22:00,27.6,81,0.0,0.0,0.0,1.66
2024-11-14T23:00,27.1,85,0.0,0.0,0.0,1.32
2024-11-15T00:00,26.5,89,0.0,0.0,0.0,1.13
2024-11-15T01:00,26.0,91,0.0,0.0,0.0,0.98
2024-11-15T02:00,25.5,93,0.0,0.0,0.0,0.81
2024-11-15T03:00,25.3,93,0.0,0.0,0.0,0.47
2024-11-15T04:00,25.7,90,0.0,0.0,0.0,0.29
2024-11-15T05:00,25.6,91,0.0,0.0,0.0,0.10
2024-11-15T06:00,25.3,92,0.0,0.0,0.0,0.16
2024-11-15T07:00,25.1,93,6.0,15.7,5.0,0.45
2024-11-15T08:00,26.6,86,118.0,298.0,61.0,0.70
2024-11-15T09:00,28.3,73,310.0,523.0,104.0,0.40
2024-11-15T10:00,29.8,64,493.0,648.1,129.0,0.49
2024-11-15T11:00,30.8,60,631.0,709.9,146.0,1.58
2024-11-15T12:00,31.2,58,713.0,750.4,150.0,2.45
2024-11-15T13:00,31.2,60,725.0,758.4,150.0,2.89
2024-11-15T14:00,30.9,64,637.0,682.3,155.0,3.05
2024-11-15T15:00,30.6,66,520.0,641.4,136.0,2.93
2024-11-15T16:00,30.3,69,351.0,533.8,115.0,2.68
2024-11-15T17:00,29.6,72,164.0,355.6,76.0,2.19
2024-11-15T18:00,29.0,75,20.0,53.6,15.0,1.34
2024-11-15T19:00,28.8,79,0.0,0.0,0.0,0.81
2024-11-15T20:00,28.3,83,0.0,0.0,0.0,0.66
2024-11-15T21:00,27.9,85,0.0,0.0,0.0,0.52
2024-11-15T22:00,27.7,85,0.0,0.0,0.0,0.56
2024-11-15T23:00,27.4,84,0.0,0.0,0.0,1.01
2024-11-16T00:00,27.1,86,0.0,0.0,0.0,1.32
2024-11-16T01:00,26.6,87,0.0,0.0,0.0,1.48
2024-11-16T02:00,26.4,87,0.0,0.0,0.0,1.26
2024-11-16T03:00,26.0,88,0.0,0.0,0.0,1.08
2024-11-16T04:00,26.4,85,0.0,0.0,0.0,0.51
2024-11-16T05:00,26.3,85,0.0,0.0,0.0,0.56
2024-11-16T06:00,25.8,88,0.0,0.0,0.0,0.87
2024-11-16T07:00,26.0,86,6.0,16.0,5.0,1.10
2024-11-16T08:00,27.3,78,115.0,286.3,61.0,1.07
2024-11-16T09:00,29.3,65,308.0,524.3,103.0,0.79
2024-11-16T10:00,30.8,58,496.0,658.7,128.0,0.32
2024-11-16T11:00,31.8,54,635.0,723.3,143.0,0.97
2024-11-16T12:00,32.4,50,703.0,728.0,159.0,2.08
2024-11-16T13:00,32.3,52,712.0,728.1,162.0,2.61
2024-11-16T14:00,31.8,55,635.0,681.8,155.0,2.87
2024-11-16T15:00,31.3,59,498.0,593.5,144.0,3.04
2024-11-16T16:00,31.0,58,300.0,392.9,127.0,3.31
2024-11-16T17:00,30.1,62,138.0,260.1,74.0,3.13
2024-11-16T18:00,29.3,67,19.0,53.9,14.0,2.32
2024-11-16T19:00,29.1,69,0.0,0.0,0.0,1.90
2024-11-16T20:00,28.9,70,0.0,0.0,0.0,1.45
2024-11-16T21:00,28.7,71,0.0,0.0,0.0,1.41
2024-11-16T22:00,28.2,74,0.0,0.0,0.0,1.61
2024-11-16T23:00,28.0,75,0.0,0.0,0.0,1.74
2024-11-17T00:00,27.7,77,0.0,0.0,0.0,2.00
2024-11-17T01:00,27.2,78,0.0,0.0,0.0,1.77
2024-11-17T02:00,26.8,78,0.0,0.0,0.0,1.49
2024-11-17T03:00,26.4,77,0.0,0.0,0.0,1.54
2024-11-17T04:00,27.0,79,0.0,0.0,0.0,1.42
2024-11-17T05:00,26.7,78,0.0,0.0,0.0,1.35
2024-11-17T06:00,26.4,78,0.0,0.0,0.0,1.33
2024-11-17T07:00,26.4,77,5.0,16.4,4.0,1.64
2024-11-17T08:00,27.7,71,114.0,295.8,59.0,1.56
2024-11-17T09:00,30.0,61,306.0,525.6,102.0,0.87
2024-11-17T10:00,31.9,50,492.0,656.8,127.0,0.40
2024-11-17T11:00,32.8,45,633.0,726.5,141.0,1.94
2024-11-17T12:00,32.4,48,701.0,726.8,160.0,3.35
2024-11-17T13:00,31.9,53,689.0,701.5,161.0,3.21
2024-11-17T14:00,31.9,54,625.0,655.7,165.0,2.82
2024-11-17T15:00,31.5,55,518.0,646.0,134.0,2.85
2024-11-17T16:00,31.3,53,362.0,574.5,110.0,2.76
2024-11-17T17:00,30.3,57,168.0,384.0,74.0,2.40
2024-11-17T18:00,29.6,61,20.0,54.3,15.0,2.02
2024-11-17T19:00,29.3,65,0.0,0.0,0.0,2.62
2024-11-17T20:00,29.0,67,0.0,0.0,0.0,2.87
2024-11-17T21:00,28.6,70,0.0,0.0,0.0,2.84
2024-11-17T22:00,28.1,73,0.0,0.0,0.0,2.45
2024-11-17T23:00,27.7,74,0.0,0.0,0.0,2.25
2024-11-18T00:00,27.2,76,0.0,0.0,0.0,2.07
2024-11-18T01:00,26.8,78,0.0,0.0,0.0,1.82
2024-11-18T02:00,26.4,80,0.0,0.0,0.0,1.70
2024-11-18T03:00,26.0,81,0.0,0.0,0.0,1.61
2024-11-18T04:00,25.8,83,0.0,0.0,0.0,1.12
2024-11-18T05:00,25.2,85,0.0,0.0,0.0,1.06
2024-11-18T06:00,24.7,85,0.0,0.0,0.0,0.98
2024-11-18T07:00,24.7,84,5.0,16.7,4.0,1.06
2024-11-18T08:00,26.3,76,115.0,305.5,59.0,1.41
2024-11-18T09:00,28.3,63,312.0,542.5,103.0,1.41
2024-11-18T10:00,30.3,51,502.0,678.5,127.0,1.37
2024-11-18T11:00,31.6,43,648.0,752.0,141.0,1.58
2024-11-18T12:00,32.0,44,729.0,783.5,148.0,2.80
2024-11-18T13:00,31.8,48,739.0,786.6,149.0,3.49
2024-11-18T14:00,31.6,49,675.0,760.9,143.0,3.40
2024-11-18T15:00,31.2,53,547.0,702.2,131.0,3.62
2024-11-18T16:00,30.3,61,365.0,583.5,110.0,3.93
2024-11-18T17:00,29.3,66,168.0,381.8,75.0,3.90
2024-11-18T18:00,28.5,70,20.0,54.6,15.0,3.85
2024-11-18T19:00,28.2,71,0.0,0.0,0.0,3.65
2024-11-18T20:00,27.9,71,0.0,0.0,0.0,3.52
2024-11-18T21:00,27.5,69,0.0,0.0,0.0,3.08
2024-11-18T22:00,27.1,69,0.0,0.0,0.0,2.55
2024-11-18T23:00,26.6,69,0.0,0.0,0.0,2.28
2024-11-19T00:00,26.1,71,0.0,0.0,0.0,1.79
2024-11-19T01:00,25.6,72,0.0,0.0,0.0,1.79
2024-11-19T02:00,25.3,72,0.0,0.0,0.0,1.82
2024-11-19T03:00,25.1,72,0.0,0.0,0.0,2.07
2024-11-19T04:00,25.0,70,0.0,0.0,0.0,2.26
2024-11-19T05:00,24.7,70,0.0,0.0,0.0,2.35
2024-11-19T06:00,24.5,70,0.0,0.0,0.0,2.35
2024-11-19T07:00,24.5,69,5.0,17.1,4.0,2.52
2024-11-19T08:00,25.6,65,113.0,299.0,59.0,2.27
2024-11-19T09:00,27.5,58,308.0,538.7,102.0,1.84
2024-11-19T10:00,29.5,51,491.0,658.4,129.0,2.76
2024-11-19T11:00,30.7,47,634.0,732.9,142.0,3.20
2024-11-19T12:00,31.3,46,717.0,768.9,149.0,3.62
2024-11-19T13:00,31.5,48,727.0,774.6,148.0,4.03
2024-11-19T14:00,31.0,51,666.0,750.5,143.0,4.77
2024-11-19T15:00,30.5,50,538.0,691.0,130.0,5.24
2024-11-19T16:00,29.9,51,363.0,581.0,110.0,5.31
2024-11-19T17:00,29.0,55,165.0,375.4,74.0,5.07
2024-11-19T18:00,28.6,58,19.0,54.9,14.0,5.03
2024-11-19T19:00,28.2,60,0.0,0.0,0.0,4.75
2024-11-19T20:00,28.0,62,0.0,0.0,0.0,4.41
2024-11-19T21:00,27.6,64,0.0,0.0,0.0,4.10
2024-11-19T22:00,27.2,66,0.0,0.0,0.0,3.80
2024-11-19T23:00,26.9,68,0.0,0.0,0.0,3.36
2024-11-20T00:00,26.6,68,0.0,0.0,0.0,3.26
2024-11-20T01:00,26.2,69,0.0,0.0,0.0,2.93
2024-11-20T02:00,25.7,68,0.0,0.0,0.0,2.79
2024-11-20T03:00,25.2,66,0.0,0.0,0.0,2.52
2024-11-20T04:00,25.0,67,0.0,0.0,0.0,2.67
2024-11-20T05:00,24.9,68,0.0,0.0,0.0,2.95
2024-11-20T06:00,24.5,70,0.0,0.0,0.0,2.82
2024-11-20T07:00,24.2,70,4.0,0.0,4.0,2.66
2024-11-20T08:00,25.1,65,110.0,292.2,58.0,2.42
2024-11-20T09:00,26.8,60,304.0,532.2,102.0,2.57
2024-11-20T10:00,28.3,59,491.0,667.5,126.0,3.35
2024-11-20T11:00,29.4,55,629.0,731.6,140.0,3.75
2024-11-20T12:00,30.2,54,708.0,760.9,148.0,4.19
2024-11-20T13:00,30.0,55,716.0,759.8,150.0,5.10
2024-11-20T14:00,29.7,55,655.0,735.6,144.0,5.22
2024-11-20T15:00,29.3,55,529.0,676.2,131.0,5.23
2024-11-20T16:00,29.0,56,356.0,569.1,109.0,4.90
2024-11-20T17:00,28.3,58,162.0,368.7,73.0,4.47
2024-11-20T18:00,27.7,61,19.0,55.2,14.0,4.14
2024-11-20T19:00,27.6,63,0.0,0.0,0.0,3.93
2024-11-20T20:00,27.2,66,0.0,0.0,0.0,4.25
2024-11-20T21:00,26.9,68,0.0,0.0,0.0,4.21
2024-11-20T22:00,26.6,69,0.0,0.0,0.0,4.16
2024-11-20T23:00,26.3,69,0.0,0.0,0.0,3.95
2024-11-21T00:00,26.0,69,0.0,0.0,0.0,3.52
2024-11-21T01:00,25.5,70,0.0,0.0,0.0,2.99
2024-11-21T02:00,24.9,70,0.0,0.0,0.0,2.58
2024-11-21T03:00,24.5,68,0.0,0.0,0.0,2.33
2024-11-21T04:00,24.3,66,0.0,0.0,0.0,2.15
2024-11-21T05:00,24.2,67,0.0,0.0,0.0,2.03
2024-11-21T06:00,24.0,69,0.0,0.0,0.0,1.87
2024-11-21T07:00,23.6,70,4.0,0.0,4.0,1.76
2024-11-21T08:00,24.8,67,108.0,290.9,57.0,2.06
2024-11-21T09:00,26.5,61,300.0,528.2,101.0,1.88
2024-11-21T10:00,28.0,58,485.0,661.8,125.0,2.57
2024-11-21T11:00,29.0,55,626.0,730.2,140.0,2.89
2024-11-21T12:00,29.6,55,705.0,761.0,147.0,3.08
2024-11-21T13:00,29.9,55,715.0,763.7,148.0,3.48
2024-11-21T14:00,29.8,57,655.0,739.4,143.0,3.72
2024-11-21T15:00,29.4,57,530.0,681.7,130.0,3.91
2024-11-21T16:00,29.0,57,356.0,568.6,110.0,3.90
2024-11-21T17:00,28.3,58,162.0,366.1,74.0,3.94
2024-11-21T18:00,27.7,59,19.0,55.5,14.0,3.87
2024-11-21T19:00,27.6,60,0.0,0.0,0.0,3.70
2024-11-21T20:00,27.2,61,0.0,0.0,0.0,3.26
2024-11-21T21:00,26.7,64,0.0,0.0,0.0,2.77
2024-11-21T22:00,26.3,65,0.0,0.0,0.0,2.51
2024-11-21T23:00,25.9,67,0.0,0.0,0.0,2.35
2024-11-22T00:00,25.6,68,0.0,0.0,0.0,2.23
2024-11-22T01:00,25.1,69,0.0,0.0,0.0,2.12
2024-11-22T02:00,24.8,68,0.0,0.0,0.0,1.73
2024-11-22T03:00,24.3,68,0.0,0.0,0.0,1.32
2024-11-22T04:00,24.7,68,0.0,0.0,0.0,1.78
2024-11-22T05:00,24.5,69,0.0,0.0,0.0,1.68
2024-11-22T06:00,24.2,69,0.0,0.0,0.0,1.72
2024-11-22T07:00,23.9,69,4.0,0.0,4.0,1.51
2024-11-22T08:00,25.1,64,103.0,278.0,55.0,1.77
2024-11-22T09:00,27.0,56,291.0,508.1,101.0,1.32
2024-11-22T10:00,28.7,54,473.0,643.1,125.0,1.61
2024-11-22T11:00,29.7,53,612.0,715.2,138.0,1.84
2024-11-22T12:00,30.2,54,693.0,750.1,145.0,2.64
2024-11-22T13:00,30.1,57,702.0,751.3,146.0,3.27
2024-11-22T14:00,30.0,58,637.0,708.3,148.0,3.43
2024-11-22T15:00,29.9,58,517.0,652.9,135.0,3.61
2024-11-22T16:00,29.5,61,345.0,540.2,112.0,3.58
2024-11-22T17:00,28.7,65,156.0,346.6,73.0,3.43
2024-11-22T18:00,28.1,69,18.0,44.6,14.0,3.48
2024-11-22T19:00,27.9,71,0.0,0.0,0.0,3.35
2024-11-22T20:00,27.6,72,0.0,0.0,0.0,3.41
2024-11-22T21:00,27.3,73,0.0,0.0,0.0,2.98
2024-11-22T22:00,26.9,75,0.0,0.0,0.0,2.70
2024-11-22T23:00,26.5,76,0.0,0.0,0.0,2.48
2024-11-23T00:00,26.2,78,0.0,0.0,0.0,2.34
2024-11-23T01:00,25.9,79,0.0,0.0,0.0,2.24
2024-11-23T02:00,25.6,80,0.0,0.0,0.0,2.15
2024-11-23T03:00,25.4,80,0.0,0.0,0.0,1.84
2024-11-23T04:00,25.7,76,0.0,0.0,0.0,1.90
2024-11-23T05:00,25.4,75,0.0,0.0,0.0,1.74
2024-11-23T06:00,25.3,75,0.0,0.0,0.0,1.70
2024-11-23T07:00,25.4,74,3.0,0.0,3.0,1.92
2024-11-23T08:00,26.3,71,100.0,270.5,54.0,2.16
2024-11-23T09:00,27.7,65,285.0,498.4,100.0,2.00
2024-11-23T10:00,29.0,64,464.0,624.2,128.0,2.43
2024-11-23T11:00,29.8,62,602.0,693.9,144.0,2.60
2024-11-23T12:00,30.4,63,681.0,729.4,150.0,2.90
2024-11-23T13:00,30.4,64,693.0,737.4,149.0,3.30
2024-11-23T14:00,30.4,63,635.0,714.7,143.0,3.32
2024-11-23T15:00,30.0,64,515.0,659.8,130.0,3.40
2024-11-23T16:00,29.6,63,345.0,548.7,109.0,3.57
2024-11-23T17:00,28.8,66,156.0,351.9,72.0,3.04
2024-11-23T18:00,28.2,69,18.0,44.7,14.0,2.66
2024-11-23T19:00,28.0,71,0.0,0.0,0.0,2.53
2024-11-23T20:00,27.8,72,0.0,0.0,0.0,2.45
2024-11-23T21:00,27.5,73,0.0,0.0,0.0,2.21
2024-11-23T22:00,27.1,75,0.0,0.0,0.0,1.78
2024-11-23T23:00,26.8,76,0.0,0.0,0.0,1.70
2024-11-24T00:00,26.3,78,0.0,0.0,0.0,1.57
2024-11-24T01:00,26.0,79,0.0,0.0,0.0,1.52
2024-11-24T02:00,25.8,80,0.0,0.0,0.0,1.38
2024-11-24T03:00,25.7,80,0.0,0.0,0.0,1.49
2024-11-24T04:00,25.5,81,0.0,0.0,0.0,1.03
2024-11-24T05:00,25.5,80,0.0,0.0,0.0,1.21
2024-11-24T06:00,25.3,82,0.0,0.0,0.0,1.00
2024-11-24T07:00,25.6,80,3.0,0.0,3.0,2.32
2024-11-24T08:00,26.2,78,89.0,209.0,54.0,2.65
2024-11-24T09:00,26.8,74,273.0,450.6,107.0,1.82
2024-11-24T10:00,25.9,77,333.0,319.3,162.0,2.69
2024-11-24T11:00,26.0,77,564.0,607.0,165.0,3.22
2024-11-24T12:00,27.3,72,614.0,567.9,202.0,2.06
2024-11-24T13:00,27.9,71,648.0,641.8,176.0,1.86
2024-11-24T14:00,28.0,69,568.0,556.4,186.0,2.67
2024-11-24T15:00,28.4,61,477.0,560.2,151.0,3.29
2024-11-24T16:00,27.7,69,297.0,398.6,126.0,0.47
2024-11-24T17:00,27.8,68,130.0,235.3,74.0,1.20
2024-11-24T18:00,27.3,77,16.0,44.9,12.0,0.32
2024-11-24T19:00,25.8,79,0.0,0.0,0.0,0.25
2024-11-24T20:00,22.8,94,0.0,0.0,0.0,3.22
2024-11-24T21:00,23.0,90,0.0,0.0,0.0,4.35
2024-11-24T22:00,22.7,88,0.0,0.0,0.0,2.75
2024-11-24T23:00,23.0,88,0.0,0.0,0.0,1.52
2024-11-25T00:00,22.8,90,0.0,0.0,0.0,1.19
2024-11-25T01:00,22.6,92,0.0,0.0,0.0,0.69
2024-11-25T02:00,22.8,91,0.0,0.0,0.0,0.56
2024-11-25T03:00,22.9,90,0.0,0.0,0.0,1.07
2024-11-25T04:00,24.2,87,0.0,0.0,0.0,0.18
2024-11-25T05:00,22.8,93,0.0,0.0,0.0,2.26
2024-11-25T06:00,22.7,92,0.0,0.0,0.0,1.29
2024-11-25T07:00,22.8,91,2.0,0.0,2.0,1.75
2024-11-25T08:00,23.3,89,51.0,48.5,43.0,2.71
2024-11-25T09:00,23.8,88,111.0,46.5,94.0,2.02
2024-11-25T10:00,25.0,82,347.0,315.3,179.0,3.21
2024-11-25T11:00,25.3,80,289.0,76.4,239.0,1.80
2024-11-25T12:00,26.4,77,516.0,320.9,284.0,1.38
2024-11-25T13:00,26.2,75,268.0,77.7,211.0,1.60
2024-11-25T14:00,25.7,79,388.0,185.5,261.0,2.20
2024-11-25T15:00,25.4,80,287.0,168.8,189.0,2.60
2024-11-25T16:00,26.2,78,299.0,383.2,135.0,0.25
2024-11-25T17:00,26.0,79,130.0,240.1,73.0,0.43
2024-11-25T18:00,24.5,87,15.0,33.8,12.0,1.33
2024-11-25T19:00,22.9,92,0.0,0.0,0.0,2.53
2024-11-25T20:00,23.1,90,0.0,0.0,0.0,1.20
2024-11-25T21:00,22.0,95,0.0,0.0,0.0,1.34
2024-11-25T22:00,22.0,94,0.0,0.0,0.0,1.22
2024-11-25T23:00,21.8,91,0.0,0.0,0.0,1.45
2024-11-26T00:00,21.1,94,0.0,0.0,0.0,2.42
2024-11-26T01:00,21.1,92,0.0,0.0,0.0,2.08
2024-11-26T02:00,21.2,95,0.0,0.0,0.0,1.65
2024-11-26T03:00,22.3,92,0.0,0.0,0.0,1.80
2024-11-26T04:00,22.3,90,0.0,0.0,0.0,1.80
2024-11-26T05:00,21.7,93,0.0,0.0,0.0,2.55
2024-11-26T06:00,21.7,93,0.0,0.0,0.0,1.36
2024-11-26T07:00,21.6,92,2.0,0.0,2.0,1.28
2024-11-26T08:00,21.6,87,71.0,178.7,42.0,2.36
2024-11-26T09:00,22.6,86,166.0,157.0,109.0,2.19
2024-11-26T10:00,23.5,84,358.0,401.8,145.0,1.90
2024-11-26T11:00,24.4,81,466.0,420.2,192.0,2.72
2024-11-26T12:00,24.9,76,484.0,409.3,189.0,1.87
2024-11-26T13:00,24.7,79,540.0,440.4,218.0,1.63
2024-11-26T14:00,24.7,79,479.0,464.2,162.0,1.91
2024-11-26T15:00,25.0,80,407.0,397.1,177.0,1.05
2024-11-26T16:00,27.9,62,316.0,461.3,119.0,2.29
2024-11-26T17:00,27.1,67,142.0,282.9,75.0,2.89
2024-11-26T18:00,25.8,76,16.0,33.8,13.0,2.71
2024-11-26T19:00,25.1,81,0.0,0.0,0.0,2.13
2024-11-26T20:00,24.6,81,0.0,0.0,0.0,2.91
2024-11-26T21:00,24.5,78,0.0,0.0,0.0,3.07
2024-11-26T22:00,24.1,80,0.0,0.0,0.0,3.16
2024-11-26T23:00,23.9,77,0.0,0.0,0.0,2.72
2024-11-27T00:00,23.8,75,0.0,0.0,0.0,2.75
2024-11-27T01:00,23.4,72,0.0,0.0,0.0,2.91
2024-11-27T02:00,23.2,71,0.0,0.0,0.0,3.32
2024-11-27T03:00,23.0,71,0.0,0.0,0.0,2.98
2024-11-27T04:00,23.6,71,0.0,0.0,0.0,3.16
2024-11-27T05:00,23.3,69,0.0,0.0,0.0,3.26
2024-11-27T06:00,22.8,69,0.0,0.0,0.0,3.41
2024-11-27T07:00,22.4,72,2.0,0.0,2.0,3.39
2024-11-27T08:00,23.1,69,90.0,237.8,52.0,3.58
2024-11-27T09:00,24.5,63,238.0,352.4,111.0,3.46
2024-11-27T10:00,26.1,55,464.0,635.1,129.0,3.81
2024-11-27T11:00,27.4,50,615.0,735.9,137.0,3.93
2024-11-27T12:00,28.2,51,681.0,737.8,151.0,4.24
2024-11-27T13:00,28.4,54,676.0,704.9,162.0,4.72
2024-11-27T14:00,27.8,58,608.0,634.1,176.0,5.67
2024-11-27T15:00,26.8,63,517.0,664.4,133.0,6.07
2024-11-27T16:00,26.6,64,347.0,553.7,111.0,5.91
2024-11-27T17:00,26.2,65,156.0,346.8,74.0,5.59
2024-11-27T18:00,25.6,67,18.0,45.2,14.0,5.27
2024-11-27T19:00,25.4,68,0.0,0.0,0.0,4.94
2024-11-27T20:00,25.1,69,0.0,0.0,0.0,4.50
2024-11-27T21:00,24.9,71,0.0,0.0,0.0,4.38
2024-11-27T22:00,24.7,70,0.0,0.0,0.0,4.46
2024-11-27T23:00,24.6,70,0.0,0.0,0.0,4.52
2024-11-28T00:00,24.4,71,0.0,0.0,0.0,4.45
2024-11-28T01:00,24.0,72,0.0,0.0,0.0,3.91
2024-11-28T02:00,23.6,74,0.0,0.0,0.0,3.59
2024-11-28T03:00,22.9,74,0.0,0.0,0.0,3.27
2024-11-28T04:00,22.9,71,0.0,0.0,0.0,3.41
2024-11-28T05:00,22.3,67,0.0,0.0,0.0,3.33
2024-11-28T06:00,22.4,63,0.0,0.0,0.0,3.22
2024-11-28T07:00,22.8,62,2.0,0.0,2.0,3.42
2024-11-28T08:00,23.9,61,94.0,267.0,52.0,3.40
2024-11-28T09:00,25.3,55,281.0,511.4,98.0,3.35
2024-11-28T10:00,26.8,51,463.0,645.8,124.0,3.40
2024-11-28T11:00,28.2,47,604.0,718.5,139.0,3.80
2024-11-28T12:00,29.1,49,686.0,754.0,146.0,4.44
2024-11-28T13:00,28.9,54,699.0,759.0,147.0,5.33
2024-11-28T14:00,28.5,56,642.0,735.5,142.0,5.42
2024-11-28T15:00,28.2,57,521.0,677.8,130.0,5.29
2024-11-28T16:00,28.0,58,347.0,552.3,112.0,5.15
2024-11-28T17:00,27.4,59,155.0,330.3,77.0,4.84
2024-11-28T18:00,27.0,61,18.0,33.9,15.0,4.43
2024-11-28T19:00,26.7,63,0.0,0.0,0.0,4.30
2024-11-28T20:00,26.4,62,0.0,0.0,0.0,3.52
2024-11-28T21:00,26.3,62,0.0,0.0,0.0,3.46
2024-11-28T22:00,26.0,64,0.0,0.0,0.0,3.31
2024-11-28T23:00,25.7,65,0.0,0.0,0.0,3.15
2024-11-29T00:00,25.4,67,0.0,0.0,0.0,3.20
2024-11-29T01:00,25.2,69,0.0,0.0,0.0,3.30
2024-11-29T02:00,25.0,70,0.0,0.0,0.0,3.26
2024-11-29T03:00,24.6,72,0.0,0.0,0.0,3.20
2024-11-29T04:00,25.1,69,0.0,0.0,0.0,3.16
2024-11-29T05:00,24.6,69,0.0,0.0,0.0,2.79
2024-11-29T06:00,24.3,69,0.0,0.0,0.0,2.50
2024-11-29T07:00,24.1,68,2.0,0.0,2.0,2.24
2024-11-29T08:00,25.1,62,92.0,264.9,51.0,2.08
2024-11-29T09:00,27.1,53,278.0,506.6,98.0,1.72
2024-11-29T10:00,28.8,50,462.0,648.9,123.0,2.26
2024-11-29T11:00,29.8,49,605.0,724.3,138.0,3.37
2024-11-29T12:00,30.0,51,686.0,756.3,146.0,4.02
2024-11-29T13:00,29.7,53,700.0,763.7,146.0,4.56
2024-11-29T14:00,29.4,55,643.0,738.6,142.0,4.65
2024-11-29T15:00,28.9,56,522.0,679.1,131.0,4.72
2024-11-29T16:00,28.6,59,337.0,510.7,120.0,4.67
2024-11-29T17:00,27.9,60,158.0,356.1,74.0,4.83
2024-11-29T18:00,27.3,61,18.0,45.3,14.0,4.41
2024-11-29T19:00,27.1,62,0.0,0.0,0.0,3.90
2024-11-29T20:00,26.9,62,0.0,0.0,0.0,3.67
2024-11-29T21:00,26.6,62,0.0,0.0,0.0,3.17
2024-11-29T22:00,26.2,63,0.0,0.0,0.0,2.90
2024-11-29T23:00,25.8,64,0.0,0.0,0.0,2.80
2024-11-30T00:00,25.4,66,0.0,0.0,0.0,2.60
2024-11-30T01:00,25.1,68,0.0,0.0,0.0,2.45
2024-11-30T02:00,24.8,70,0.0,0.0,0.0,2.35
2024-11-30T03:00,24.4,71,0.0,0.0,0.0,2.40
2024-11-30T04:00,24.3,69,0.0,0.0,0.0,2.43
2024-11-30T05:00,23.9,71,0.0,0.0,0.0,2.24
2024-11-30T06:00,23.5,72,0.0,0.0,0.0,1.96
2024-11-30T07:00,23.0,74,2.0,0.0,2.0,1.79
2024-11-30T08:00,23.9,69,90.0,262.5,50.0,1.92
2024-11-30T09:00,26.0,60,275.0,499.0,99.0,1.79
2024-11-30T10:00,27.8,52,459.0,642.5,125.0,2.56
2024-11-30T11:00,28.9,47,603.0,722.3,139.0,2.62
2024-11-30T12:00,29.6,45,685.0,755.7,147.0,3.01
2024-11-30T13:00,29.7,46,700.0,762.8,148.0,3.41
2024-11-30T14:00,29.6,48,645.0,743.1,142.0,3.83
2024-11-30T15:00,29.2,49,525.0,688.9,129.0,4.07
2024-11-30T16:00,28.5,50,353.0,574.9,109.0,4.38
2024-11-30T17:00,27.6,54,160.0,369.0,73.0,4.31
2024-11-30T18:00,27.0,56,18.0,56.6,13.0,3.91
2024-11-30T19:00,26.9,57,0.0,0.0,0.0,3.89
2024-11-30T20:00,26.6,58,0.0,0.0,0.0,3.82
2024-11-30T21:00,26.1,60,0.0,0.0,0.0,3.26
2024-11-30T22:00,25.7,62,0.0,0.0,0.0,2.96
2024-11-30T23:00,25.2,64,0.0,0.0,0.0,2.87
2024-12-01T00:00,24.7,66,0.0,0.0,0.0,2.74
2024-12-01T01:00,24.2,68,0.0,0.0,0.0,2.47
2024-12-01T02:00,23.7,70,0.0,0.0,0.0,2.37
2024-12-01T03:00,23.3,69,0.0,0.0,0.0,2.30
2024-12-01T04:00,23.5,64,0.0,0.0,0.0,2.33
2024-12-01T05:00,23.2,65,0.0,0.0,0.0,2.49
2024-12-01T06:00,23.0,66,0.0,0.0,0.0,2.61
2024-12-01T07:00,22.8,68,1.0,0.0,1.0,2.69
2024-12-01T08:00,23.8,65,88.0,258.2,49.0,2.61
2024-12-01T09:00,25.5,61,271.0,494.1,98.0,2.71
2024-12-01T10:00,27.0,55,455.0,634.0,127.0,2.98
2024-12-01T11:00,28.1,50,599.0,718.7,139.0,2.88
2024-12-01T12:00,28.9,48,683.0,756.5,146.0,3.05
2024-12-01T13:00,29.2,48,699.0,764.6,147.0,3.44
2024-12-01T14:00,29.0,50,644.0,743.0,142.0,4.02
2024-12-01T15:00,28.4,51,524.0,686.4,130.0,4.35
2024-12-01T16:00,27.9,50,359.0,589.7,109.0,4.30
2024-12-01T17:00,27.1,53,164.0,381.7,74.0,4.16
2024-12-01T18:00,26.5,56,19.0,56.5,14.0,3.76
2024-12-01T19:00,26.3,57,0.0,0.0,0.0,3.62
2024-12-01T20:00,26.0,58,0.0,0.0,0.0,3.35
2024-12-01T21:00,25.6,60,0.0,0.0,0.0,3.00
2024-12-01T22:00,25.2,62,0.0,0.0,0.0,2.67
2024-12-01T23:00,24.6,64,0.0,0.0,0.0,2.74
2024-12-02T00:00,24.2,66,0.0,0.0,0.0,2.47
2024-12-02T01:00,23.7,69,0.0,0.0,0.0,2.18
2024-12-02T02:00,23.2,71,0.0,0.0,0.0,2.04
2024-12-02T03:00,22.7,71,0.0,0.0,0.0,1.91
2024-12-02T04:00,23.4,66,0.0,0.0,0.0,2.07
2024-12-02T05:00,23.1,65,0.0,0.0,0.0,2.16
2024-12-02T06:00,22.8,66,0.0,0.0,0.0,1.86
2024-12-02T07:00,22.7,65,1.0,0.0,1.0,1.66
2024-12-02T08:00,23.8,60,82.0,207.1,51.0,1.79
2024-12-02T09:00,25.7,53,271.0,494.9,99.0,1.96
2024-12-02T10:00,27.4,45,459.0,652.6,123.0,1.97
2024-12-02T11:00,28.8,40,601.0,727.6,137.0,2.02
2024-12-02T12:00,29.6,38,684.0,761.5,145.0,2.44
2024-12-02T13:00,29.5,41,677.0,705.2,169.0,3.53
2024-12-02T14:00,29.0,45,641.0,735.4,145.0,3.82
2024-12-02T15:00,28.6,48,519.0,661.1,140.0,3.51
2024-12-02T16:00,28.4,51,332.0,491.0,124.0,3.17
2024-12-02T17:00,27.7,54,159.0,360.4,74.0,2.97
2024-12-02T18:00,27.1,59,19.0,56.5,14.0,3.00
2024-12-02T19:00,26.8,61,0.0,0.0,0.0,3.18
2024-12-02T20:00,26.6,62,0.0,0.0,0.0,2.91
2024-12-02T21:00,26.3,62,0.0,0.0,0.0,2.55
2024-12-02T22:00,25.9,63,0.0,0.0,0.0,2.14
2024-12-02T23:00,25.5,64,0.0,0.0,0.0,2.04
2024-12-03T00:00,25.1,65,0.0,0.0,0.0,1.90
2024-12-03T01:00,24.7,67,0.0,0.0,0.0,1.86
2024-12-03T02:00,24.3,68,0.0,0.0,0.0,1.75
2024-12-03T03:00,24.0,68,0.0,0.0,0.0,1.83
2024-12-03T04:00,24.3,66,0.0,0.0,0.0,1.95
2024-12-03T05:00,24.1,65,0.0,0.0,0.0,1.92
2024-12-03T06:00,23.8,64,0.0,0.0,0.0,1.70
2024-12-03T07:00,23.5,64,1.0,0.0,1.0,1.38
2024-12-03T08:00,24.6,60,81.0,215.7,49.0,1.27
2024-12-03T09:00,26.6,54,253.0,423.2,107.0,1.32
2024-12-03T10:00,27.8,54,389.0,439.1,164.0,1.46
2024-12-03T11:00,28.8,52,544.0,585.4,172.0,1.98
2024-12-03T12:00,29.2,53,603.0,599.2,180.0,2.53
2024-12-03T13:00,29.3,54,604.0,559.3,202.0,3.25
2024-12-03T14:00,29.0,57,551.0,548.0,182.0,3.60
2024-12-03T15:00,28.4,59,484.0,590.3,146.0,3.98
2024-12-03T16:00,28.3,60,331.0,500.7,119.0,3.58
2024-12-03T17:00,27.6,63,158.0,355.9,74.0,3.65
2024-12-03T18:00,26.9,65,19.0,56.4,14.0,3.25
2024-12-03T19:00,26.9,63,0.0,0.0,0.0,3.18
2024-12-03T20:00,26.7,63,0.0,0.0,0.0,3.22
2024-12-03T21:00,26.5,62,0.0,0.0,0.0,2.72
2024-12-03T22:00,26.2,63,0.0,0.0,0.0,2.51
2024-12-03T23:00,25.8,64,0.0,0.0,0.0,2.44
2024-12-04T00:00,25.5,65,0.0,0.0,0.0,2.51
2024-12-04T01:00,25.2,65,0.0,0.0,0.0,2.46
2024-12-04T02:00,25.0,65,0.0,0.0,0.0,2.53
2024-12-04T03:00,24.9,64,0.0,0.0,0.0,2.42
2024-12-04T04:00,25.1,61,0.0,0.0,0.0,2.65
2024-12-04T05:00,25.2,59,0.0,0.0,0.0,2.50
2024-12-04T06:00,25.0,58,0.0,0.0,0.0,2.66
2024-12-04T07:00,24.7,58,1.0,0.0,1.0,2.84
2024-12-04T08:00,25.3,55,72.0,170.0,47.0,2.43
2024-12-04T09:00,26.5,52,221.0,312.4,114.0,2.72
2024-12-04T10:00,27.8,51,410.0,507.8,151.0,3.00
2024-12-04T11:00,28.9,47,555.0,607.9,170.0,3.06
2024-12-04T12:00,29.7,45,657.0,698.8,165.0,3.27
2024-12-04T13:00,29.9,46,650.0,659.4,177.0,3.63
2024-12-04T14:00,29.7,48,613.0,672.3,161.0,4.26
2024-12-04T15:00,29.2,48,499.0,629.4,139.0,4.57
2024-12-04T16:00,28.9,49,349.0,564.6,110.0,4.16
2024-12-04T17:00,28.0,51,160.0,368.2,73.0,4.49
2024-12-04T18:00,27.1,53,19.0,56.2,14.0,4.61
2024-12-04T19:00,26.7,54,0.0,0.0,0.0,4.08
2024-12-04T20:00,26.4,54,0.0,0.0,0.0,3.98
2024-12-04T21:00,26.2,55,0.0,0.0,0.0,3.62
2024-12-04T22:00,26.0,55,0.0,0.0,0.0,3.67
2024-12-04T23:00,25.8,56,0.0,0.0,0.0,3.65
2024-12-05T00:00,25.4,56,0.0,0.0,0.0,3.28
2024-12-05T01:00,25.0,55,0.0,0.0,0.0,3.25
2024-12-05T02:00,24.5,51,0.0,0.0,0.0,3.13
2024-12-05T03:00,24.3,51,0.0,0.0,0.0,2.90
2024-12-05T04:00,24.3,53,0.0,0.0,0.0,2.56
2024-12-05T05:00,24.0,53,0.0,0.0,0.0,2.67
2024-12-05T06:00,23.8,54,0.0,0.0,0.0,2.72
2024-12-05T07:00,23.7,55,1.0,0.0,1.0,2.95
2024-12-05T08:00,24.6,54,81.0,240.2,46.0,2.96
2024-12-05T09:00,26.3,52,262.0,491.2,95.0,2.95
2024-12-05T10:00,27.7,51,445.0,638.3,121.0,3.36
2024-12-05T11:00,28.6,50,590.0,720.9,135.0,3.44
2024-12-05T12:00,29.2,50,676.0,764.7,139.0,3.56
2024-12-05T13:00,29.4,52,692.0,768.3,142.0,3.80
2024-12-05T14:00,28.8,57,634.0,734.4,141.0,4.26
2024-12-05T15:00,28.2,59,517.0,678.9,129.0,4.56
2024-12-05T16:00,27.7,62,348.0,564.7,109.0,4.18
2024-12-05T17:00,26.9,65,159.0,363.4,73.0,4.09
2024-12-05T18:00,26.3,67,19.0,56.1,14.0,3.87
2024-12-05T19:00,26.0,67,0.0,0.0,0.0,3.97
2024-12-05T20:00,25.8,67,0.0,0.0,0.0,3.79
2024-12-05T21:00,25.6,67,0.0,0.0,0.0,3.76
2024-12-05T22:00,25.3,68,0.0,0.0,0.0,3.60
2024-12-05T23:00,24.9,69,0.0,0.0,0.0,3.30
2024-12-06T00:00,24.5,69,0.0,0.0,0.0,2.98
2024-12-06T01:00,24.2,67,0.0,0.0,0.0,2.71
2024-12-06T02:00,23.9,64,0.0,0.0,0.0,2.37
2024-12-06T03:00,23.7,61,0.0,0.0,0.0,2.41
2024-12-06T04:00,24.0,58,0.0,0.0,0.0,2.08
2024-12-06T05:00,23.8,57,0.0,0.0,0.0,1.72
2024-12-06T06:00,23.4,59,0.0,0.0,0.0,1.26
2024-12-06T07:00,23.0,61,1.0,0.0,1.0,1.12
2024-12-06T08:00,24.4,56,79.0,235.5,45.0,1.66
2024-12-06T09:00,26.3,50,260.0,488.9,95.0,1.55
2024-12-06T10:00,28.3,47,444.0,639.3,121.0,1.72
2024-12-06T11:00,29.6,46,588.0,718.5,136.0,2.09
2024-12-06T12:00,30.2,46,674.0,756.7,144.0,2.61
2024-12-06T13:00,30.5,48,691.0,765.5,144.0,2.93
2024-12-06T14:00,30.1,53,638.0,744.3,139.0,3.90
2024-12-06T15:00,29.2,59,521.0,686.4,129.0,4.00
2024-12-06T16:00,28.8,61,351.0,574.0,108.0,3.33
2024-12-06T17:00,27.9,66,161.0,371.1,73.0,3.16
2024-12-06T18:00,27.1,70,19.0,55.9,14.0,3.06
2024-12-06T19:00,27.0,71,0.0,0.0,0.0,3.16
2024-12-06T20:00,26.7,72,0.0,0.0,0.0,3.21
2024-12-06T21:00,26.4,72,0.0,0.0,0.0,3.11
2024-12-06T22:00,26.0,74,0.0,0.0,0.0,3.05
2024-12-06T23:00,25.6,76,0.0,0.0,0.0,2.90
2024-12-07T00:00,25.1,79,0.0,0.0,0.0,2.61
2024-12-07T01:00,24.8,80,0.0,0.0,0.0,2.40
2024-12-07T02:00,24.5,81,0.0,0.0,0.0,2.11
2024-12-07T03:00,24.2,82,0.0,0.0,0.0,1.74
2024-12-07T04:00,24.3,81,0.0,0.0,0.0,1.62
2024-12-07T05:00,23.9,81,0.0,0.0,0.0,1.28
2024-12-07T06:00,23.6,80,0.0,0.0,0.0,1.38
2024-12-07T07:00,23.2,80,1.0,0.0,1.0,1.01
2024-12-07T08:00,24.6,73,76.0,223.7,44.0,1.27
2024-12-07T09:00,26.6,67,254.0,468.6,97.0,1.25
2024-12-07T10:00,28.2,63,440.0,632.2,122.0,1.45
2024-12-07T11:00,29.5,57,584.0,716.1,135.0,1.52
2024-12-07T12:00,30.3,55,669.0,752.7,143.0,1.97
2024-12-07T13:00,30.4,57,688.0,761.2,145.0,2.92
2024-12-07T14:00,30.0,60,635.0,740.7,139.0,3.51
2024-12-07T15:00,29.6,60,519.0,685.0,128.0,3.47
2024-12-07T16:00,29.2,63,353.0,576.2,109.0,3.44
2024-12-07T17:00,28.3,67,162.0,374.5,73.0,3.23
2024-12-07T18:00,27.5,73,20.0,55.7,15.0,2.87
2024-12-07T19:00,27.2,75,0.0,0.0,0.0,2.62
2024-12-07T20:00,27.0,76,0.0,0.0,0.0,2.69
2024-12-07T21:00,26.7,78,0.0,0.0,0.0,2.25
2024-12-07T22:00,26.2,80,0.0,0.0,0.0,1.95
2024-12-07T23:00,25.8,82,0.0,0.0,0.0,1.75
2024-12-08T00:00,25.5,84,0.0,0.0,0.0,1.78
2024-12-08T01:00,25.0,86,0.0,0.0,0.0,1.93
2024-12-08T02:00,24.7,87,0.0,0.0,0.0,1.79
2024-12-08T03:00,24.4,88,0.0,0.0,0.0,1.72
2024-12-08T04:00,24.7,85,0.0,0.0,0.0,1.66
2024-12-08T05:00,24.4,85,0.0,0.0,0.0,1.63
2024-12-08T06:00,24.1,86,0.0,0.0,0.0,1.66
2024-12-08T07:00,23.9,86,0.0,0.0,0.0,1.61
2024-12-08T08:00,24.8,80,75.0,211.6,45.0,1.72
2024-12-08T09:00,26.5,71,251.0,447.9,102.0,1.67
2024-12-08T10:00,28.3,63,435.0,611.1,129.0,2.07
2024-12-08T11:00,29.7,56,585.0,716.7,137.0,2.06
2024-12-08T12:00,30.5,55,672.0,755.9,145.0,2.36
2024-12-08T13:00,30.2,60,687.0,749.8,153.0,3.34
2024-12-08T14:00,29.6,63,632.0,723.5,148.0,3.70
2024-12-08T15:00,29.3,64,510.0,638.0,146.0,3.67
2024-12-08T16:00,28.7,67,354.0,578.3,109.0,4.14
2024-12-08T17:00,27.6,74,164.0,377.7,74.0,4.25
2024-12-08T18:00,27.0,76,20.0,55.4,15.0,4.01
2024-12-08T19:00,26.8,77,0.0,0.0,0.0,3.53
2024-12-08T20:00,26.5,78,0.0,0.0,0.0,3.55
2024-12-08T21:00,26.2,79,0.0,0.0,0.0,3.21
2024-12-08T22:00,25.8,81,0.0,0.0,0.0,3.00
2024-12-08T23:00,25.3,84,0.0,0.0,0.0,2.80
2024-12-09T00:00,25.0,86,0.0,0.0,0.0,2.61
2024-12-09T01:00,24.6,89,0.0,0.0,0.0,2.55
2024-12-09T02:00,24.3,89,0.0,0.0,0.0,2.36
2024-12-09T03:00,23.9,91,0.0,0.0,0.0,2.03
2024-12-09T04:00,24.1,90,0.0,0.0,0.0,2.39
2024-12-09T05:00,23.7,91,0.0,0.0,0.0,2.29
2024-12-09T06:00,23.4,92,0.0,0.0,0.0,2.17
2024-12-09T07:00,23.3,92,0.0,0.0,0.0,2.15
2024-12-09T08:00,24.1,87,74.0,213.5,44.0,2.11
2024-12-09T09:00,26.0,77,257.0,493.5,94.0,2.18
2024-12-09T10:00,27.6,71,418.0,525.5,156.0,2.69
2024-12-09T11:00,28.9,66,572.0,653.1,165.0,2.93
2024-12-09T12:00,29.9,59,662.0,705.8,171.0,3.22
2024-12-09T13:00,30.1,60,695.0,772.1,146.0,3.54
2024-12-09T14:00,29.8,63,641.0,743.6,144.0,3.87
2024-12-09T15:00,29.6,61,525.0,694.2,129.0,4.05
2024-12-09T16:00,28.8,60,357.0,577.8,112.0,3.47
2024-12-09T17:00,27.9,67,148.0,221.8,95.0,2.84
2024-12-09T18:00,27.2,76,21.0,55.2,16.0,1.87
2024-12-09T19:00,27.0,77,0.0,0.0,0.0,1.59
2024-12-09T20:00,26.7,77,0.0,0.0,0.0,1.70
2024-12-09T21:00,26.4,78,0.0,0.0,0.0,2.06
2024-12-09T22:00,26.2,81,0.0,0.0,0.0,1.77
2024-12-09T23:00,25.7,84,0.0,0.0,0.0,1.27
2024-12-10T00:00,25.1,87,0.0,0.0,0.0,1.12
2024-12-10T01:00,24.7,88,0.0,0.0,0.0,0.59
2024-12-10T02:00,23.7,92,0.0,0.0,0.0,0.46
2024-12-10T03:00,23.0,94,0.0,0.0,0.0,1.41
2024-12-10T04:00,22.6,98,0.0,0.0,0.0,2.10
2024-12-10T05:00,22.4,94,0.0,0.0,0.0,2.43
2024-12-10T06:00,22.4,89,0.0,0.0,0.0,2.20
2024-12-10T07:00,22.0,87,0.0,0.0,0.0,1.58
2024-12-10T08:00,23.4,78,75.0,229.7,43.0,1.87
2024-12-10T09:00,25.6,65,257.0,503.1,92.0,1.25
2024-12-10T10:00,28.5,52,445.0,658.7,118.0,1.23
2024-12-10T11:00,30.5,44,593.0,740.3,133.0,0.93
2024-12-10T12:00,31.6,42,683.0,782.2,140.0,1.59
2024-12-10T13:00,31.4,47,702.0,791.5,140.0,2.82
2024-12-10T14:00,30.4,58,649.0,763.7,139.0,3.45
2024-12-10T15:00,29.8,63,531.0,706.5,128.0,3.11
2024-12-10T16:00,29.9,55,364.0,603.2,108.0,2.97
2024-12-10T17:00,28.8,66,170.0,400.4,74.0,2.46
2024-12-10T18:00,27.9,72,22.0,65.9,16.0,2.26
2024-12-10T19:00,27.8,71,0.0,0.0,0.0,2.27
2024-12-10T20:00,27.5,74,0.0,0.0,0.0,2.44
2024-12-10T21:00,27.6,69,0.0,0.0,0.0,1.96
2024-12-10T22:00,26.3,72,0.0,0.0,0.0,0.35
2024-12-10T23:00,25.7,75,0.0,0.0,0.0,0.71
2024-12-11T00:00,25.2,81,0.0,0.0,0.0,1.78
2024-12-11T01:00,24.3,87,0.0,0.0,0.0,2.28
2024-12-11T02:00,24.0,86,0.0,0.0,0.0,1.98
2024-12-11T03:00,23.7,84,0.0,0.0,0.0,1.86
2024-12-11T04:00,23.5,74,0.0,0.0,0.0,1.09
2024-12-11T05:00,23.0,74,0.0,0.0,0.0,1.14
2024-12-11T06:00,22.3,79,0.0,0.0,0.0,1.14
2024-12-11T07:00,21.7,81,0.0,0.0,0.0,1.14
2024-12-11T08:00,23.4,65,73.0,231.7,41.0,1.76
2024-12-11T09:00,26.1,43,257.0,506.5,92.0,1.35
2024-12-11T10:00,29.0,35,445.0,659.4,119.0,1.19
2024-12-11T11:00,30.7,35,592.0,739.2,134.0,1.15
2024-12-11T12:00,31.9,33,680.0,776.5,142.0,1.62
2024-12-11T13:00,32.1,38,700.0,785.5,143.0,2.65
2024-12-11T14:00,30.9,56,647.0,762.7,138.0,3.47
2024-12-11T15:00,30.0,61,528.0,701.2,128.0,3.44
2024-12-11T16:00,29.6,63,358.0,588.4,108.0,3.25
2024-12-11T17:00,28.7,68,167.0,386.5,74.0,2.80
2024-12-11T18:00,28.0,71,21.0,65.5,15.0,2.67
2024-12-11T19:00,27.6,73,0.0,0.0,0.0,2.43
2024-12-11T20:00,27.4,74,0.0,0.0,0.0,1.91
2024-12-11T21:00,27.1,76,0.0,0.0,0.0,1.14
2024-12-11T22:00,26.6,79,0.0,0.0,0.0,1.07
2024-12-11T23:00,26.2,80,0.0,0.0,0.0,1.24
2024-12-12T00:00,25.6,84,0.0,0.0,0.0,1.24
2024-12-12T01:00,24.7,88,0.0,0.0,0.0,0.50
2024-12-12T02:00,24.2,90,0.0,0.0,0.0,0.32
2024-12-12T03:00,23.5,92,0.0,0.0,0.0,0.35
2024-12-12T04:00,23.8,89,0.0,0.0,0.0,0.07
2024-12-12T05:00,23.1,92,0.0,0.0,0.0,0.25
2024-12-12T06:00,22.4,95,0.0,0.0,0.0,1.14
2024-12-12T07:00,22.4,95,0.0,0.0,0.0,1.54
2024-12-12T08:00,23.1,90,69.0,204.5,41.0,1.88
2024-12-12T09:00,25.4,77,232.0,401.8,102.0,1.48
2024-12-12T10:00,28.1,63,432.0,625.5,124.0,1.11
2024-12-12T11:00,29.5,53,583.0,725.0,135.0,1.61
2024-12-12T12:00,30.2,50,671.0,764.9,142.0,2.30
2024-12-12T13:00,30.2,50,692.0,773.7,144.0,2.86
2024-12-12T14:00,29.8,55,640.0,751.1,139.0,3.00
2024-12-12T15:00,29.3,59,523.0,692.3,128.0,2.85
2024-12-12T16:00,29.5,52,359.0,587.7,109.0,2.45
2024-12-12T17:00,28.7,57,168.0,389.2,74.0,2.21
2024-12-12T18:00,28.0,61,22.0,65.2,16.0,1.82
2024-12-12T19:00,27.7,62,0.0,0.0,0.0,1.72
2024-12-12T20:00,27.4,64,0.0,0.0,0.0,1.72
2024-12-12T21:00,27.0,67,0.0,0.0,0.0,1.84
2024-12-12T22:00,26.5,71,0.0,0.0,0.0,1.28
2024-12-12T23:00,25.7,76,0.0,0.0,0.0,0.38
2024-12-13T00:00,25.3,76,0.0,0.0,0.0,1.36
2024-12-13T01:00,24.7,76,0.0,0.0,0.0,1.25
2024-12-13T02:00,24.0,78,0.0,0.0,0.0,1.00
2024-12-13T03:00,23.4,80,0.0,0.0,0.0,0.85
2024-12-13T04:00,24.0,72,0.0,0.0,0.0,0.27
2024-12-13T05:00,23.5,74,0.0,0.0,0.0,0.34
2024-12-13T06:00,23.0,74,0.0,0.0,0.0,0.46
2024-12-13T07:00,22.5,74,0.0,0.0,0.0,0.58
2024-12-13T08:00,24.1,63,68.0,206.2,40.0,1.24
2024-12-13T09:00,27.0,49,246.0,479.1,92.0,0.97
2024-12-13T10:00,29.1,40,428.0,630.0,119.0,0.69
2024-12-13T11:00,31.2,32,577.0,718.8,134.0,0.07
2024-12-13T12:00,31.7,33,661.0,747.4,145.0,2.23
2024-12-13T13:00,30.7,39,680.0,749.0,150.0,4.44
2024-12-13T14:00,30.2,38,633.0,734.9,143.0,4.27
2024-12-13T15:00,29.8,46,507.0,651.8,135.0,3.92
2024-12-13T16:00,29.2,55,344.0,523.4,121.0,4.42
2024-12-13T17:00,28.4,57,163.0,358.8,76.0,4.14
2024-12-13T18:00,27.8,58,21.0,64.8,15.0,3.79
2024-12-13T19:00,27.6,60,0.0,0.0,0.0,3.99
2024-12-13T20:00,27.4,60,0.0,0.0,0.0,3.57
2024-12-13T21:00,27.1,60,0.0,0.0,0.0,2.89
2024-12-13T22:00,26.8,62,0.0,0.0,0.0,2.75
2024-12-13T23:00,26.4,63,0.0,0.0,0.0,2.43
2024-12-14T00:00,25.9,66,0.0,0.0,0.0,2.29
2024-12-14T01:00,25.4,68,0.0,0.0,0.0,2.57
2024-12-14T02:00,25.0,69,0.0,0.0,0.0,2.71
2024-12-14T03:00,24.6,69,0.0,0.0,0.0,2.06
2024-12-14T04:00,25.0,62,0.0,0.0,0.0,2.11
2024-12-14T05:00,24.9,61,0.0,0.0,0.0,2.70
2024-12-14T06:00,24.6,61,0.0,0.0,0.0,3.00
2024-12-14T07:00,24.2,62,0.0,0.0,0.0,2.95
2024-12-14T08:00,24.8,60,65.0,200.4,38.0,2.62
2024-12-14T09:00,26.0,58,242.0,472.7,91.0,2.56
2024-12-14T10:00,27.2,58,423.0,618.0,121.0,3.29
2024-12-14T11:00,28.4,52,567.0,697.7,138.0,3.73
2024-12-14T12:00,28.9,53,644.0,697.8,163.0,4.23
2024-12-14T13:00,28.5,55,664.0,707.3,164.0,4.88
2024-12-14T14:00,28.1,55,615.0,705.1,145.0,5.42
2024-12-14T15:00,28.1,50,497.0,632.2,136.0,5.44
2024-12-14T16:00,27.9,51,274.0,363.2,119.0,5.26
2024-12-14T17:00,27.2,56,165.0,369.5,75.0,5.30
2024-12-14T18:00,26.6,57,22.0,64.3,16.0,4.58
2024-12-14T19:00,26.5,57,0.0,0.0,0.0,3.75
2024-12-14T20:00,26.3,58,0.0,0.0,0.0,3.46
2024-12-14T21:00,25.9,59,0.0,0.0,0.0,3.45
2024-12-14T22:00,25.6,59,0.0,0.0,0.0,3.55
2024-12-14T23:00,25.4,58,0.0,0.0,0.0,3.40
2024-12-15T00:00,24.8,60,0.0,0.0,0.0,3.00
2024-12-15T01:00,24.5,60,0.0,0.0,0.0,2.84
2024-12-15T02:00,24.3,56,0.0,0.0,0.0,3.21
2024-12-15T03:00,24.2,52,0.0,0.0,0.0,3.20
2024-12-15T04:00,24.6,42,0.0,0.0,0.0,3.65
2024-12-15T05:00,24.8,27,0.0,0.0,0.0,3.27
2024-12-15T06:00,25.2,21,0.0,0.0,0.0,3.63
2024-12-15T07:00,25.2,21,0.0,0.0,0.0,5.31
2024-12-15T08:00,25.8,20,64.0,187.1,39.0,5.72
2024-12-15T09:00,27.2,19,215.0,324.5,112.0,4.56
2024-12-15T10:00,29.4,17,365.0,390.2,175.0,4.10
2024-12-15T11:00,31.8,16,558.0,668.3,148.0,3.66
2024-12-15T12:00,33.0,21,658.0,736.6,151.0,2.41
2024-12-15T13:00,33.2,28,687.0,768.7,144.0,2.36
2024-12-15T14:00,32.4,34,635.0,744.1,139.0,3.70
2024-12-15T15:00,31.1,44,520.0,684.3,129.0,4.27
2024-12-15T16:00,30.3,46,347.0,542.7,115.0,3.27
2024-12-15T17:00,29.5,52,168.0,384.2,74.0,3.26
2024-12-15T18:00,28.6,55,22.0,63.9,16.0,3.01
2024-12-15T19:00,28.1,61,0.0,0.0,0.0,2.23
2024-12-15T20:00,28.0,61,0.0,0.0,0.0,1.81
2024-12-15T21:00,27.8,62,0.0,0.0,0.0,1.31
2024-12-15T22:00,27.1,68,0.0,0.0,0.0,0.05
2024-12-15T23:00,26.4,68,0.0,0.0,0.0,0.81
2024-12-16T00:00,26.1,67,0.0,0.0,0.0,1.21
2024-12-16T01:00,25.7,68,0.0,0.0,0.0,1.35
2024-12-16T02:00,25.4,71,0.0,0.0,0.0,1.50
2024-12-16T03:00,24.8,75,0.0,0.0,0.0,1.42
2024-12-16T04:00,25.8,33,0.0,0.0,0.0,2.13
2024-12-16T05:00,25.5,22,0.0,0.0,0.0,2.69
2024-12-16T06:00,25.0,21,0.0,0.0,0.0,2.75
2024-12-16T07:00,24.4,21,0.0,0.0,0.0,2.88
2024-12-16T08:00,24.9,21,64.0,196.0,38.0,2.51
2024-12-16T09:00,27.0,19,239.0,469.0,91.0,2.03
2024-12-16T10:00,29.8,23,421.0,624.3,118.0,1.40
2024-12-16T11:00,30.8,43,567.0,705.7,135.0,1.60
2024-12-16T12:00,31.6,43,655.0,746.3,142.0,2.22
2024-12-16T13:00,31.7,43,675.0,749.3,146.0,3.08
2024-12-16T14:00,30.5,53,622.0,723.1,140.0,3.50
2024-12-16T15:00,29.8,58,482.0,601.5,138.0,2.80
2024-12-16T16:00,29.6,57,306.0,441.2,117.0,2.42
2024-12-16T17:00,28.9,65,149.0,301.0,75.0,2.99
2024-12-16T18:00,27.8,69,21.0,63.5,15.0,2.15
2024-12-16T19:00,27.9,68,0.0,0.0,0.0,1.54
2024-12-16T20:00,27.6,70,0.0,0.0,0.0,1.79
2024-12-16T21:00,27.4,70,0.0,0.0,0.0,1.73
2024-12-16T22:00,27.1,67,0.0,0.0,0.0,1.84
2024-12-16T23:00,26.8,64,0.0,0.0,0.0,1.79
2024-12-17T00:00,26.2,61,0.0,0.0,0.0,0.94
2024-12-17T01:00,25.7,62,0.0,0.0,0.0,0.25
2024-12-17T02:00,25.3,62,0.0,0.0,0.0,0.72
2024-12-17T03:00,25.0,60,0.0,0.0,0.0,0.99
2024-12-17T04:00,25.3,49,0.0,0.0,0.0,0.18
2024-12-17T05:00,24.7,52,0.0,0.0,0.0,0.75
2024-12-17T06:00,24.8,46,0.0,0.0,0.0,1.14
2024-12-17T07:00,24.0,32,0.0,0.0,0.0,1.10
2024-12-17T08:00,24.8,25,60.0,182.3,36.0,1.30
2024-12-17T09:00,26.6,23,236.0,458.9,92.0,1.05
2024-12-17T10:00,29.5,22,425.0,632.5,119.0,0.65
2024-12-17T11:00,31.6,20,574.0,721.8,133.0,0.47
2024-12-17T12:00,32.1,21,667.0,764.6,142.0,2.15
2024-12-17T13:00,31.7,25,690.0,775.2,143.0,3.40
2024-12-17T14:00,31.0,30,641.0,751.5,140.0,3.95
2024-12-17T15:00,30.3,37,529.0,698.8,129.0,3.87
2024-12-17T16:00,30.3,41,356.0,570.7,111.0,3.27
2024-12-17T17:00,29.3,50,172.0,388.6,76.0,3.52
2024-12-17T18:00,28.2,57,24.0,73.5,17.0,3.02
2024-12-17T19:00,27.9,60,0.0,0.0,0.0,2.50
2024-12-17T20:00,27.6,63,0.0,0.0,0.0,1.82
2024-12-17T21:00,27.2,66,0.0,0.0,0.0,1.40
2024-12-17T22:00,26.9,67,0.0,0.0,0.0,1.11
2024-12-17T23:00,26.3,69,0.0,0.0,0.0,1.08
2024-12-18T00:00,25.8,69,0.0,0.0,0.0,1.24
2024-12-18T01:00,24.8,72,0.0,0.0,0.0,0.60
2024-12-18T02:00,24.3,73,0.0,0.0,0.0,0.87
2024-12-18T03:00,24.0,72,0.0,0.0,0.0,0.89
2024-12-18T04:00,24.5,64,0.0,0.0,0.0,1.55
2024-12-18T05:00,23.7,67,0.0,0.0,0.0,1.19
2024-12-18T06:00,23.0,65,0.0,0.0,0.0,1.28
2024-12-18T07:00,22.4,64,0.0,0.0,0.0,1.13
2024-12-18T08:00,23.6,61,61.0,191.2,36.0,1.17
2024-12-18T09:00,25.7,56,237.0,471.0,90.0,0.47
2024-12-18T10:00,27.6,44,426.0,640.6,117.0,0.56
2024-12-18T11:00,29.0,37,577.0,729.7,132.0,1.68
2024-12-18T12:00,29.9,31,627.0,635.6,191.0,2.25
2024-12-18T13:00,30.1,29,622.0,588.4,207.0,2.62
2024-12-18T14:00,30.0,35,629.0,716.8,151.0,2.60
2024-12-18T15:00,29.7,40,516.0,666.6,134.0,2.35
2024-12-18T16:00,29.2,50,361.0,588.0,108.0,2.65
2024-12-18T17:00,28.5,54,172.0,390.6,75.0,1.98
2024-12-18T18:00,27.9,59,24.0,73.0,17.0,2.08
2024-12-18T19:00,27.8,63,0.0,0.0,0.0,2.21
2024-12-18T20:00,27.6,66,0.0,0.0,0.0,1.33
2024-12-18T21:00,27.3,69,0.0,0.0,0.0,1.49
2024-12-18T22:00,26.6,75,0.0,0.0,0.0,0.65
2024-12-18T23:00,26.2,77,0.0,0.0,0.0,0.57
2024-12-19T00:00,25.9,77,0.0,0.0,0.0,0.60
2024-12-19T01:00,25.6,75,0.0,0.0,0.0,0.85
2024-12-19T02:00,25.4,72,0.0,0.0,0.0,1.49
2024-12-19T03:00,24.7,71,0.0,0.0,0.0,0.98
2024-12-19T04:00,24.9,74,0.0,0.0,0.0,0.79
2024-12-19T05:00,24.7,75,0.0,0.0,0.0,1.09
2024-12-19T06:00,24.5,76,0.0,0.0,0.0,1.39
2024-12-19T07:00,24.4,77,0.0,0.0,0.0,1.48
2024-12-19T08:00,25.4,73,54.0,138.6,36.0,1.75
2024-12-19T09:00,26.3,72,194.0,325.3,93.0,2.65
2024-12-19T10:00,26.7,73,201.0,31.2,186.0,1.04
2024-12-19T11:00,28.4,65,422.0,317.0,229.0,1.46
2024-12-19T12:00,29.5,60,633.0,701.9,152.0,3.01
2024-12-19T13:00,27.8,68,446.0,338.9,207.0,2.62
2024-12-19T14:00,28.9,65,558.0,565.1,181.0,2.62
2024-12-19T15:00,28.9,63,480.0,594.3,139.0,3.18
2024-12-19T16:00,28.6,64,336.0,512.3,115.0,3.02
2024-12-19T17:00,28.5,63,157.0,320.3,77.0,2.70
2024-12-19T18:00,27.9,66,23.0,62.1,17.0,2.57
2024-12-19T19:00,27.9,67,0.0,0.0,0.0,2.36
2024-12-19T20:00,27.7,67,0.0,0.0,0.0,2.20
2024-12-19T21:00,27.5,68,0.0,0.0,0.0,1.99
2024-12-19T22:00,27.3,69,0.0,0.0,0.0,1.88
2024-12-19T23:00,27.0,70,0.0,0.0,0.0,1.78
2024-12-20T00:00,26.5,72,0.0,0.0,0.0,1.30
2024-12-20T01:00,25.6,77,0.0,0.0,0.0,0.75
2024-12-20T02:00,25.5,80,0.0,0.0,0.0,1.07
2024-12-20T03:00,24.7,82,0.0,0.0,0.0,2.30
2024-12-20T04:00,24.9,74,0.0,0.0,0.0,2.14
2024-12-20T05:00,24.7,75,0.0,0.0,0.0,1.84
2024-12-20T06:00,24.5,76,0.0,0.0,0.0,2.33
2024-12-20T07:00,24.3,77,0.0,0.0,0.0,2.51
2024-12-20T08:00,25.0,74,57.0,170.6,35.0,2.80
2024-12-20T09:00,26.7,69,193.0,336.7,89.0,2.86
2024-12-20T10:00,27.8,65,303.0,335.7,142.0,4.29
2024-12-20T11:00,27.1,65,385.0,353.7,170.0,4.26
2024-12-20T12:00,25.9,70,456.0,315.4,240.0,4.38
2024-12-20T13:00,26.0,70,318.0,129.0,227.0,3.61
2024-12-20T14:00,26.3,66,413.0,272.6,231.0,5.06
2024-12-20T15:00,25.7,68,231.0,76.6,187.0,5.25
2024-12-20T16:00,26.8,61,337.0,506.2,118.0,5.08
2024-12-20T17:00,26.0,63,114.0,131.3,81.0,5.30
2024-12-20T18:00,25.1,66,8.0,0.0,8.0,4.88
2024-12-20T19:00,24.9,67,0.0,0.0,0.0,4.46
2024-12-20T20:00,24.8,66,0.0,0.0,0.0,4.82
2024-12-20T21:00,24.7,63,0.0,0.0,0.0,5.14
2024-12-20T22:00,24.4,62,0.0,0.0,0.0,5.05
2024-12-20T23:00,24.5,60,0.0,0.0,0.0,4.65
2024-12-21T00:00,24.0,62,0.0,0.0,0.0,4.45
2024-12-21T01:00,23.4,64,0.0,0.0,0.0,4.41
2024-12-21T02:00,22.5,66,0.0,0.0,0.0,4.18
2024-12-21T03:00,21.5,66,0.0,0.0,0.0,3.98
2024-12-21T04:00,21.7,59,0.0,0.0,0.0,3.82
2024-12-21T05:00,21.6,58,0.0,0.0,0.0,3.85
2024-12-21T06:00,21.3,57,0.0,0.0,0.0,3.58
2024-12-21T07:00,20.9,57,0.0,0.0,0.0,3.43
2024-12-21T08:00,21.3,52,59.0,187.4,35.0,3.14
2024-12-21T09:00,22.6,47,238.0,481.6,90.0,3.23
2024-12-21T10:00,24.2,47,428.0,648.0,118.0,3.91
2024-12-21T11:00,25.4,45,582.0,738.0,134.0,3.97
2024-12-21T12:00,26.3,42,678.0,781.7,143.0,3.76
2024-12-21T13:00,26.8,41,706.0,795.5,145.0,3.98
2024-12-21T14:00,26.6,43,661.0,779.8,140.0,4.50
2024-12-21T15:00,26.3,41,549.0,728.0,130.0,4.51
2024-12-21T16:00,25.8,44,376.0,610.7,111.0,4.81
2024-12-21T17:00,25.3,43,183.0,415.3,78.0,4.64
2024-12-21T18:00,24.9,43,27.0,81.3,19.0,3.97
2024-12-21T19:00,24.9,45,0.0,0.0,0.0,3.36
2024-12-21T20:00,24.5,50,0.0,0.0,0.0,3.42
2024-12-21T21:00,24.0,53,0.0,0.0,0.0,2.95
2024-12-21T22:00,23.6,57,0.0,0.0,0.0,2.57
2024-12-21T23:00,23.1,59,0.0,0.0,0.0,2.02
2024-12-22T00:00,22.4,59,0.0,0.0,0.0,1.76
2024-12-22T01:00,21.8,55,0.0,0.0,0.0,1.69
2024-12-22T02:00,22.0,46,0.0,0.0,0.0,2.57
2024-12-22T03:00,21.7,46,0.0,0.0,0.0,2.98
2024-12-22T04:00,22.7,42,0.0,0.0,0.0,3.30
2024-12-22T05:00,22.8,36,0.0,0.0,0.0,3.15
2024-12-22T06:00,22.1,30,0.0,0.0,0.0,2.81
2024-12-22T07:00,21.9,27,0.0,0.0,0.0,1.91
2024-12-22T08:00,22.9,24,58.0,188.6,34.0,2.40
2024-12-22T09:00,24.5,22,234.0,474.2,89.0,1.97
2024-12-22T10:00,27.0,20,421.0,637.0,117.0,1.43
2024-12-22T11:00,29.0,23,573.0,724.2,134.0,1.46
2024-12-22T12:00,29.8,25,663.0,758.7,144.0,2.04
2024-12-22T13:00,29.9,28,684.0,757.1,150.0,2.65
2024-12-22T14:00,29.3,33,638.0,734.2,147.0,3.42
2024-12-22T15:00,28.6,38,525.0,676.4,135.0,3.20
2024-12-22T16:00,28.3,37,370.0,594.9,111.0,2.40
2024-12-22T17:00,27.3,41,180.0,404.7,77.0,2.44
2024-12-22T18:00,26.7,44,27.0,80.6,19.0,2.06
2024-12-22T19:00,26.4,47,0.0,0.0,0.0,2.26
2024-12-22T20:00,26.2,48,0.0,0.0,0.0,1.79
2024-12-22T21:00,26.0,49,0.0,0.0,0.0,1.41
2024-12-22T22:00,25.3,53,0.0,0.0,0.0,0.76
2024-12-22T23:00,24.9,55,0.0,0.0,0.0,0.72
2024-12-23T00:00,25.2,54,0.0,0.0,0.0,0.71
2024-12-23T01:00,25.0,55,0.0,0.0,0.0,0.60
2024-12-23T02:00,24.8,56,0.0,0.0,0.0,0.67
2024-12-23T03:00,24.5,57,0.0,0.0,0.0,0.90
2024-12-23T04:00,24.7,58,0.0,0.0,0.0,0.61
2024-12-23T05:00,24.5,58,0.0,0.0,0.0,0.99
2024-12-23T06:00,24.1,59,0.0,0.0,0.0,0.35
2024-12-23T07:00,23.9,62,0.0,0.0,0.0,1.16
2024-12-23T08:00,24.3,62,51.0,142.4,33.0,1.23
2024-12-23T09:00,25.4,59,199.0,348.3,93.0,0.71
2024-12-23T10:00,26.6,55,392.0,546.1,132.0,1.19
2024-12-23T11:00,27.4,52,524.0,602.8,159.0,1.99
2024-12-23T12:00,27.7,51,594.0,628.9,164.0,2.21
2024-12-23T13:00,27.8,50,552.0,480.5,213.0,2.90
2024-12-23T14:00,27.5,50,504.0,452.6,201.0,3.53
2024-12-23T15:00,27.4,49,522.0,657.7,142.0,3.15
2024-12-23T16:00,27.5,51,330.0,480.7,120.0,2.16
2024-12-23T17:00,27.3,52,175.0,370.7,80.0,2.21
2024-12-23T18:00,26.8,55,27.0,79.8,19.0,2.18
2024-12-23T19:00,26.4,55,0.0,0.0,0.0,2.75
2024-12-23T20:00,26.0,55,0.0,0.0,0.0,3.22
2024-12-23T21:00,25.7,57,0.0,0.0,0.0,3.28
2024-12-23T22:00,25.3,59,0.0,0.0,0.0,3.17
2024-12-23T23:00,24.9,60,0.0,0.0,0.0,3.24
2024-12-24T00:00,24.3,62,0.0,0.0,0.0,3.05
2024-12-24T01:00,24.0,63,0.0,0.0,0.0,2.67
2024-12-24T02:00,23.8,64,0.0,0.0,0.0,2.47
2024-12-24T03:00,23.6,62,0.0,0.0,0.0,2.16
2024-12-24T04:00,23.5,57,0.0,0.0,0.0,2.09
2024-12-24T05:00,23.2,57,0.0,0.0,0.0,2.12
2024-12-24T06:00,23.1,57,0.0,0.0,0.0,2.00
2024-12-24T07:00,22.8,57,0.0,0.0,0.0,2.02
2024-12-24T08:00,23.4,55,52.0,151.2,33.0,2.32
2024-12-24T09:00,25.1,49,221.0,435.7,89.0,2.39
2024-12-24T10:00,26.2,47,403.0,597.9,119.0,2.88
2024-12-24T11:00,27.3,44,555.0,692.7,136.0,2.90
2024-12-24T12:00,28.1,41,649.0,734.3,147.0,3.08
2024-12-24T13:00,28.7,37,677.0,750.8,147.0,3.25
2024-12-24T14:00,28.9,36,637.0,737.1,143.0,3.83
2024-12-24T15:00,28.0,44,527.0,680.5,133.0,4.76
2024-12-24T16:00,27.4,47,372.0,593.0,112.0,4.90
2024-12-24T17:00,26.4,50,183.0,402.9,79.0,4.88
2024-12-24T18:00,25.5,52,29.0,88.9,20.0,4.79
2024-12-24T19:00,25.2,51,0.0,0.0,0.0,4.62
2024-12-24T20:00,24.8,52,0.0,0.0,0.0,4.20
2024-12-24T21:00,24.6,53,0.0,0.0,0.0,3.78
2024-12-24T22:00,24.4,52,0.0,0.0,0.0,3.56
2024-12-24T23:00,24.2,51,0.0,0.0,0.0,3.03
2024-12-25T00:00,23.9,51,0.0,0.0,0.0,2.83
2024-12-25T01:00,23.4,52,0.0,0.0,0.0,2.55
2024-12-25T02:00,22.9,51,0.0,0.0,0.0,2.43
2024-12-25T03:00,22.7,49,0.0,0.0,0.0,2.55
2024-12-25T04:00,22.9,43,0.0,0.0,0.0,2.20
2024-12-25T05:00,22.5,41,0.0,0.0,0.0,1.97
2024-12-25T06:00,22.1,40,0.0,0.0,0.0,1.92
2024-12-25T07:00,21.6,41,0.0,0.0,0.0,1.86
2024-12-25T08:00,22.2,39,55.0,176.1,33.0,2.08
2024-12-25T09:00,24.3,35,232.0,480.8,87.0,1.77
2024-12-25T10:00,26.2,40,419.0,641.3,115.0,2.15
2024-12-25T11:00,27.4,43,573.0,731.4,131.0,2.53
2024-12-25T12:00,27.9,44,665.0,769.5,139.0,2.58
2024-12-25T13:00,28.1,47,692.0,778.7,142.0,2.96
2024-12-25T14:00,28.0,50,645.0,754.0,139.0,3.44
2024-12-25T15:00,27.4,54,534.0,694.4,131.0,3.95
2024-12-25T16:00,27.0,55,367.0,565.7,118.0,3.97
2024-12-25T17:00,26.2,57,182.0,392.2,80.0,3.98
2024-12-25T18:00,25.6,59,29.0,88.0,20.0,3.62
2024-12-25T19:00,25.3,59,0.0,0.0,0.0,3.58
2024-12-25T20:00,25.2,58,0.0,0.0,0.0,3.64
2024-12-25T21:00,25.0,57,0.0,0.0,0.0,3.31
2024-12-25T22:00,24.7,57,0.0,0.0,0.0,2.84
2024-12-25T23:00,24.3,58,0.0,0.0,0.0,2.47
2024-12-26T00:00,24.1,59,0.0,0.0,0.0,2.05
2024-12-26T01:00,24.0,59,0.0,0.0,0.0,1.86
2024-12-26T02:00,23.8,59,0.0,0.0,0.0,1.72
2024-12-26T03:00,23.6,59,0.0,0.0,0.0,1.90
2024-12-26T04:00,24.0,51,0.0,0.0,0.0,1.90
2024-12-26T05:00,23.6,50,0.0,0.0,0.0,2.03
2024-12-26T06:00,23.1,51,0.0,0.0,0.0,2.12
2024-12-26T07:00,22.7,51,0.0,0.0,0.0,2.14
2024-12-26T08:00,23.1,49,47.0,128.9,31.0,2.19
2024-12-26T09:00,24.7,44,201.0,366.3,91.0,2.08
2024-12-26T10:00,26.7,39,365.0,467.1,144.0,2.04
2024-12-26T11:00,27.9,38,479.0,485.3,186.0,1.41
2024-12-26T12:00,28.9,38,629.0,684.7,161.0,1.60
2024-12-26T13:00,29.0,40,655.0,698.9,161.0,2.80
2024-12-26T14:00,28.6,45,603.0,635.3,176.0,3.78
2024-12-26T15:00,28.1,50,510.0,622.3,148.0,3.75
2024-12-26T16:00,28.3,51,372.0,581.6,115.0,3.49
2024-12-26T17:00,27.3,58,188.0,419.7,78.0,3.12
2024-12-26T18:00,26.6,62,30.0,96.8,20.0,2.80
2024-12-26T19:00,26.3,63,0.0,0.0,0.0,2.59
2024-12-26T20:00,26.1,63,0.0,0.0,0.0,2.52
2024-12-26T21:00,25.8,64,0.0,0.0,0.0,2.40
2024-12-26T22:00,25.4,65,0.0,0.0,0.0,2.42
2024-12-26T23:00,25.0,65,0.0,0.0,0.0,2.39
2024-12-27T00:00,24.6,66,0.0,0.0,0.0,2.30
2024-12-27T01:00,24.2,66,0.0,0.0,0.0,1.85
2024-12-27T02:00,23.9,66,0.0,0.0,0.0,1.67
2024-12-27T03:00,23.8,63,0.0,0.0,0.0,1.80
2024-12-27T04:00,24.3,53,0.0,0.0,0.0,2.29
2024-12-27T05:00,24.3,49,0.0,0.0,0.0,2.08
2024-12-27T06:00,24.0,48,0.0,0.0,0.0,1.64
2024-12-27T07:00,23.4,50,0.0,0.0,0.0,1.14
2024-12-27T08:00,24.3,48,49.0,137.7,32.0,1.14
2024-12-27T09:00,26.2,43,214.0,411.2,91.0,0.47
2024-12-27T10:00,28.2,39,383.0,531.5,132.0,0.39
2024-12-27T11:00,29.1,41,497.0,538.6,172.0,1.42
2024-12-27T12:00,29.6,44,597.0,639.2,160.0,2.12
2024-12-27T13:00,29.3,47,627.0,619.2,189.0,3.49
2024-12-27T14:00,28.0,62,554.0,560.0,177.0,3.40
2024-12-27T15:00,27.3,69,423.0,401.2,189.0,2.76
2024-12-27T16:00,27.1,58,188.0,90.1,148.0,1.71
2024-12-27T17:00,26.8,60,127.0,102.2,100.0,1.16
2024-12-27T18:00,25.8,66,20.0,9.6,19.0,0.32
2024-12-27T19:00,25.2,72,0.0,0.0,0.0,1.03
2024-12-27T20:00,25.5,68,0.0,0.0,0.0,2.26
2024-12-27T21:00,25.2,68,0.0,0.0,0.0,1.71
2024-12-27T22:00,25.2,68,0.0,0.0,0.0,1.57
2024-12-27T23:00,25.3,65,0.0,0.0,0.0,1.94
2024-12-28T00:00,25.2,60,0.0,0.0,0.0,2.94
2024-12-28T01:00,24.7,58,0.0,0.0,0.0,3.01
2024-12-28T02:00,24.5,56,0.0,0.0,0.0,2.94
2024-12-28T03:00,24.1,56,0.0,0.0,0.0,2.85
2024-12-28T04:00,24.2,52,0.0,0.0,0.0,2.97
2024-12-28T05:00,23.9,53,0.0,0.0,0.0,2.68
2024-12-28T06:00,23.6,54,0.0,0.0,0.0,3.14
2024-12-28T07:00,23.3,54,0.0,0.0,0.0,3.59
2024-12-28T08:00,23.6,50,46.0,105.8,33.0,3.56
2024-12-28T09:00,24.8,38,196.0,318.8,101.0,3.87
2024-12-28T10:00,26.1,34,346.0,392.4,161.0,3.92
2024-12-28T11:00,27.0,33,409.0,311.7,221.0,3.72
2024-12-28T12:00,28.0,33,508.0,383.2,246.0,3.64
2024-12-28T13:00,27.7,37,366.0,114.4,285.0,4.37
2024-12-28T14:00,27.3,42,381.0,146.8,282.0,5.02
2024-12-28T15:00,26.7,45,258.0,107.7,195.0,4.78
2024-12-28T16:00,27.0,46,310.0,381.5,140.0,4.60
2024-12-28T17:00,26.3,48,174.0,330.5,86.0,5.02
2024-12-28T18:00,25.4,51,32.0,94.8,22.0,4.84
2024-12-28T19:00,25.0,51,0.0,0.0,0.0,4.67
2024-12-28T20:00,24.9,50,0.0,0.0,0.0,4.25
2024-12-28T21:00,24.8,49,0.0,0.0,0.0,3.80
2024-12-28T22:00,24.7,50,0.0,0.0,0.0,3.66
2024-12-28T23:00,24.4,50,0.0,0.0,0.0,3.41
2024-12-29T00:00,24.4,48,0.0,0.0,0.0,3.39
2024-12-29T01:00,24.1,46,0.0,0.0,0.0,3.18
2024-12-29T02:00,23.8,45,0.0,0.0,0.0,3.06
2024-12-29T03:00,23.5,46,0.0,0.0,0.0,2.85
2024-12-29T04:00,23.4,44,0.0,0.0,0.0,2.69
2024-12-29T05:00,23.0,46,0.0,0.0,0.0,2.92
2024-12-29T06:00,22.7,49,0.0,0.0,0.0,2.86
2024-12-29T07:00,22.5,50,0.0,0.0,0.0,2.78
2024-12-29T08:00,23.1,48,49.0,139.1,32.0,2.76
2024-12-29T09:00,24.6,45,215.0,417.7,91.0,3.01
2024-12-29T10:00,25.9,48,387.0,531.0,137.0,3.77
2024-12-29T11:00,26.9,46,551.0,685.1,138.0,4.03
2024-12-29T12:00,27.8,45,651.0,741.2,144.0,3.89
2024-12-29T13:00,27.9,45,681.0,754.7,146.0,4.34
2024-12-29T14:00,27.6,46,641.0,738.6,142.0,4.85
2024-12-29T15:00,27.0,47,535.0,685.5,133.0,5.09
2024-12-29T16:00,26.4,51,377.0,587.6,114.0,5.06
2024-12-29T17:00,25.7,52,190.0,406.0,81.0,4.82
2024-12-29T18:00,25.2,53,33.0,103.1,22.0,4.59
2024-12-29T19:00,25.1,53,0.0,0.0,0.0,4.51
2024-12-29T20:00,25.0,53,0.0,0.0,0.0,4.09
2024-12-29T21:00,24.8,52,0.0,0.0,0.0,3.73
2024-12-29T22:00,24.5,53,0.0,0.0,0.0,3.50
2024-12-29T23:00,24.4,53,0.0,0.0,0.0,3.32
2024-12-30T00:00,24.1,55,0.0,0.0,0.0,3.26
2024-12-30T01:00,23.8,57,0.0,0.0,0.0,3.36
2024-12-30T02:00,23.3,58,0.0,0.0,0.0,3.13
2024-12-30T03:00,22.7,56,0.0,0.0,0.0,2.76
2024-12-30T04:00,22.8,48,0.0,0.0,0.0,2.44
2024-12-30T05:00,22.4,46,0.0,0.0,0.0,2.33
2024-12-30T06:00,22.1,47,0.0,0.0,0.0,2.24
2024-12-30T07:00,21.8,48,0.0,0.0,0.0,2.06
2024-12-30T08:00,22.4,46,48.0,139.8,31.0,2.49
2024-12-30T09:00,24.0,44,217.0,432.6,89.0,2.61
2024-12-30T10:00,25.4,47,399.0,578.5,127.0,3.66
2024-12-30T11:00,26.2,43,548.0,650.4,156.0,3.97
2024-12-30T12:00,27.0,40,642.0,683.8,174.0,4.32
2024-12-30T13:00,27.2,38,676.0,704.5,176.0,5.13
2024-12-30T14:00,26.8,40,616.0,602.8,208.0,5.55
2024-12-30T15:00,26.3,41,516.0,564.5,184.0,5.69
2024-12-30T16:00,25.6,46,355.0,458.2,149.0,5.26
2024-12-30T17:00,25.0,46,172.0,229.1,110.0,5.59
2024-12-30T18:00,24.6,48,28.0,18.5,26.0,5.37
2024-12-30T19:00,24.3,51,0.0,0.0,0.0,5.13
2024-12-30T20:00,23.9,53,0.0,0.0,0.0,4.86
2024-12-30T21:00,23.5,55,0.0,0.0,0.0,4.41
2024-12-30T22:00,23.2,57,0.0,0.0,0.0,4.30
2024-12-30T23:00,22.9,59,0.0,0.0,0.0,4.20
2024-12-31T00:00,22.5,62,0.0,0.0,0.0,4.00
2024-12-31T01:00,21.9,63,0.0,0.0,0.0,3.70
2024-12-31T02:00,21.4,63,0.0,0.0,0.0,3.40
2024-12-31T03:00,20.8,63,0.0,0.0,0.0,3.31
2024-12-31T04:00,21.0,62,0.0,0.0,0.0,3.77
2024-12-31T05:00,20.6,61,0.0,0.0,0.0,3.70
2024-12-31T06:00,20.2,61,0.0,0.0,0.0,3.62
2024-12-31T07:00,20.0,61,0.0,0.0,0.0,3.59
2024-12-31T08:00,20.3,59,45.0,99.1,33.0,3.38
2024-12-31T09:00,21.9,51,219.0,433.9,91.0,3.20
2024-12-31T10:00,23.7,48,423.0,651.5,117.0,3.67
2024-12-31T11:00,25.0,45,577.0,725.1,140.0,4.53
2024-12-31T12:00,25.6,43,675.0,768.1,149.0,5.61
2024-12-31T13:00,25.6,43,706.0,776.8,154.0,6.28
2024-12-31T14:00,25.5,41,656.0,723.9,165.0,6.31
2024-12-31T15:00,25.2,42,543.0,645.8,162.0,6.58
2024-12-31T16:00,24.8,44,391.0,599.9,120.0,6.66
2024-12-31T17:00,24.2,44,195.0,381.0,91.0,6.54
2024-12-31T18:00,23.7,45,37.0,110.1,25.0,6.34
2024-12-31T19:00,23.5,45,0.0,0.0,0.0,5.79
2024-12-31T20:00,23.3,47,0.0,0.0,0.0,5.28
2024-12-31T21:00,23.1,49,0.0,0.0,0.0,5.23
2024-12-31T22:00,22.7,53,0.0,0.0,0.0,4.97
2024-12-31T23:00,22.5,55,0.0,0.0,0.0,4.66
